Frame,Timestamp,Rep Duration,Left Shoulder X,Left Shoulder Y,Left Elbow X,Left Elbow Y,Left Wrist X,Left Wrist Y,Right Shoulder X,Right Shoulder Y,Right Elbow X,Right Elbow Y,Right Wrist X,Right Wrist Y,Left Elbow Angle,Right Elbow Angle,Left Shoulder Angle,Right Shoulder Angle,Torso Angle,Left Angular Velocity,Right Angular Velocity,Left Wrist Velocity,Right Wrist Velocity,Left Elbow Velocity,Right Elbow Velocity,Left Elbow Drift,Right Elbow Drift,Rep Tempo,Rep Min Angle,Rep Max Angle,Rep ROM
2243,90.50140047073364,0.0,0.550492525100708,0.42774179577827454,0.5865760445594788,0.6548894643783569,0.6411225199699402,0.5635768175125122,0.3362322449684143,0.44075241684913635,0.2982150912284851,0.6732268929481506,0.18620342016220093,0.6233309507369995,39.87867749708338,75.2767896102257,14.154590127289149,14.762154598936998,175.50557467144083,-76.97626149520342,-52.7954158818478,0.1891768093565533,0.10961937682364994,0.028432461114014096,0.05213177725040968,0.0008967371269386661,0.0016441946395803558,6.463174819946289,10.020941075064773,150.5982437370572,140.57730266199243
2244,90.53308653831482,0.03168606758117676,0.5507355332374573,0.4277137815952301,0.5865538716316223,0.6554469466209412,0.6415410041809082,0.5618516206741333,0.33647316694259644,0.44046369194984436,0.29874950647354126,0.674357533454895,0.1852404773235321,0.6234790682792664,39.372553230609896,75.01858635734469,14.072867544204346,14.582927148077204,175.49989570702442,-15.97308549496846,-8.148794488919293,0.05602549553504751,0.030747513319371235,0.017607833870479744,0.039467785221292,0.0005579230139781542,0.0012505789098012274,6.463174819946289,10.020941075064773,150.5982437370572,140.57730266199243
2245,90.57776641845703,0.07636594772338867,0.5502948760986328,0.4262341856956482,0.5864719152450562,0.6552993655204773,0.6367851495742798,0.5550133585929871,0.33639633655548096,0.4380762279033661,0.298700213432312,0.6745490431785583,0.18664643168449402,0.6135813593864441,35.61759098192284,70.50700674551192,14.23646933870649,13.955674294504176,175.8588721194819,-84.04145751365851,-100.9756426712165,0.18642540270791386,0.22374874300623837,0.0037782248863200145,0.004425970009267068,0.00016881063507110048,0.00019775180952707712,6.463174819946289,10.020941075064773,150.5982437370572,140.57730266199243
2246,90.6094229221344,0.10802245140075684,0.5491251945495605,0.42545610666275024,0.5862550139427185,0.655082106590271,0.636987566947937,0.5386037230491638,0.33587974309921265,0.43640053272247314,0.29818978905677795,0.6746794581413269,0.19134530425071716,0.5970246195793152,32.72074773464601,62.9785887820476,14.267313485641795,13.897598324475156,176.00146207479992,-91.50862889978072,-237.81583841953218,0.5184048150299693,0.5436673749033711,0.00969777811959782,0.016641815764828167,0.0003069977487053489,0.0005268217019573664,6.463174819946289,10.020941075064773,150.5982437370572,140.57730266199243
2247,90.64092135429382,0.13952088356018066,0.5482445955276489,0.4248172640800476,0.5860872268676758,0.6548050045967102,0.6370463967323303,0.5356523990631104,0.33550798892974854,0.43533316254615784,0.2978666126728058,0.6747782230377197,0.19373872876167297,0.5939323306083679,32.49925470732297,61.10781927054259,14.2835415283192,13.85905241172168,176.13065876537962,-7.031874672427943,-59.39246442605257,0.09371610149756068,0.12414384737348177,0.010284365199941213,0.010728507837836422,0.0003239413795530876,0.0003379311763019373,6.463174819946289,10.020941075064773,150.5982437370572,140.57730266199243
2248,90.67206192016602,0.17066144943237305,0.5476716160774231,0.4243958592414856,0.5859842300415039,0.654649019241333,0.6370881795883179,0.5344834923744202,0.3352411687374115,0.4346984624862671,0.29759764671325684,0.674843966960907,0.19500556588172913,0.5931879878044128,32.48615015060716,60.39150055431227,14.294455721809337,13.844409895444342,176.21400109543362,-0.4208194793117638,-23.002752074905953,0.03756043561682105,0.04718370348620051,0.006002519313805457,0.008891436487804244,0.00018692184809066586,0.0002768843636468829,6.463174819946289,10.020941075064773,150.5982437370572,140.57730266199243
2249,90.70306062698364,0.20166015625,0.5476115345954895,0.4243888854980469,0.5855230093002319,0.6564902663230896,0.6342455148696899,0.5247301459312439,0.3347565233707428,0.433642715215683,0.29679474234580994,0.6720412969589233,0.19515512883663177,0.5713498592376709,29.57025936396045,54.316125287541766,14.109535120363875,14.04263499926971,177.17700004632806,-94.06491708836808,-195.9880230653956,0.3277284745832648,0.7045016698820386,0.061232706385191044,0.09404940218874126,0.001898134712884371,0.002915409844821873,6.463174819946289,10.020941075064773,150.5982437370572,140.57730266199243
2250,90.73406219482422,0.23266172409057617,0.547568678855896,0.424370676279068,0.5852084755897522,0.6575847268104553,0.6329339742660522,0.5229895710945129,0.33440297842025757,0.4329012930393219,0.2961988151073456,0.6704838871955872,0.1952679306268692,0.5673524737358093,28.69201548173789,53.51733961233282,13.989486332407923,14.172775275035923,177.61823870455413,-28.329015059460197,-25.76597671823108,0.07029933851466758,0.12899272631896203,0.036732348196436414,0.05378855198346764,0.0011387603845554892,0.00166752944336183,6.463174819946289,10.020941075064773,150.5982437370572,140.57730266199243
2251,90.76505923271179,0.2636587619781494,0.547573447227478,0.4235803484916687,0.5855693817138672,0.6584341526031494,0.6308922171592712,0.5110852718353271,0.33479610085487366,0.43272683024406433,0.29573631286621094,0.6697816848754883,0.19991591572761536,0.5491653084754944,26.28729628990162,47.82104615500085,13.895540604845433,14.271414855688679,177.97759868079152,-77.5789996630719,-183.7689613437425,0.38965418030448684,0.6055965969714296,0.029774389422773412,0.027126165907375033,0.0009229178770170675,0.0008408307923755015,6.463174819946289,10.020941075064773,150.5982437370572,140.57730266199243
2252,90.79606008529663,0.2946596145629883,0.5476704239845276,0.42217016220092773,0.585957407951355,0.6583086848258972,0.6284434795379639,0.4953860342502594,0.3356901705265045,0.4327426254749298,0.2951280474662781,0.6691967844963074,0.205379918217659,0.5267289280891418,23.825440967868428,41.94298507078039,13.87790762614614,14.53875335992086,178.1119764208087,-79.41250374633807,-189.6096588999994,0.5125363776848166,0.7448869469751344,0.01315470173146931,0.027220456644562,0.0004078069691748047,0.0008438573637300642,6.463174819946289,10.020941075064773,150.5982437370572,140.57730266199243
2253,90.82694673538208,0.3255462646484375,0.5474857687950134,0.41966718435287476,0.5859448313713074,0.6587321162223816,0.6232492923736572,0.47589346766471863,0.33700960874557495,0.4327670633792877,0.2949908673763275,0.6676681041717529,0.2147391140460968,0.5075080990791321,20.670781843756572,36.755903809305366,13.731653156076977,14.775468302515154,178.17119057860785,-102.13665500740152,-167.93926331035394,0.6531218896660856,0.692155754215799,0.013715249995270622,0.049692118887994026,0.0004236181274383827,0.0015348230880980135,6.463174819946289,10.020941075064773,150.5982437370572,140.57730266199243
2254,90.85862803459167,0.3572275638580322,0.5474530458450317,0.4179525077342987,0.5856807231903076,0.6594491600990295,0.6220172643661499,0.4711696207523346,0.3379461467266083,0.43274232745170593,0.29496511816978455,0.6665493845939636,0.21839535236358643,0.5038734078407288,19.91835279438295,35.62229497625954,13.569651368966394,14.913633887173953,178.21692498139592,-23.749942967798074,-35.78163968422456,0.1540930088374608,0.16272969772403226,0.024119490713917002,0.03532102208712315,0.0007641368020906461,0.0011190158691308525,6.463174819946289,10.020941075064773,150.5982437370572,140.57730266199243
2255,90.88993406295776,0.3885335922241211,0.5470035672187805,0.41542017459869385,0.5858923196792603,0.6585596203804016,0.6186168789863586,0.4681567847728729,0.33814242482185364,0.43264296650886536,0.2949528098106384,0.6662281155586243,0.22737979888916016,0.4964686334133148,18.839315186160054,32.18071303779141,13.368212645438332,15.081997633401537,178.80704228931026,-34.46740658395768,-109.93352137239152,0.14511916883840217,0.3718975611623883,0.029207150347322974,0.01026973853518739,0.0009143598772659153,0.00032150472589489234,6.463174819946289,10.020941075064773,150.5982437370572,140.57730266199243
2256,90.92093420028687,0.41953372955322266,0.5470002889633179,0.4137522578239441,0.5864475965499878,0.6587558388710022,0.6177808046340942,0.4658498167991638,0.3394063115119934,0.4328397214412689,0.2950415015220642,0.6660338044166565,0.23075847327709198,0.49411261081695557,18.372357441776778,31.2729703760323,13.336712712983338,15.252073247253989,179.02839477934478,-15.063086315585977,-29.28189162913686,0.07915440335870254,0.1328708572191975,0.018997536022633665,0.006890147043316005,0.0005889262256161975,0.00021359550456049925,6.463174819946289,10.020941075064773,150.5982437370572,140.57730266199243
2257,90.9519350528717,0.4505345821380615,0.5469577312469482,0.41197440028190613,0.5864571928977966,0.6585230231285095,0.616773247718811,0.4651745855808258,0.34029507637023926,0.4328487515449524,0.29509732127189636,0.6656283140182495,0.23208920657634735,0.4928436577320099,18.01312193180373,31.023163855485286,13.265448037305076,15.355953425142697,179.0947617990484,-11.58792355758412,-8.058053237838498,0.03912448741113415,0.059313687300088506,0.0075163556265449806,0.013203328362258755,0.00023301343275374512,0.00040931443618760565,6.463174819946289,10.020941075064773,150.5982437370572,140.57730266199243
2258,90.98256778717041,0.4811673164367676,0.5453805923461914,0.41173437237739563,0.5866456627845764,0.6586217284202576,0.6137064099311829,0.46786192059516907,0.34002527594566345,0.43265438079833984,0.2902962863445282,0.6649017333984375,0.23479363322257996,0.49271541833877563,17.562754754731035,29.95196522005611,13.424264335596082,16.50851334182144,179.51665663931956,-14.702153999087173,-34.96908323572097,0.13311427331051567,0.08838471164628349,0.006945266896599893,0.1585135489258772,0.00021275251547714328,0.004855703426991339,6.463174819946289,10.020941075064773,150.5982437370572,140.57730266199243
2259,91.01358270645142,0.5121822357177734,0.5448874831199646,0.4114203453063965,0.5891830325126648,0.6586083769798279,0.6122764348983765,0.4685402810573578,0.33639225363731384,0.43260571360588074,0.2875936031341553,0.6652187705039978,0.23974280059337616,0.4870389699935913,17.086967028878696,26.880259583010673,13.988659595078204,16.778916159701172,179.52941497479347,-15.340608226045596,-99.03961410361009,0.05103091328958033,0.24281939919201603,0.08181239589797,0.0877388912489512,0.0025374048549612342,0.002721214629891173,6.463174819946289,10.020941075064773,150.5982437370572,140.57730266199243
2260,91.06139016151428,0.5599896907806396,0.5453737378120422,0.41225531697273254,0.5900526642799377,0.6601524949073792,0.6068447828292847,0.46830272674560547,0.33597517013549805,0.4325484335422516,0.28544989228248596,0.6657009124755859,0.24024775624275208,0.482308954000473,15.21903595148462,26.073390275508274,14.074506643935312,17.13867220346056,179.5335026815642,-39.07196220626614,-16.87747876228459,0.11372377636918081,0.09950107248337847,0.03706874589535157,0.045960640842739986,0.0017721624036288266,0.002197261271749825,6.463174819946289,10.020941075064773,150.5982437370572,140.57730266199243
2261,91.09154939651489,0.59014892578125,0.5455847978591919,0.41292160749435425,0.5907371044158936,0.6617669463157654,0.605013906955719,0.46837297081947327,0.33562415838241577,0.43254247307777405,0.2842964828014374,0.6664270162582397,0.2406264841556549,0.47989752888679504,14.506325238629039,25.554434757247577,14.134608179870812,17.300339521477163,179.55738006362742,-23.631591213807596,-17.207184408032703,0.060751636549327366,0.0809365562187754,0.058142807663666016,0.04519115670772793,0.001753542599923792,0.0013629307150977753,6.463174819946289,10.020941075064773,150.5982437370572,140.57730266199243
2262,91.12354946136475,0.6221489906311035,0.5457029938697815,0.4134119153022766,0.5912815928459167,0.6636092662811279,0.6043435335159302,0.4691876471042633,0.3352839946746826,0.4325339198112488,0.28350695967674255,0.6671396493911743,0.24098262190818787,0.47873708605766296,14.16795041570564,25.16465972286245,14.144132057428287,17.39421068738912,179.5984809610296,-10.574191787144072,-12.180445140157648,0.032969764295300505,0.0379331196808454,0.06003413373780432,0.03323666558489084,0.0019210961728145172,0.0010635754541094015,6.463174819946289,10.020941075064773,150.5982437370572,140.57730266199243
2263,91.15354895591736,0.6521484851837158,0.5461069345474243,0.41377586126327515,0.591403603553772,0.6661600470542908,0.6029800176620483,0.470247358083725,0.3350679874420166,0.43251097202301025,0.2831326127052307,0.6679517030715942,0.24404802918434143,0.47804564237594604,13.556494568772742,24.06920527129815,13.992581668905276,17.412024022737135,179.59472868605684,-20.38220496883851,-36.51576361205427,0.057564102768095746,0.10474916541040562,0.08512467274134829,0.02980666924331634,0.002553697156196983,0.0008941850115963852,6.463174819946289,10.020941075064773,150.5982437370572,140.57730266199243
2264,91.18454909324646,0.6831486225128174,0.5464180707931519,0.4138607680797577,0.5915054082870483,0.6677411198616028,0.6021952629089355,0.47092005610466003,0.3349438011646271,0.43249890208244324,0.282919317483902,0.6686345934867859,0.24515099823474884,0.4776758849620819,13.17915283766962,23.612411977541225,13.890347553940389,17.407770164721967,179.5919955174289,-12.172259983793383,-14.735202264026956,0.0333423134955416,0.03752556231119596,0.05110774143110335,0.0230781515257916,0.0015843470029444176,0.0007154258666013544,6.463174819946289,10.020941075064773,150.5982437370572,140.57730266199243
2265,91.21554899215698,0.7141485214233398,0.5464290380477905,0.4138886332511902,0.5916454792022705,0.6675947904586792,0.6021451950073242,0.47092801332473755,0.33414626121520996,0.43245792388916016,0.2829180061817169,0.6686475872993469,0.2484678328037262,0.47770196199417114,13.16138694625207,22.464806720534863,13.786126625218524,17.328679551323642,179.55259959809965,-0.5730951403689288,-37.01964513880475,0.0016353689866198298,0.10699831912645384,0.006534342404229968,0.0004212856180444759,0.0002025639539778693,1.305981157183573e-05,6.463174819946289,10.020941075064773,150.5982437370572,140.57730266199243
2266,91.24654865264893,0.7451481819152832,0.5464116334915161,0.4139084815979004,0.5917486548423767,0.6674737930297852,0.6021767854690552,0.47023847699165344,0.33339494466781616,0.432434618473053,0.28292927145957947,0.668653130531311,0.2498965561389923,0.4774976372718811,13.163759578218643,21.863567735578723,13.74529589964492,17.25133684847679,179.510608691755,0.07653735327808842,-19.39501837810123,0.022266682490312686,0.046557278867073185,0.005129554078601797,0.00040501199062178614,0.00015901443491171904,1.2555234204441518e-05,6.463174819946289,10.020941075064773,150.5982437370572,140.57730266199243
2267,91.29366779327393,0.7922673225402832,0.5463966727256775,0.4173036813735962,0.5917197465896606,0.6684896945953369,0.6015555262565613,0.47010156512260437,0.33250507712364197,0.4325394928455353,0.2828879952430725,0.668660581111908,0.25136882066726685,0.47416868805885315,13.066498276299438,21.072406160644494,13.871823757494488,17.13295356467241,179.46423136786996,-2.0641569567930906,-16.790662232801044,0.013501233966322298,0.07725059295304232,0.021569000877707772,0.0008901533670541685,0.001016312785497461,4.1943261680042606e-05,6.463174819946289,10.020941075064773,150.5982437370572,140.57730266199243
2268,91.32565426826477,0.8242537975311279,0.5463775396347046,0.41928961873054504,0.5916939377784729,0.669065535068512,0.6010764837265015,0.46980956196784973,0.3319240212440491,0.43260127305984497,0.2828637361526489,0.6686648726463318,0.2521621584892273,0.47268643975257874,12.979163151342728,20.64393174634765,13.950002068958616,17.042097934416844,179.42900928794026,-2.73037666644126,-13.395487136969074,0.017539403658057517,0.05255982164375886,0.018020696266041917,0.0007701930684316956,0.0005764185504313587,2.463576132151239e-05,6.463174819946289,10.020941075064773,150.5982437370572,140.57730266199243
2269,91.35623216629028,0.8548316955566406,0.5463541150093079,0.4205342233181,0.5916783213615417,0.6694660782814026,0.6007794141769409,0.4694821536540985,0.3315224051475525,0.4326329529285431,0.28285253047943115,0.6686686873435974,0.2525635361671448,0.47216519713401794,12.924758685212588,20.413524244089093,14.002909664655482,16.96466910355291,179.3945614701476,-1.779208828701966,-7.53509943902348,0.014457937544871721,0.021514682841068933,0.01310906080370672,0.00038711582847360796,0.0004008475244659896,1.1837188327127847e-05,6.463174819946289,10.020941075064773,150.5982437370572,140.57730266199243
2270,91.3876485824585,0.8862481117248535,0.5465187430381775,0.42112553119659424,0.5916485786437988,0.6700038313865662,0.6003789901733398,0.4695853888988495,0.3308013677597046,0.4323682188987732,0.28286781907081604,0.669049859046936,0.25302261114120483,0.4727175831794739,12.772211851850985,20.09245239686653,14.07903662420923,16.725244014135505,179.2036981877883,-4.855640839006637,-10.219875032958804,0.013162472451525367,0.02286218727410815,0.01714310753364166,0.012142638633758782,0.0005385750006933121,0.0003814781886983859,6.463174819946289,10.020941075064773,150.5982437370572,140.57730266199243
2271,91.41821241378784,0.9168119430541992,0.5465505719184875,0.4215622842311859,0.5915994048118591,0.67051762342453,0.6000776886940002,0.4696173369884491,0.32993465662002563,0.43223845958709717,0.2828908860683441,0.6695523858070374,0.2531479597091675,0.473104327917099,12.673300135014262,19.82202114195046,14.122685492893249,16.525027174771374,179.13953696573725,-3.2362342198163176,-8.848080988341794,0.009913368770569754,0.0133017043830852,0.01688727517016185,0.016459189526766744,0.0005161398299130746,0.0005030558925138321,6.463174819946289,10.020941075064773,150.5982437370572,140.57730266199243
2272,91.44898343086243,0.9475829601287842,0.5456114411354065,0.4217780828475952,0.5909926295280457,0.6703957915306091,0.6000973582267761,0.4695594012737274,0.3294030725955963,0.4321712255477905,0.28275859355926514,0.6687164902687073,0.25288406014442444,0.4708523452281952,12.940216201945846,19.741024407015527,14.111976037212353,16.551640225304485,179.23773779956878,8.67426859127256,-2.6322410708300406,0.001988352801599619,0.07368598029614129,0.020112610938321313,0.02750313351040386,0.0006188854945975694,0.000846299390853227,6.463174819946289,10.020941075064773,150.5982437370572,140.57730266199243
2273,91.4803729057312,0.9789724349975586,0.5447857975959778,0.42191779613494873,0.5905228853225708,0.6702731847763062,0.6000904440879822,0.46923938393592834,0.32895275950431824,0.43212026357650757,0.2826608717441559,0.6682198643684387,0.2527380585670471,0.4701354205608368,13.159419196850179,19.68342372470438,14.133886490508244,16.551992997176516,179.2882283571076,6.983327877281275,-1.8350317280537545,0.010197431533373094,0.023308457437323023,0.015466370253949807,0.016124800734752073,0.00048548124039751766,0.0005061490274274954,6.463174819946289,10.020941075064773,150.5982437370572,140.57730266199243
2274,91.52767586708069,1.026275396347046,0.5440791249275208,0.4218088984489441,0.5903230309486389,0.6702183485031128,0.6001430749893188,0.46753230690956116,0.32895714044570923,0.43202412128448486,0.28250306844711304,0.6682519912719727,0.252655565738678,0.4704589247703552,13.319253846026688,19.706563496302408,14.177765422641686,16.58185963721307,179.31454531384026,3.378956509627537,0.4891823035573946,0.036105311733951345,0.0070578312083913195,0.004381139929952162,0.0034044470032836005,0.00020724089277322265,0.00016104042501270202,6.463174819946289,10.020941075064773,150.5982437370572,140.57730266199243
2275,91.55749177932739,1.05609130859375,0.5435119271278381,0.4216964840888977,0.5901327133178711,0.6701797246932983,0.6001847982406616,0.46640023589134216,0.32895591855049133,0.43191277980804443,0.28236591815948486,0.6682678461074829,0.25256747007369995,0.47071653604507446,13.450388741426643,19.728882198751922,14.209221499208011,16.602647970863295,179.32819465860052,4.39815137349857,0.7485500448499977,0.03799446474763598,0.009131298458841471,0.006513210759144092,0.004630536530180852,0.00019419732043892925,0.00013806367083902998,6.463174819946289,10.020941075064773,150.5982437370572,140.57730266199243
2276,91.58966755867004,1.0882670879364014,0.542822003364563,0.42014673352241516,0.5900152921676636,0.6663379073143005,0.6016290187835693,0.46330103278160095,0.32883220911026,0.43190664052963257,0.28200095891952515,0.6683117151260376,0.25249823927879333,0.47090256214141846,14.125352984662534,19.705002226411377,14.363067085348938,16.67008579488009,179.5453331076887,20.977401543190478,-0.7421723056414142,0.10626583312983236,0.006168951889179627,0.11945666791233707,0.011424319008786148,0.0038436113877557397,0.00036758636756676065,6.463174819946289,10.020941075064773,150.5982437370572,140.57730266199243
2277,91.62038064002991,1.1189801692962646,0.5414990782737732,0.421273410320282,0.5900064706802368,0.667322039604187,0.6017701029777527,0.46243444085121155,0.32822975516319275,0.4322637617588043,0.28170129656791687,0.6687567234039307,0.25144079327583313,0.47096043825149536,14.438621463573284,19.8285516627136,14.450859318994956,16.550029113535714,179.74036602647723,10.19983879963728,4.022697522746163,0.028587210543377706,0.03448135480611586,0.03204406012661462,0.017468055271707875,0.0009841718257690658,0.0005364978027585527,6.463174819946289,10.020941075064773,150.5982437370572,140.57730266199243
2278,91.65137934684753,1.1499788761138916,0.5410991907119751,0.42200741171836853,0.589998185634613,0.6690056324005127,0.6020594239234924,0.4624839127063751,0.3274269700050354,0.4322628974914551,0.28105515241622925,0.6695364713668823,0.24817509949207306,0.47108927369117737,14.540600557785178,20.46595814422235,14.522650790132346,16.399194124524584,179.71141561403275,3.289785435626771,20.562357173761075,0.009468786691701116,0.1054313061934072,0.05431236830853768,0.03266827428667101,0.001683613181767333,0.001012674256850336,6.463174819946289,10.020941075064773,150.5982437370572,140.57730266199243
2279,91.68237829208374,1.1809778213500977,0.5411638021469116,0.4227827787399292,0.5904200673103333,0.6711486577987671,0.6033145189285278,0.47125184535980225,0.3271847069263458,0.4322943091392517,0.28010085225105286,0.6710755825042725,0.2444276064634323,0.4751870334148407,14.908206016202312,21.47573680141207,14.550340537992408,16.526028755671735,179.80215364527945,11.858644080179216,32.57461341008216,0.28572933743540246,0.1791337613516151,0.07045907627943554,0.05841983649024128,0.0021841570469798874,0.0018109533120691016,6.463174819946289,10.020941075064773,150.5982437370572,140.57730266199243
2280,91.71337985992432,1.2119793891906738,0.5412484407424927,0.42334166169166565,0.5908240675926208,0.6723935604095459,0.6042788624763489,0.4755123555660248,0.3270731270313263,0.432357519865036,0.27956944704055786,0.6721624135971069,0.24240437150001526,0.4764496386051178,15.167489573000914,21.95705205007,14.597697641912406,16.594039680924116,179.82865238419055,8.363562711794224,15.525513133176641,0.14090526292406488,0.07692771527476337,0.04221772859490934,0.039023529941067885,0.0013088157771101144,0.0012097906108467715,6.463174819946289,10.020941075064773,150.5982437370572,140.57730266199243
2281,91.76139855384827,1.259998083114624,0.5410933494567871,0.4231099784374237,0.5908166170120239,0.6723695993423462,0.605344295501709,0.4758491516113281,0.32694700360298157,0.4323645830154419,0.2784493565559387,0.6715053915977478,0.23715539276599884,0.48051440715789795,15.509365864433336,23.66415390850882,14.535814597326004,16.955911261485667,179.98869602432984,7.1196499424551245,35.550776560946204,0.023270069932881287,0.13825520392586127,0.0005225611925936446,0.027042981972088417,2.509270596368861e-05,0.0012985686741086167,6.463174819946289,10.020941075064773,150.5982437370572,140.57730266199243
2282,91.79137992858887,1.2899794578552246,0.5407617688179016,0.42313438653945923,0.5907968282699585,0.6724433302879333,0.6062251925468445,0.47627097368240356,0.3268061876296997,0.4324779808521271,0.27768322825431824,0.671390175819397,0.23502416908740997,0.48314255475997925,15.84510050151581,24.386945732584376,14.547786482372219,17.155219729634652,179.87682741322922,11.198106824228597,24.108028078404192,0.032576389315962344,0.11285932156041902,0.002546258636146666,0.025840821222588937,7.634033435680375e-05,0.0007747433446793035,6.463174819946289,10.020941075064773,150.5982437370572,140.57730266199243
2283,91.82165598869324,1.3202555179595947,0.5404011011123657,0.42302578687667847,0.5903732776641846,0.6680603623390198,0.609325647354126,0.4761437773704529,0.3271452784538269,0.43310198187828064,0.2777212858200073,0.6715185642242432,0.23312461376190186,0.48606076836586,17.166643941633783,25.23267517922636,14.561217795456459,17.420566805716533,179.96441764897003,43.649782553021744,27.93393340238177,0.10249229315778112,0.11500815579938607,0.1454411639029666,0.004422975479907978,0.004403385419975763,0.0001339102714698492,6.463174819946289,10.020941075064773,150.5982437370572,140.57730266199243
2284,91.85367798805237,1.3522775173187256,0.5404902696609497,0.4230384826660156,0.5903615951538086,0.6611806750297546,0.6182241439819336,0.4692956209182739,0.32969874143600464,0.43369242548942566,0.2792498469352722,0.671465277671814,0.22535142302513123,0.487336665391922,20.08970784860893,28.294846237086816,14.75305605737145,17.35721962432049,179.75586592168779,91.28299186420588,95.62710383938908,0.3506513359237186,0.2459936374270627,0.21484283823858008,0.0477637144577832,0.006879697228389666,0.001529489633756843,6.463174819946289,10.020941075064773,150.5982437370572,140.57730266199243
2285,91.8866753578186,1.385274887084961,0.5405756235122681,0.42304474115371704,0.5902997255325317,0.6573055386543274,0.6215466260910034,0.46634143590927124,0.3312775194644928,0.4340946078300476,0.2803071439266205,0.671358048915863,0.2223963439464569,0.488118439912796,21.276510747472997,29.662905308191803,14.851252525204416,17.314570121055723,179.5774318635653,35.966590891085666,41.459639989392656,0.13473521863884802,0.09263588979246211,0.11745270214458725,0.03220621952070283,0.0038756302427084494,0.0010627205342971784,6.463174819946289,10.020941075064773,150.5982437370572,140.57730266199243
2286,91.91667795181274,1.4152774810791016,0.5406510233879089,0.4230603873729706,0.5902332663536072,0.6552679538726807,0.6229175329208374,0.46474185585975647,0.3322232961654663,0.4344380795955658,0.28093230724334717,0.6713082194328308,0.2212129384279251,0.4885074198246002,21.78730255197946,30.30973624995844,14.884241034369051,17.309362145254,179.4103506185434,17.024921398670386,21.55916724710406,0.07021613052079094,0.04151954932445359,0.06794973566795763,0.020903060439222028,0.0020386683312549085,0.0006271460355929613,6.463174819946289,10.020941075064773,150.5982437370572,140.57730266199243
2287,91.94667434692383,1.4452738761901855,0.5407095551490784,0.4225073754787445,0.5891155004501343,0.6538620591163635,0.6237638592720032,0.46982118487358093,0.3331136107444763,0.43434208631515503,0.2834116816520691,0.6705877780914307,0.2167275846004486,0.49314770102500916,22.479387581993667,32.47757938952941,14.696896080105429,16.844534161812344,178.8486303721409,23.07227343323239,72.2701221777789,0.17166577708104697,0.21515012872710096,0.0598768745728854,0.08607448690617714,0.0017960903877050887,0.0025819243182215144,6.463174819946289,10.020941075064773,150.5982437370572,140.57730266199243
2288,91.99367570877075,1.4922752380371094,0.5417724251747131,0.4225211441516876,0.5878334641456604,0.6542283296585083,0.6284371614456177,0.4822646975517273,0.3335588872432709,0.434343546628952,0.28464528918266296,0.6704260110855103,0.21070799231529236,0.4992048442363739,24.528484527351676,35.061229299564964,14.240487458000686,16.647086202280022,179.20871788302614,43.5965441178407,54.9696819094328,0.28280311508990874,0.18168798752195012,0.02836791983855401,0.02647091045107798,0.001333330865176406,0.0012441688405286338,6.463174819946289,10.020941075064773,150.5982437370572,140.57730266199243
2289,92.0234305858612,1.5220301151275635,0.5424085855484009,0.4225315749645233,0.5868315696716309,0.6545282602310181,0.6302261352539062,0.48759809136390686,0.33383601903915405,0.4343438446521759,0.2853928208351135,0.6703315377235413,0.20861712098121643,0.5019290447235107,25.41172590325179,36.10896334026517,13.910218733145763,16.529739266748084,179.46787376362062,29.683919487050158,35.21217841079027,0.18905925225437928,0.11541285791645203,0.03514803483470964,0.02532283338612344,0.0010458254564777846,0.0007534777949861507,6.463174819946289,10.020941075064773,150.5982437370572,140.57730266199243
2290,92.05643153190613,1.5550310611724854,0.5424715280532837,0.42230942845344543,0.5867015719413757,0.6548683643341064,0.6330149173736572,0.49156951904296875,0.334152489900589,0.4344412386417389,0.28682956099510193,0.6703779697418213,0.2040141522884369,0.5104864835739136,26.60231141276674,38.723376678351855,13.809211402335654,16.232593735545898,179.54612445635058,36.077314507720146,79.22237545941462,0.14704994167221858,0.29444141321687106,0.01103307532938751,0.043559061862090465,0.0003641019236546759,0.0014374902502782617,6.463174819946289,10.020941075064773,150.5982437370572,140.57730266199243
2291,92.08643102645874,1.5850305557250977,0.5427303314208984,0.42185357213020325,0.5855189561843872,0.6550122499465942,0.6363773345947266,0.5046905279159546,0.33412784337997437,0.43444377183914185,0.2872731685638428,0.6721422076225281,0.20102262496948242,0.5305036306381226,29.091279883754027,42.49032336017458,13.374693182026366,16.106399580799856,179.86641289069232,82.9670135482517,125.56700497791235,0.45150723601292825,0.6746597627410871,0.039711891924900725,0.060639503902251264,0.0011913366854749878,0.0018191544669886994,6.463174819946289,10.020941075064773,150.5982437370572,140.57730266199243
2292,92.13343691825867,1.6320364475250244,0.5443040728569031,0.4218820631504059,0.584793746471405,0.6551491022109985,0.6382709741592407,0.5262222290039062,0.33289840817451477,0.4344293475151062,0.28783005475997925,0.6742866635322571,0.1952020227909088,0.5458019971847534,32.37514104560485,46.43044255459568,12.959829649999751,15.715199783678534,179.5486734266997,69.8606288723989,83.82181559689587,0.4598319366261463,0.34821687015724556,0.015700356556416384,0.0471341809185174,0.0007380092615111792,0.002215584208334001,6.463174819946289,10.020941075064773,150.5982437370572,140.57730266199243
2293,92.16343021392822,1.66202974319458,0.5446531176567078,0.42195332050323486,0.5847755074501038,0.6551772356033325,0.6392678022384644,0.5294878482818604,0.33180224895477295,0.4344344437122345,0.28845274448394775,0.6753544211387634,0.19263812899589539,0.5493776798248291,33.2002740292202,47.45593647806641,12.735367998134606,15.382413184804804,179.29478768202375,27.510580787989092,34.19077165673558,0.11383783696339261,0.14669588069159287,0.0011178611896754407,0.04121127013847077,3.352834117945674e-05,0.001236061810181084,6.463174819946289,10.020941075064773,150.5982437370572,140.57730266199243
2294,92.19442987442017,1.6930294036865234,0.5449023246765137,0.42236238718032837,0.5844096541404724,0.655780017375946,0.6395573019981384,0.530794084072113,0.3315444588661194,0.43431106209754944,0.2888442575931549,0.6766036748886108,0.18988564610481262,0.5491448044776917,33.41515921935081,47.8204711185474,12.587063509654977,15.182506717985342,179.21377961275152,6.931856243601644,11.759310737475028,0.04315956962065353,0.08910796296298888,0.022746062315207753,0.04223164635948221,0.0007051202093000274,0.0013091666991597644,6.463174819946289,10.020941075064773,150.5982437370572,140.57730266199243
2295,92.22603940963745,1.7246389389038086,0.5451706051826477,0.4222230613231659,0.5826505422592163,0.6558372378349304,0.6422325372695923,0.5322482585906982,0.331241637468338,0.43277713656425476,0.2918044924736023,0.6776228547096252,0.1894972026348114,0.5673700571060181,34.85320916413268,52.009285113727685,12.131480025804446,14.385440425324068,178.6150314082268,45.49418189469272,132.51741812672077,0.0963290022369426,0.5767054647638952,0.05568073866837681,0.09904509956312695,0.0017600422698625083,0.003130769562740176,6.463174819946289,10.020941075064773,150.5982437370572,140.57730266199243
2296,92.25704026222229,1.7556397914886475,0.545336127281189,0.42205703258514404,0.5815171003341675,0.6558688879013062,0.6432345509529114,0.533172070980072,0.3309794068336487,0.431894987821579,0.2932204604148865,0.6785419583320618,0.18939243257045746,0.5724226236343384,35.49915740850348,53.07849536485652,11.826730141178027,13.979874511832115,178.42738186069397,20.836467081124866,34.489704700952,0.043962885041966396,0.16301657040687864,0.03657588873557874,0.054453676156939135,0.001133883734851145,0.0016881103872438252,6.463174819946289,10.020941075064773,150.5982437370572,140.57730266199243
2297,92.29004001617432,1.7886395454406738,0.5453449487686157,0.42111292481422424,0.5806213617324829,0.651890754699707,0.6482588648796082,0.548669695854187,0.3309415876865387,0.4304386079311371,0.29353877902030945,0.6789258718490601,0.18786007165908813,0.5867881774902344,41.9264494087396,57.47594211756376,11.74965071076364,13.877006404117914,177.97244697936688,194.76787643871054,133.2569557670054,0.4936921347675842,0.4377926726432499,0.12356853223217168,0.015112678468659246,0.004077731159874705,0.0004987146710218418,6.463174819946289,10.020941075064773,150.5982437370572,140.57730266199243
2298,92.32103943824768,1.819638967514038,0.5456038117408752,0.4206897020339966,0.5806707143783569,0.6503532528877258,0.6559343934059143,0.5579087734222412,0.3309468924999237,0.4304121136665344,0.2936020493507385,0.681229829788208,0.18324248492717743,0.5997087955474854,47.83209678066325,62.015936489382874,11.852232859620495,13.776260257829481,177.5035927383066,190.50830554025003,146.4541616638727,0.38747249503824177,0.4426195529267809,0.04962330251585122,0.07435062891354942,0.0015382936993631104,0.0023048265271111987,6.463174819946289,10.020941075064773,150.5982437370572,140.57730266199243
2299,92.35166764259338,1.8502671718597412,0.5457628965377808,0.4203454256057739,0.5807074308395386,0.6494855880737305,0.658605694770813,0.5605239272117615,0.3309519588947296,0.43039998412132263,0.29366248846054077,0.6826521158218384,0.18147458136081696,0.6030327677726746,49.877604160425626,63.04573408140951,11.91209841286102,13.714527121206727,177.22518725314012,66.78508986927743,33.62252583936124,0.12205413937186868,0.12292179163384445,0.028354300864894422,0.046479042599961544,0.0008684413209695332,0.0014235696145442629,6.463174819946289,10.020941075064773,150.5982437370572,140.57730266199243
2300,92.38300371170044,1.8816032409667969,0.5458911657333374,0.4200475513935089,0.5807378888130188,0.6489195227622986,0.6597301959991455,0.5613202452659607,0.3309500813484192,0.43039000034332275,0.2936718165874481,0.6835438013076782,0.18061336874961853,0.6038001179695129,50.69947642059406,63.180388768366676,11.957815176347246,13.681692797630113,177.04364887045642,26.227675761136858,4.297114819894355,0.04397189005314101,0.0368099412398211,0.018090467416819044,0.02845711991822531,0.0005668841371523803,0.0008917342763452786,6.463174819946289,10.020941075064773,150.5982437370572,140.57730266199243
2301,92.41365361213684,1.9122531414031982,0.5460530519485474,0.42008399963378906,0.5796899795532227,0.6490819454193115,0.6604999899864197,0.5712397694587708,0.33137795329093933,0.43026772141456604,0.2938024401664734,0.6835395097732544,0.17855919897556305,0.618056058883667,54.427956725214045,68.83279009075943,11.801259159753787,13.675805268262438,176.77476504854704,121.64738715404943,184.41826048086207,0.3246127632140423,0.46992568674597346,0.03459789560915243,0.004264094030856341,0.00106042205572953,0.00013069405749720024,6.463174819946289,10.020941075064773,150.5982437370572,140.57730266199243
2302,92.45851373672485,1.957113265991211,0.546450674533844,0.42132097482681274,0.5800734162330627,0.6493569612503052,0.667502224445343,0.5960092544555664,0.33159205317497253,0.43030425906181335,0.29377657175064087,0.683503270149231,0.17547640204429626,0.632419764995575,66.99664060126578,75.13908985073064,11.929717771635207,13.779070347144383,176.64325221677473,280.17496588518793,140.57695599125353,0.5737883110312363,0.327480207568727,0.010518603537923336,0.0009925319849224132,0.000471865865203152,4.452510850120699e-05,6.463174819946289,10.020941075064773,150.5982437370572,140.57730266199243
2303,92.49136352539062,1.9899630546569824,0.5467938780784607,0.4220622181892395,0.5804436206817627,0.6494691371917725,0.6699572205543518,0.6014010906219482,0.3318023979663849,0.43032848834991455,0.2937474250793457,0.6834728717803955,0.1738588809967041,0.6357092261314392,70.18164226822866,76.82684932272173,12.030804287712634,13.873084902552245,176.57539582567554,96.95653446567083,51.37809223563383,0.18034918847064452,0.11158798354053646,0.011775617451654447,0.0012820174810316517,0.00038682654469581916,4.211400331771446e-05,6.463174819946289,10.020941075064773,150.5982437370572,140.57730266199243
2304,92.53727197647095,2.0358715057373047,0.5471219420433044,0.4225342869758606,0.5807956457138062,0.6495262384414673,0.6711909770965576,0.602301836013794,0.3319682478904724,0.4303695559501648,0.29368382692337036,0.6834485530853271,0.17277692258358002,0.6362747550010681,70.85464570500118,77.28812080613811,12.103084982321453,13.975289995935222,176.5596896512266,14.659685111027141,10.047637691137378,0.033274460799841914,0.02659298399692303,0.007768201553096151,0.0014831493949141721,0.0003566261009823981,6.808909144122684e-05,6.463174819946289,10.020941075064773,150.5982437370572,140.57730266199243
2305,92.56690812110901,2.065507650375366,0.5473616123199463,0.42368605732917786,0.5808239579200745,0.6520058512687683,0.6767615675926208,0.6080371737480164,0.3318011462688446,0.4311756193637848,0.29306650161743164,0.6850706338882446,0.17277389764785767,0.6545695662498474,73.71563974362363,84.44634274971304,12.040011671225145,14.123806151238501,176.5646862881223,96.53732202899609,241.53688109558178,0.2697836487221097,0.6173141521033317,0.08367398953640963,0.058562935725615696,0.0024797744563446822,0.0017355796335938472,6.463174819946289,10.020941075064773,150.5982437370572,140.57730266199243
2306,92.59792160987854,2.0965211391448975,0.5479187369346619,0.42653167247772217,0.5821638107299805,0.653213381767273,0.689235508441925,0.6137111783027649,0.33122947812080383,0.4322247803211212,0.2894916236400604,0.6861720681190491,0.1708565205335617,0.6691092848777771,78.34013515651043,91.14899911262256,12.382016853272695,14.96879846562686,176.27198985897894,149.11238936233676,216.1206826074482,0.44186508570775057,0.47287803389669403,0.05815858071431351,0.1206155760969029,0.0018037004898352389,0.00374070981471184,6.463174819946289,10.020941075064773,150.5982437370572,140.57730266199243
2307,92.62894248962402,2.127542018890381,0.5480762124061584,0.4278146028518677,0.5831183195114136,0.6537371873855591,0.6919634938240051,0.6161044239997864,0.33055588603019714,0.4330742657184601,0.28736573457717896,0.687191903591156,0.17011865973472595,0.6729404330253601,79.74409068174765,92.71553972831855,12.635274782123515,15.445075955019286,176.21147943923532,45.258404557067294,50.499554769205766,0.116985225035085,0.12577191398075546,0.03509855371615802,0.0760085651990857,0.0010887880140693273,0.002357852560667572,6.463174819946289,10.020941075064773,150.5982437370572,140.57730266199243
2308,92.66194415092468,2.16054368019104,0.5478003025054932,0.42788201570510864,0.583775520324707,0.6538486480712891,0.6941338181495667,0.6225730180740356,0.3295091986656189,0.4330623745918274,0.28587064146995544,0.6862357258796692,0.17084352672100067,0.6862908005714417,83.22313550612726,99.80719822586377,12.848149564502972,15.758308470621296,176.23966148663533,105.42029362352503,214.88792436650985,0.20674647473549515,0.4051320782701803,0.020198547504236004,0.053776243932621884,0.0006665856235000714,0.0017747053882860157,6.463174819946289,10.020941075064773,150.5982437370572,140.57730266199243
2309,92.6924524307251,2.191051959991455,0.5478277206420898,0.42929211258888245,0.5838183164596558,0.6542176604270935,0.6927622556686401,0.6363688707351685,0.32887423038482666,0.43380987644195557,0.2852266728878021,0.6862195134162903,0.177286759018898,0.7016642093658447,89.78652819718648,107.95372057629666,12.938322961171108,15.897183579011937,176.25944335454315,215.13480058518184,267.0266040474056,0.45442956552273595,0.5463776222500788,0.012176553575867667,0.021114682158430004,0.00037148570349731505,0.0006441726311862139,6.463174819946289,10.020941075064773,150.5982437370572,140.57730266199243
2310,92.72345232963562,2.2220518589019775,0.5478954911231995,0.4303584396839142,0.5839765667915344,0.6546342968940735,0.6921167373657227,0.6406955718994141,0.32859838008880615,0.43461549282073975,0.28479284048080444,0.6862227916717529,0.1788301169872284,0.7043008804321289,91.79468374534282,109.55826012892916,13.024560169479564,16.011032266301985,176.2826147159294,64.77942247336489,51.75950919271756,0.1411162635866927,0.09855379324087438,0.014376765008710452,0.013995038956260386,0.00044567826193036056,0.0004338447928928958,6.463174819946289,10.020941075064773,150.5982437370572,140.57730266199243
2311,92.75545239448547,2.254051923751831,0.5479491949081421,0.43105757236480713,0.5842899084091187,0.6550191044807434,0.6915779709815979,0.6426059603691101,0.3283821940422058,0.43521079421043396,0.2845093607902527,0.6862720847129822,0.1790349781513214,0.7046363353729248,92.61693466521899,109.78913431876907,13.123567854801621,16.08313499775865,176.30384855702295,25.695289173138423,7.214803811279339,0.062028198548821245,0.01228317763422885,0.015507648376095378,0.008991652124066975,0.0004962457537037776,0.0002877334510774663,6.463174819946289,10.020941075064773,150.5982437370572,140.57730266199243
2312,92.78545236587524,2.2840518951416016,0.5479651689529419,0.4310017228126526,0.58456951379776,0.6550175547599792,0.6953301429748535,0.6552578210830688,0.32762661576271057,0.435179203748703,0.2839581370353699,0.6861311197280884,0.17856353521347046,0.7186791300773621,99.40444604155444,117.03303210022165,13.194416574938156,16.143665909251148,176.76001768896364,226.250594980563,241.46348965928092,0.43988471514265715,0.4683573162404871,0.009320331665025236,0.018965447305813326,0.0002796096832939292,0.0005689628765685999,6.463174819946289,10.020941075064773,150.5982437370572,140.57730266199243
2313,92.83156681060791,2.3301663398742676,0.5478062033653259,0.43084174394607544,0.5854234099388123,0.6550463438034058,0.7027955055236816,0.6714524030685425,0.3267350196838379,0.43465062975883484,0.2840045094490051,0.6859021782875061,0.17232219874858856,0.7426450252532959,107.48156135091106,126.58590545725107,13.399869410251908,16.105930782378415,176.73791435327706,175.15369329894708,207.15577109101505,0.38669978390216786,0.5370392377906489,0.018527411928634836,0.0050654547538675765,0.0008543813134223682,0.00023359063329304668,6.463174819946289,10.020941075064773,150.5982437370572,140.57730266199243
2314,92.86266374588013,2.3612632751464844,0.547622799873352,0.43040233850479126,0.5858378410339355,0.6551041007041931,0.7040119171142578,0.676060140132904,0.32625359296798706,0.4342607855796814,0.28404149413108826,0.6853927969932556,0.16935995221138,0.7476327419281006,109.70778106822276,128.0310604781916,13.34208803146894,16.11922122860486,176.90248096562578,71.58968232154645,46.472586712803036,0.15324967558476174,0.1865474359237589,0.013455871522416155,0.016423554267070876,0.00041843636576384044,0.000510722203982843,6.463174819946289,10.020941075064773,150.5982437370572,140.57730266199243
2315,92.90956807136536,2.408167600631714,0.547490656375885,0.42961999773979187,0.5857751965522766,0.6550818681716919,0.7024136185646057,0.690247654914856,0.3259948492050171,0.4335298538208008,0.2841250002384186,0.6829362511634827,0.16927219927310944,0.7610922455787659,116.4149279374386,133.76466927602863,13.21792884525306,16.209046678739305,176.5386142388398,142.99633988613644,122.240512757029,0.304391102123409,0.28696265372326546,0.0014171971301001525,0.05240379685185503,6.647267546695068e-05,0.002457964744201253,6.463174819946289,10.020941075064773,150.5982437370572,140.57730266199243
2316,92.9551830291748,2.453782558441162,0.54725581407547,0.42882853746414185,0.5854116678237915,0.6546450257301331,0.7013526558876038,0.6929072141647339,0.3256421685218811,0.4331502616405487,0.28421103954315186,0.6813943982124329,0.16908451914787292,0.7643750905990601,117.85422093203661,135.25838916275558,13.094682908616246,16.305703704250742,176.16386236279732,31.553092751077465,32.74627355716978,0.06277264711912851,0.07208612338056672,0.01245900995660856,0.03385406377612538,0.000568317213518195,0.0015442516908263293,6.463174819946289,10.020941075064773,150.5982437370572,140.57730266199243
2317,92.9879629611969,2.486562490463257,0.5469875931739807,0.4282808303833008,0.5845988988876343,0.6543579697608948,0.7005573511123657,0.6932843923568726,0.32525038719177246,0.43310678005218506,0.2842322289943695,0.681168258190155,0.16856202483177185,0.7657223343849182,118.00203353624838,135.55570576494117,12.823268569782504,16.355746976068733,176.10737405050082,4.509240718136166,9.070079888670541,0.02685215905349527,0.044082282733418264,0.026295700400335877,0.0069289522801498,0.0008619712715963792,0.00022713058472764868,6.463174819946289,10.020941075064773,150.5982437370572,140.57730266199243
2318,93.03319883346558,2.5317983627319336,0.5465859770774841,0.42840659618377686,0.5845354199409485,0.6548623442649841,0.7020272612571716,0.7017582058906555,0.3249090015888214,0.43339279294013977,0.28416118025779724,0.6829358339309692,0.1684509664773941,0.7731059193611145,121.27221735710023,137.20236394194012,12.71644063525251,16.421290473223646,176.26380520528005,72.29182630609446,36.40160108373042,0.19012251150855286,0.16324257247411386,0.011237838724903852,0.03910620042168851,0.00050835343713574,0.0017690030871887745,6.463174819946289,10.020941075064773,150.5982437370572,140.57730266199243
2319,93.06358361244202,2.562183141708374,0.546012282371521,0.4279577434062958,0.5836384892463684,0.6543466448783875,0.7016468644142151,0.7115404605865479,0.3243945240974426,0.43334829807281494,0.2841986119747162,0.6841613054275513,0.1665971726179123,0.7860708236694336,125.29396008169982,140.01605908278535,12.350478324403756,16.325809849036382,176.86671911194867,132.36044032829548,92.60212631551121,0.32218921338381856,0.43103050415511973,0.03405047398304331,0.04035056616400715,0.0010346161260178061,0.001226043034467593,6.463174819946289,10.020941075064773,150.5982437370572,140.57730266199243
2320,93.09658336639404,2.5951828956604004,0.5456693172454834,0.4279376268386841,0.5825933218002319,0.6529386639595032,0.6995021104812622,0.7203671336174011,0.32439759373664856,0.43435391783714294,0.28489166498184204,0.6871210336685181,0.1672705113887787,0.7999840974807739,129.29419540568637,142.7004684050392,12.13553095189146,16.16443284741893,177.33393438295312,121.22015605940321,81.3463435562682,0.2752598849317756,0.4221109514899308,0.05313695863446949,0.09211548788110091,0.0017535065606964961,0.0030397884352471967,6.463174819946289,10.020941075064773,150.5982437370572,140.57730266199243
2321,93.12658333778381,2.625182867050171,0.5452067852020264,0.4278348684310913,0.581835150718689,0.6516332030296326,0.697841465473175,0.7223358154296875,0.3244019150733948,0.43476375937461853,0.2854951024055481,0.6881919503211975,0.16752786934375763,0.8030396103858948,130.65615107081425,142.9603389196411,12.032536403990498,16.04122442687219,177.63281620481757,45.39856546637522,8.662358747798585,0.0858516975385895,0.10221116575239178,0.050321808562037176,0.04097427490134006,0.001509652817142624,0.0012292270747567937,6.463174819946289,10.020941075064773,150.5982437370572,140.57730266199243
2322,93.15758347511292,2.6561830043792725,0.5448734760284424,0.42767152190208435,0.5811928510665894,0.650836706161499,0.6967235803604126,0.7229005098342896,0.32441967725753784,0.4349955916404724,0.285849004983902,0.6887940764427185,0.16763928532600403,0.8037316799163818,131.19804337485712,142.83725745064356,11.935117969008425,15.958517553437405,177.79649183036298,17.480319467300248,-3.9703523791161626,0.040400350793113264,0.02261217620234901,0.03300658699001637,0.022529864081998165,0.0010232087294554445,0.0006984288805479359,6.463174819946289,10.020941075064773,150.5982437370572,140.57730266199243
2323,93.18958330154419,2.688182830810547,0.5443903803825378,0.4273744821548462,0.5801795721054077,0.650780439376831,0.695432186126709,0.728824257850647,0.3244182765483856,0.4350844621658325,0.2860986590385437,0.6888059377670288,0.16786803305149078,0.8098095655441284,133.20540630608815,144.25258146742863,11.734587492097218,15.944955962307278,177.94013971265107,62.730431852254405,44.22911542425819,0.18946596512969696,0.1900694274137779,0.03171392168801012,0.007810531981678099,0.0010148399894713532,0.00024993566774961695,6.463174819946289,10.020941075064773,150.5982437370572,140.57730266199243
2324,93.21958208084106,2.718181610107422,0.5441986322402954,0.42668238282203674,0.5799382328987122,0.6506102681159973,0.6952831745147705,0.7310308814048767,0.3244222402572632,0.43510672450065613,0.2864266633987427,0.6887780427932739,0.16792039573192596,0.8112677335739136,133.9530236743104,144.46554516129052,11.674088304247897,15.907263626062514,178.04945599222285,24.921593002956985,7.0990786576465466,0.07372463825591301,0.04863890900287982,0.009843777940243117,0.010973392525866064,0.00029530132187680005,0.00032918838052143376,6.463174819946289,10.020941075064773,150.5982437370572,140.57730266199243
2325,93.25058269500732,2.7491822242736816,0.5440932512283325,0.4263751804828644,0.5800491571426392,0.6509792804718018,0.6952597498893738,0.7394317388534546,0.324434757232666,0.4351353049278259,0.28674331307411194,0.689231276512146,0.16833801567554474,0.8154228925704956,136.61016826279095,145.2607668033562,11.621753615351391,15.823697631105361,178.22777768432192,85.71264344086812,25.651802825609234,0.2709910862287564,0.13471000841332997,0.01242954854846451,0.017834821624150083,0.0003853236388117424,0.000552890423894343,6.463174819946289,10.020941075064773,150.5982437370572,140.57730266199243
2326,93.28158283233643,2.780182361602783,0.5440744161605835,0.42636069655418396,0.5804758667945862,0.6510902047157288,0.6939079761505127,0.7546983361244202,0.32445454597473145,0.43559834361076355,0.2868366241455078,0.6909856200218201,0.16888870298862457,0.8217170834541321,141.609165624164,146.32201490396272,11.655946369094147,15.742196160846357,178.29765562033685,161.2572650341203,34.233658042871525,0.49439543939079633,0.2038131341741045,0.014222243454191303,0.05667146828863515,0.0004408915002078462,0.001756823299589514,6.463174819946289,10.020941075064773,150.5982437370572,140.57730266199243
2327,93.31356692314148,2.812166452407837,0.5440999269485474,0.4263722598552704,0.5810216069221497,0.6520094275474548,0.693667471408844,0.7626831531524658,0.32462236285209656,0.43574288487434387,0.28709855675697327,0.6922979950904846,0.16996653378009796,0.8245089650154114,143.78715245406988,146.78182411275858,11.6697427294187,15.590990010567118,178.43989399489797,68.09594317315216,14.376185072711444,0.2497628676684656,0.09356875190362371,0.033423479337026836,0.04184139411266845,0.0010690195981363027,0.0013382589487096273,6.463174819946289,10.020941075064773,150.5982437370572,140.57730266199243
2328,93.3438150882721,2.842414617538452,0.544136643409729,0.42636215686798096,0.5815532803535461,0.652480959892273,0.6934805512428284,0.7660033106803894,0.32472294569015503,0.43585577607154846,0.2874080240726471,0.6930211186408997,0.17143525183200836,0.8259389996528625,144.801152450744,147.1508810338278,11.771397762530652,15.487051352762249,178.7009423290911,33.522694427762985,12.20096886788285,0.10993774403157375,0.06776973675931261,0.023493893253944076,0.026003582936929174,0.0007106471627063477,0.0007865606706638823,6.463174819946289,10.020941075064773,150.5982437370572,140.57730266199243
2329,93.37556743621826,2.874166965484619,0.544133186340332,0.4266147315502167,0.5815603137016296,0.6527301669120789,0.6919955611228943,0.7691513299942017,0.324746310710907,0.4360122084617615,0.2874588370323181,0.6935869455337524,0.17236581444740295,0.8261668682098389,145.90998681360907,147.27578226760616,11.813451329656527,15.486996045977012,178.62406909033416,34.92133447091768,3.9336062325254675,0.10962000814017445,0.030172753607611368,0.007851584747637582,0.01789171278641888,0.00024930625083580626,0.0005681038897472572,6.463174819946289,10.020941075064773,150.5982437370572,140.57730266199243
2330,93.40665626525879,2.9052557945251465,0.5441299676895142,0.42669618129730225,0.5815547704696655,0.6528728008270264,0.690939724445343,0.7700759172439575,0.3247798979282379,0.4360871911048889,0.2874926030635834,0.6939960718154907,0.17303921282291412,0.826280415058136,146.37158144751848,147.35996089460664,11.846521116796238,15.491155706936308,178.55173033768116,14.847604369649295,2.7076808486658686,0.04514300448651373,0.021966227209600436,0.004591410902168435,0.013204656450052477,0.0001427415885923279,0.0004105173069145781,6.463174819946289,10.020941075064773,150.5982437370572,140.57730266199243
2331,93.43965744972229,2.9382569789886475,0.5441280603408813,0.42671334743499756,0.5815578699111938,0.6529404520988464,0.690215528011322,0.7706303000450134,0.32481253147125244,0.4361075758934021,0.2875078618526459,0.6942859888076782,0.17345209419727325,0.8263750672340393,146.67973815978272,147.4120430903583,11.861270044216067,15.494460763379285,178.50924104546152,9.337747031627126,1.5781917103390155,0.027636314742737745,0.01283565625581905,0.0020521152838924987,0.008797207321269703,6.772223502410602e-05,0.0002903182615728828,6.463174819946289,10.020941075064773,150.5982437370572,140.57730266199243
2332,93.46965408325195,2.9682536125183105,0.5440710783004761,0.4270752966403961,0.5815771818161011,0.6541991829872131,0.6901954412460327,0.7736069560050964,0.3248116970062256,0.43611249327659607,0.287602961063385,0.6944236159324646,0.17345920205116272,0.8276900053024292,147.08596029821945,147.61652998032758,11.816907331643522,15.430581427488853,178.50185515239482,13.542257601508075,6.816994639317153,0.09923526018662558,0.04383682847553022,0.04196734355282291,0.005576873591316773,0.0012588790247674976,0.0001672874333599853,6.463174819946289,10.020941075064773,150.5982437370572,140.57730266199243
2333,93.50089907646179,2.9994986057281494,0.5440341234207153,0.4273393750190735,0.581488847732544,0.65426105260849,0.6899451017379761,0.7718878984451294,0.3248172998428345,0.43599337339401245,0.28778403997421265,0.6941537857055664,0.1749371886253357,0.8265126347541809,146.69530484214857,147.7130882697126,11.884930046007948,15.150048568873512,178.832334923555,-12.502977787425444,3.0903603894727043,0.05559898485759581,0.06047737691391187,0.0034516251047787107,0.010400333220671848,0.00010784600296172018,0.0003249583408599535,6.463174819946289,10.020941075064773,150.5982437370572,140.57730266199243
2334,93.5319459438324,3.030545473098755,0.5440289378166199,0.42732685804367065,0.5814841389656067,0.6541973948478699,0.6899029016494751,0.769909143447876,0.32486671209335327,0.43572884798049927,0.2881183922290802,0.6934336423873901,0.17462918162345886,0.8263152241706848,146.2383769065072,147.61617350084077,11.931565048988482,15.114672690104747,179.0557797321461,-14.717360376074025,-3.1215635289374704,0.06374894170093458,0.011783490702242858,0.0020559780192138015,0.025573464563611183,6.383167687941103e-05,0.0007939759625133153,6.463174819946289,10.020941075064773,150.5982437370572,140.57730266199243
2335,93.5635678768158,3.0621674060821533,0.5440213680267334,0.4272165596485138,0.5814419984817505,0.6539804339408875,0.6896861791610718,0.7686959505081177,0.3249131441116333,0.4354868233203888,0.2883526682853699,0.6927177906036377,0.17450013756752014,0.8261894583702087,146.033039827272,147.62484516987658,11.97249947791759,15.062995984135094,179.24279578543573,-6.49350181543282,0.2742295684567607,0.038972898087546406,0.0056983451475270735,0.006989310547188187,0.023819305572675222,0.0002210155097233447,0.0007532124845302248,6.463174819946289,10.020941075064773,150.5982437370572,140.57730266199243
2336,93.59386873245239,3.09246826171875,0.5440180897712708,0.42699941992759705,0.5814183354377747,0.653623640537262,0.6894394755363464,0.767992377281189,0.324942409992218,0.43530842661857605,0.28851553797721863,0.6921541690826416,0.17446784675121307,0.826093852519989,146.00609884532332,147.65816807302812,12.00990667538655,15.010616899702892,179.29964340594785,-0.8891162108354849,1.0997347253552907,0.024605649698518396,0.0033303257870129625,0.011800895335839728,0.01936189510240042,0.0003575772259538667,0.0005866819883487633,6.463174819946289,10.020941075064773,150.5982437370572,140.57730266199243
2337,93.62486100196838,3.123460531234741,0.5442727208137512,0.42700639367103577,0.5814151167869568,0.6538451313972473,0.6900293231010437,0.757921576499939,0.3254273533821106,0.43521153926849365,0.28852859139442444,0.692120373249054,0.17420044541358948,0.8182681202888489,143.0768258661153,145.98713654557065,12.064022197900309,14.969663837926952,179.17076118218867,-94.51624630769872,-53.91768829950525,0.3255024513616391,0.25265330694975036,0.007147403159953371,0.0011689732129159791,0.00022151424507272212,3.6229132871666206e-05,6.463174819946289,10.020941075064773,150.5982437370572,140.57730266199243
2338,93.65617847442627,3.154778003692627,0.5444546937942505,0.427010715007782,0.5814113020896912,0.6540130972862244,0.6903884410858154,0.75291907787323,0.3257661461830139,0.435120165348053,0.28853923082351685,0.6920589804649353,0.17401985824108124,0.8140124678611755,141.47318720223774,145.04464983424572,12.095372541570278,14.945009026129918,179.10075818305953,-51.20587767847717,-30.094596956773685,0.1601461356765928,0.1360097717939445,0.005364711398261521,0.0019895563390787303,0.0001680092014595609,6.230787585251012e-05,6.463174819946289,10.020941075064773,150.5982437370572,140.57730266199243
2339,93.68619418144226,3.184793710708618,0.5446928143501282,0.4270370900630951,0.5807192325592041,0.6542254090309143,0.6907219886779785,0.7380161881446838,0.32605111598968506,0.4354461431503296,0.28855079412460327,0.69209885597229,0.17406228184700012,0.7963145971298218,136.3077365304067,140.62357259701145,11.976945144796343,14.94455455618355,179.15593639891352,-172.09158755044817,-147.29212391628465,0.4966273786235824,0.5896220125254005,0.024117494939791248,0.0013832178348164661,0.0007239036620724247,4.151826126914477e-05,6.463174819946289,10.020941075064773,150.5982437370572,140.57730266199243
2340,93.71719431877136,3.2157938480377197,0.5451667904853821,0.42690327763557434,0.5807197690010071,0.6545408964157104,0.6939625144004822,0.7192612290382385,0.3266492784023285,0.43533599376678467,0.2903654873371124,0.6874544024467468,0.1750670075416565,0.7726384401321411,128.6256441456857,134.64700768480307,12.048874680620715,14.741703063808481,179.28815611308787,-247.80833398145558,-192.79156246181654,0.6139602841761815,0.7644309932566642,0.010176982041026678,0.16085049616438163,0.0003154878408676273,0.004986387470549955,6.463174819946289,10.020941075064773,150.5982437370572,140.57730266199243
2341,93.76510286331177,3.263702392578125,0.5460695624351501,0.42691364884376526,0.5812690258026123,0.6546666026115417,0.6944058537483215,0.6941878199577332,0.3275904357433319,0.43529075384140015,0.2912273705005646,0.6853787302970886,0.18069130182266235,0.7398430705070496,118.04106035953694,124.50370411268088,12.172963844653488,14.70555623829895,178.92550495180734,-220.93311094478966,-211.72222344528748,0.5234416637217256,0.6945347383895536,0.011761120087229378,0.0469123053271052,0.0005634581455440838,0.002247500269256711,6.463174819946289,10.020941075064773,150.5982437370572,140.57730266199243
2342,93.80957174301147,3.308171272277832,0.546565592288971,0.426918625831604,0.5815292596817017,0.654742419719696,0.6945822238922119,0.6894900798797607,0.3282144069671631,0.4352957010269165,0.2918247580528259,0.6841897368431091,0.18322496116161346,0.733496904373169,115.81019251509818,122.73731660648852,12.269308710100333,14.673706404025976,178.62780221314318,-50.16694505243989,-39.72188006805119,0.10571549655070767,0.15366355732669457,0.006095348660923978,0.029922733189045068,0.00027105332633039873,0.001330630422470076,6.463174819946289,10.020941075064773,150.5982437370572,140.57730266199243
2343,93.84038162231445,3.3389811515808105,0.5468575358390808,0.4269685745239258,0.5816022157669067,0.6548418402671814,0.6945837736129761,0.6889091730117798,0.328616201877594,0.4353022873401642,0.2922446131706238,0.6834331154823303,0.18435317277908325,0.7318020462989807,115.44896516570975,122.48638305122046,12.301962659661921,14.65793225942078,178.45808731411609,-11.724400015858144,-8.144580924853013,0.018854631964219704,0.0660835712079766,0.004002508701708635,0.028085337024986425,0.00012331681000876427,0.0008653058439233054,6.463174819946289,10.020941075064773,150.5982437370572,140.57730266199243
2344,93.87138271331787,3.3699822425842285,0.5470578670501709,0.42776960134506226,0.5814054012298584,0.6556218862533569,0.690723717212677,0.6594672799110413,0.32927364110946655,0.435467928647995,0.2922140955924988,0.6818357706069946,0.19229251146316528,0.7123320698738098,100.58710499589081,115.52681310966082,12.478538813401562,14.927891321349867,177.59711872158977,-479.3979724191117,-224.49435540163154,0.9578326241465884,0.6782498467039275,0.02595044805286833,0.051534843423224286,0.0008044922016664417,0.0015976363708102722,6.463174819946289,10.020941075064773,150.5982437370572,140.57730266199243
2345,93.90255355834961,3.401153087615967,0.5472267866134644,0.42889127135276794,0.5812433958053589,0.6568620204925537,0.6896677017211914,0.6539254784584045,0.329580157995224,0.43557867407798767,0.2921668291091919,0.6810835003852844,0.19665977358818054,0.7074118256568909,96.93535366450872,114.0767114875093,12.574042482228089,15.077753802594486,176.95028595587695,-117.15278580557758,-46.52108791644956,0.1809870277607822,0.21105905472181544,0.04012311164454489,0.024181368105725916,0.0012506712952632425,0.0007537536778790012,6.463174819946289,10.020941075064773,150.5982437370572,140.57730266199243
2346,93.93367552757263,3.4322750568389893,0.5472164750099182,0.43091610074043274,0.5802757740020752,0.6589776277542114,0.6895965337753296,0.6293742656707764,0.32974642515182495,0.4355805218219757,0.2921612858772278,0.6811459064483643,0.19953815639019012,0.6866888403892517,83.09607251102621,102.12662615348262,12.343020099479025,15.196878231599474,175.87188072907443,-444.6788393854241,-383.97587403263066,0.7888741152813019,0.6722560217726684,0.07475070228704873,0.002013104258243392,0.0023263890559768454,6.265176876778631e-05,6.463174819946289,10.020941075064773,150.5982437370572,140.57730266199243
2347,93.96513938903809,3.4637389183044434,0.5472913980484009,0.4312102198600769,0.5809106826782227,0.6610165238380432,0.6759620904922485,0.6119918823242188,0.32992690801620483,0.4357820749282837,0.2962561249732971,0.68366938829422,0.19941547513008118,0.6622658371925354,71.03967317831095,85.2721487380006,12.41855770498414,14.097647768224304,175.8190312185606,-383.18244395884597,-535.6773336288516,0.7021308311588875,0.7762337546175976,0.06787037087160594,0.15287237019322436,0.0021354639467132007,0.004809955077655226,6.463174819946289,10.020941075064773,150.5982437370572,140.57730266199243
2348,93.99653434753418,3.495133876800537,0.5472928285598755,0.43182075023651123,0.5814325213432312,0.6624681353569031,0.6666127443313599,0.6097964644432068,0.33027371764183044,0.43627166748046875,0.2982187569141388,0.6854546070098877,0.19863207638263702,0.6566404700279236,66.68879816399594,81.19316065778297,12.52023038956724,13.5979748306654,175.75628480360112,-138.58514942315838,-129.92493940468646,0.30589790660184013,0.18090974641208127,0.049134005961795776,0.08450714113415107,0.0015425600779174014,0.0026530981885302097,6.463174819946289,10.020941075064773,150.5982437370572,140.57730266199243
2349,94.02919793128967,3.5277974605560303,0.5474525094032288,0.43182188272476196,0.5821332335472107,0.6624243259429932,0.6697546243667603,0.6094127297401428,0.33074620366096497,0.4364716112613678,0.2996590733528137,0.6870085000991821,0.1982000172138214,0.6542311906814575,67.37846908577937,79.16968260650427,12.666378079093173,13.26647182962538,175.74930948589272,21.11436782154826,-61.94905208276189,0.0969038518695834,0.07493708175749272,0.021494284997210986,0.06486576944014642,0.0007020803782708412,0.002118748492972732,6.463174819946289,10.020941075064773,150.5982437370572,140.57730266199243
2350,94.0587637424469,3.557363271713257,0.5474686622619629,0.43116170167922974,0.5808760523796082,0.6624100208282471,0.6691869497299194,0.5874491930007935,0.3309651017189026,0.436029314994812,0.30141201615333557,0.6870049238204956,0.19767184555530548,0.6398828625679016,57.89483331564666,72.28676507868852,12.36296915171722,12.748653214718457,175.809390476586,-320.7635914232205,-232.7998880603486,0.7431174988753406,0.48563003816259737,0.04252420287888641,0.059289645032274275,0.0012572625519287459,0.0017529464486032173,6.463174819946289,10.020941075064773,150.5982437370572,140.57730266199243
2351,94.09024310112,3.5888426303863525,0.5474901795387268,0.4291486442089081,0.5794428586959839,0.6601267457008362,0.6628629565238953,0.5639688372612,0.33096742630004883,0.43438899517059326,0.30162009596824646,0.6875632405281067,0.20074419677257538,0.6154807806015015,48.81880068045343,61.063775077710694,11.984438060746047,12.557905793786967,176.24301657716978,-288.31694855811,-356.5190167158557,0.7724767317170149,0.7812971786572293,0.0856373738718774,0.0189276774308469,0.0026958096079348235,0.0005958311466942881,6.463174819946289,10.020941075064773,150.5982437370572,140.57730266199243
2352,94.12137413024902,3.619973659515381,0.5475140810012817,0.4273706376552582,0.5783398151397705,0.6583840847015381,0.6600763201713562,0.561371922492981,0.33096951246261597,0.43336549401283264,0.30176833271980286,0.6881431937217712,0.20247456431388855,0.6118184328079224,47.71591343744101,58.989761734397995,11.685918481187494,12.434313527827001,176.53788583705588,-35.42726578171565,-66.62206169659754,0.12235729836144055,0.13011298009910388,0.06624962726197958,0.01922834699259631,0.002062419076079955,0.0005985982303295798,6.463174819946289,10.020941075064773,150.5982437370572,140.57730266199243
2353,94.15236377716064,3.650963306427002,0.5464564561843872,0.4264019727706909,0.5778406262397766,0.6558291912078857,0.6483065485954285,0.5594955086708069,0.33065101504325867,0.43309783935546875,0.30223873257637024,0.6880673170089722,0.20704302191734314,0.5987159609794617,43.97397954065385,53.17234189705406,11.758891255873332,12.201319250150235,176.79227940900302,-120.74787129581452,-187.7213978569858,0.38459322043928196,0.44776499715711865,0.08400237229406046,0.015375461262999822,0.002603203857131476,0.0004764801156436722,6.463174819946289,10.020941075064773,150.5982437370572,140.57730266199243
2354,94.19729566574097,3.695895195007324,0.5462614297866821,0.4261268675327301,0.5778676271438599,0.6568052172660828,0.636266827583313,0.5381128787994385,0.3306874930858612,0.4326074421405792,0.302123099565506,0.6867378354072571,0.21173441410064697,0.5711341500282288,33.99993877785076,44.43444644844037,11.74106605841147,11.946890329225104,177.34862443567263,-221.98133837559595,-194.46980139713995,0.5461419197952295,0.6226746030360749,0.02173065712955814,0.02970052714615777,0.000976399464922492,0.0013345007765079978,6.463174819946289,10.020941075064773,150.5982437370572,140.57730266199243
2355,94.22921204566956,3.727811574935913,0.5462276935577393,0.4259885251522064,0.5778905749320984,0.6581739783287048,0.6320118308067322,0.5356366634368896,0.33067259192466736,0.4321650564670563,0.30203184485435486,0.6854802966117859,0.21341156959533691,0.5667840242385864,31.595151221240002,43.196202393229036,11.696929933852294,11.863889756846557,177.67267495738272,-75.34650113801551,-38.79650693411455,0.15424907936727833,0.14607659312892618,0.042891876092198036,0.03950465093756772,0.00136895341320855,0.0012608454482696957,6.463174819946289,10.020941075064773,150.5982437370572,140.57730266199243
2356,94.25937128067017,3.7579708099365234,0.5462273359298706,0.4259362816810608,0.5779414176940918,0.6595238447189331,0.6298336982727051,0.5364411473274231,0.33061784505844116,0.431734561920166,0.3019777834415436,0.6850478053092957,0.21415607631206512,0.5661494135856628,30.592278297880885,42.90119471918185,11.655948756713366,11.815501227350284,177.83460690355622,-33.252598195505335,-9.7816696624173,0.07698971250053857,0.032436978809602605,0.04478971525649271,0.014451860079106192,0.0013508235480309864,0.000435857044321703,6.463174819946289,10.020941075064773,150.5982437370572,140.57730266199243
2357,94.29087567329407,3.789475202560425,0.5446633100509644,0.4258597195148468,0.5783888697624207,0.6593027114868164,0.6288301944732666,0.518435537815094,0.33037692308425903,0.4295702278614044,0.3008155822753906,0.6813896894454956,0.21551606059074402,0.5422565937042236,27.921944328532593,38.20693603110314,11.957580818875016,11.95204707382786,178.6283010667747,-84.76068722310156,-149.00330706637172,0.5724138886200878,0.759624035970014,0.01584263115466962,0.12183370626731278,0.0004991124720923636,0.003838296917070495,6.463174819946289,10.020941075064773,150.5982437370572,140.57730266199243
2358,94.32119607925415,3.819795608520508,0.5418378114700317,0.4232988953590393,0.5813156366348267,0.6591368317604065,0.6304312944412231,0.4897259771823883,0.33030879497528076,0.4286911189556122,0.3007868230342865,0.6761458516120911,0.22142961621284485,0.5199094414710999,25.670807525668547,33.73076966745703,12.889994042375053,12.107752460819743,179.9902461906333,-74.24494269066453,-147.62884011312406,0.9483438903954735,0.7624021881891164,0.09668287000513377,0.17295008197228862,0.002931463867941589,0.005243916696229424,6.463174819946289,10.020941075064773,150.5982437370572,140.57730266199243
2359,94.37055611610413,3.8691556453704834,0.5396665334701538,0.4220160245895386,0.5819666385650635,0.6591333150863647,0.6298955082893372,0.4882921576499939,0.32977429032325745,0.42784950137138367,0.30075496435165405,0.6733210682868958,0.22511398792266846,0.5167654752731323,25.786045655788374,32.529988942315924,13.216776250622472,12.116930216319492,179.6331106134143,2.3346443291783023,-24.3269819427151,0.031010008673520474,0.09812515773555097,0.013189038545070595,0.05723178415684321,0.000651011428600433,0.0028249629749716298,6.463174819946289,10.020941075064773,150.5982437370572,140.57730266199243
2360,94.40136075019836,3.8999602794647217,0.538896918296814,0.42179879546165466,0.5825487971305847,0.6596288681030273,0.6295039653778076,0.49079570174217224,0.32933104038238525,0.4272374212741852,0.30074018239974976,0.6716804504394531,0.22639743983745575,0.515518307685852,25.942529454779105,32.12849939146119,13.401021524519342,12.101637711300109,179.50335529504991,5.079878518018167,-13.033414051486133,0.0822596003271231,0.05809522461482575,0.024818143337904993,0.05326096176627722,0.0007645138244225208,0.0016406844387173848,6.463174819946289,10.020941075064773,150.5982437370572,140.57730266199243
2361,94.44616365432739,3.94476318359375,0.5393260717391968,0.42209190130233765,0.5840592384338379,0.6595534682273865,0.629714846611023,0.4895676076412201,0.3294379711151123,0.42735618352890015,0.30020052194595337,0.6668617725372314,0.23188383877277374,0.500439465045929,25.702361424417912,29.278145519722063,13.497821956509808,12.40929626613241,179.07411010129118,-5.360546041156864,-63.61984623876982,0.02781221991744794,0.35814500231915086,0.03375500112755475,0.10822519327265928,0.0015123220793930785,0.0048488029585405145,6.463174819946289,10.020941075064773,150.5982437370572,140.57730266199243
2362,94.47765779495239,3.97625732421875,0.5399624109268188,0.421822726726532,0.58895343542099,0.6614735126495361,0.6254829168319702,0.47301942110061646,0.32932958006858826,0.4272315204143524,0.29957741498947144,0.6630377173423767,0.24293753504753113,0.4890126883983612,22.52363289099482,25.21963132508453,14.388238150684135,12.61000023310076,179.5244141857334,-100.93079126279838,-128.86569101732815,0.5423466236896506,0.504801319382825,0.16693106840437782,0.12302251560651215,0.005257350543008969,0.003874488406552751,6.463174819946289,10.020941075064773,150.5982437370572,140.57730266199243
2363,94.50817584991455,4.006775379180908,0.540241003036499,0.4218377470970154,0.590779721736908,0.6631025671958923,0.6246123909950256,0.46943050622940063,0.3290049135684967,0.4272296130657196,0.2985706329345703,0.6618204712867737,0.24635478854179382,0.4883061945438385,21.739952621657842,24.140068627897755,14.66150602839316,12.765992602218219,179.8985760049863,-25.67923382760548,-35.37455773395171,0.12100978391820776,0.11434282907504302,0.08019095712223996,0.051761203332342465,0.002447272036924591,0.0015796512482038737,6.463174819946289,10.020941075064773,150.5982437370572,140.57730266199243
2364,94.53936457633972,4.037964105606079,0.5417653322219849,0.42155247926712036,0.5939432382583618,0.6636924743652344,0.617888867855072,0.4615480303764343,0.3291345238685608,0.42745012044906616,0.2963487505912781,0.6624908447265625,0.25021183490753174,0.4890911281108856,18.916184221215268,22.840570959649625,15.053814519837628,13.291148325524643,179.79118921386151,-90.53811181477576,-41.66562143426826,0.3321861443565187,0.12620283227414614,0.10317981803917417,0.07441184154660269,0.0032180471174227164,0.002320810568790157,6.463174819946289,10.020941075064773,150.5982437370572,140.57730266199243
2365,94.57036852836609,4.068968057632446,0.5424813628196716,0.42155471444129944,0.5942330360412598,0.6659771203994751,0.607183575630188,0.4659741520881653,0.32830995321273804,0.42768749594688416,0.29256385564804077,0.6676092743873596,0.2525065541267395,0.48436030745506287,15.659536536003642,20.804807165246622,14.938812827032177,13.944800879409701,179.6687014885811,-105.03976017128468,-65.66142899046211,0.37363644045714967,0.16959078106074849,0.07427932112057341,0.20532307878432401,0.002302952508573381,0.006365826884535192,6.463174819946289,10.020941075064773,150.5982437370572,140.57730266199243
2366,94.60254096984863,4.10114049911499,0.5431715250015259,0.42129161953926086,0.5944845080375671,0.6668236255645752,0.6048514246940613,0.46736305952072144,0.3278180956840515,0.4277695119380951,0.29074713587760925,0.6713376641273499,0.25413593649864197,0.48289427161216736,14.779433148679692,19.648560713109806,14.879382028231559,14.196389553585686,179.31031761504096,-27.355815933381226,-35.93903349747858,0.08437048558126305,0.06812776939617973,0.027447964691355617,0.12891319814729058,0.000883068037847571,0.004147452323721298,6.463174819946289,10.020941075064773,150.5982437370572,140.57730266199243
2367,94.63429832458496,4.132897853851318,0.5442808866500854,0.4210849702358246,0.5950461030006409,0.6674553751945496,0.6038583517074585,0.46982911229133606,0.32768839597702026,0.42792564630508423,0.29027289152145386,0.6731331944465637,0.2564575672149658,0.48147183656692505,14.196135871577352,18.68155008391137,14.864668242734794,14.254482289315229,178.98824705191618,-18.367313082128003,-30.449974099771083,0.08371282055143232,0.08573560036259711,0.026616793293800994,0.058477931743735216,0.0008452789465747577,0.0018571044226325824,6.463174819946289,10.020941075064773,150.5982437370572,140.57730266199243
2368,94.67917943000793,4.177778959274292,0.5464438796043396,0.4193251430988312,0.5949495434761047,0.6674227118492126,0.6014592051506042,0.4706680476665497,0.32794004678726196,0.4293256998062134,0.2897182106971741,0.6747987270355225,0.2587112486362457,0.4842514097690582,12.957330233144235,18.092768653817604,14.584238830308658,14.453470436471015,178.66280576924174,-27.60194132382043,-13.118692700300196,0.05662956075199092,0.07973115641556984,0.002271211186310475,0.039113753418458984,0.00010193446869063742,0.001755468490662053,6.463174819946289,10.020941075064773,150.5982437370572,140.57730266199243
2369,94.71037697792053,4.20897650718689,0.5479946732521057,0.41600215435028076,0.5951864719390869,0.6667665243148804,0.5997813940048218,0.47119951248168945,0.3290822207927704,0.42957228422164917,0.28994670510292053,0.6772634387016296,0.2651403546333313,0.4872010052204132,12.003880357278147,16.414613135008448,14.378134562608443,14.392408561409033,178.43170327567145,-30.561692814360015,-53.791263451558386,0.056413825914741034,0.2267305578629285,0.02236237243918443,0.07934214745894264,0.0006976511856108096,0.002475280446838751,6.463174819946289,10.020941075064773,150.5982437370572,140.57730266199243
2370,94.74036884307861,4.238968372344971,0.5490593910217285,0.416059285402298,0.5952817797660828,0.666871964931488,0.5990593433380127,0.47023460268974304,0.3294222950935364,0.43186184763908386,0.2899594306945801,0.6788026094436646,0.2646499574184418,0.48714834451675415,11.542468993059494,16.602329888792568,14.315274247827105,14.466151743794747,178.37703235298085,-15.384550503499783,6.258922304254921,0.040182860726296864,0.01644501135441128,0.004738994924320881,0.05132136129228221,0.0001421312967550624,0.0015392233476072884,6.463174819946289,10.020941075064773,150.5982437370572,140.57730266199243
2371,94.78702783584595,4.285627365112305,0.5480396151542664,0.41613659262657166,0.5941604375839233,0.6663359999656677,0.5959926247596741,0.4678897559642792,0.3293304741382599,0.43207353353500366,0.28958454728126526,0.6799299716949463,0.264779657125473,0.4826070964336395,10.973420202362732,16.2752171854671,14.2132899757241,14.50285421494517,178.4542614702292,-12.19590816146279,-7.010710774590072,0.08273751956094443,0.09736815073946291,0.026636799238641543,0.025462585495920995,0.0012428462230207032,0.001188058592491801,6.463174819946289,10.020941075064773,150.5982437370572,140.57730266199243
2372,94.81742429733276,4.316023826599121,0.547197699546814,0.4161798059940338,0.5932824611663818,0.665763258934021,0.5948328375816345,0.4663899838924408,0.32925960421562195,0.4322919249534607,0.2893592119216919,0.6806315779685974,0.26481980085372925,0.48034530878067017,10.907181652594982,16.11278806876705,14.146580149285287,14.527165740746502,178.5058161971576,-2.1791533135025887,-5.343685046053764,0.06237226804315917,0.0744212899531506,0.03448665664750203,0.024243082387996297,0.0010482723305948564,0.0007369039201284465,6.463174819946289,10.020941075064773,150.5982437370572,140.57730266199243
2373,94.8494246006012,4.348024129867554,0.5479036569595337,0.4164527356624603,0.5932530760765076,0.6663492321968079,0.59327632188797,0.4631046652793884,0.32923024892807007,0.4324657618999481,0.2891388535499573,0.6805964708328247,0.26572367548942566,0.47968971729278564,10.292243238150201,15.825859081657034,14.02731613591705,14.58570338726873,178.45217370707726,-19.216643332608673,-8.966445870938415,0.11360485673263511,0.034893335295304105,0.018334501067645143,0.0069729793254659075,0.0005867095944400462,0.00022313745309941973,6.463174819946289,10.020941075064773,150.5982437370572,140.57730266199243
2374,94.88142466545105,4.380024194717407,0.5480096936225891,0.41648951172828674,0.5930792093276978,0.6664062142372131,0.5923589468002319,0.4619055688381195,0.3292049169540405,0.43260058760643005,0.2890529930591583,0.680577278137207,0.26678401231765747,0.4801858365535736,10.020941075064773,15.538516573276276,13.958689368585286,14.615701167390538,178.47180103349783,-8.478175414906078,-8.979435189553184,0.04718025698120647,0.036583099908106896,0.005717679509295398,0.0027493522093448197,0.00018296611508813136,8.797944899412227e-05,6.463174819946289,10.020941075064773,150.5982437370572,140.57730266199243
2375,94.912424325943,4.411023855209351,0.5462571382522583,0.41553011536598206,0.5906553864479065,0.6644200682640076,0.5909374952316284,0.4634349048137665,0.32807785272598267,0.432332843542099,0.28912705183029175,0.6786304116249084,0.26844149827957153,0.47976118326187134,10.194744964814591,14.924947659603056,13.633176171285152,14.60506383139627,178.73346679131672,5.606638491895382,-19.792762370177662,0.06735286563124196,0.05519480455517653,0.10108623507181226,0.06284825605868989,0.0031336389676349576,0.0019482746003301088,6.463174819946289,10.020941075064773,150.5982437370572,140.57730266199243
2376,94.94344019889832,4.442039728164673,0.5463699102401733,0.4155610501766205,0.5905745625495911,0.66389000415802,0.5903899073600769,0.4625720679759979,0.32775986194610596,0.43238624930381775,0.28903886675834656,0.6769010424613953,0.2702587842941284,0.4791979193687439,10.040855649462328,14.424870083904091,13.568453687459018,14.74151770819357,178.7331025621895,-4.961630955025426,-16.12327908420687,0.03294859677213756,0.06134200388363761,0.017287622164486198,0.05582999712529082,0.0005361906927533172,0.0017316160979340273,6.463174819946289,10.020941075064773,150.5982437370572,140.57730266199243
2377,94.97444009780884,4.473039627075195,0.5463747382164001,0.41558435559272766,0.5900943279266357,0.6619191765785217,0.59046471118927,0.4614562690258026,0.32742783427238464,0.43271443247795105,0.2890368103981018,0.6754612326622009,0.2709263861179352,0.47944164276123047,10.169939601269096,14.265660473479386,13.574192530589045,14.803685486843825,178.67916805962278,4.164012024018326,-5.135810632294152,0.036074426857814736,0.02292585391454212,0.06543549363156961,0.04644567622021421,0.0020284936877387944,0.0014398112676574976,6.463174819946289,10.020941075064773,150.5982437370572,140.57730266199243
2378,95.00543975830078,4.504039287567139,0.5463640093803406,0.4156222641468048,0.5899903178215027,0.6599912643432617,0.5908201932907104,0.46016985177993774,0.327130526304245,0.43338683247566223,0.2890472710132599,0.675037682056427,0.27150410413742065,0.47975367307662964,10.36012219097581,14.089273431390174,13.693941507925944,14.81597126852818,178.56179131806206,6.134989438227595,-5.689966899316662,0.04305304754021986,0.02118081492780674,0.06228183851590608,0.01366723875551023,0.00193071584880713,0.0004236797612831476,6.463174819946289,10.020941075064773,150.5982437370572,140.57730266199243
2379,95.03744101524353,4.536040544509888,0.5453605651855469,0.41550543904304504,0.589861273765564,0.6584849953651428,0.5911053419113159,0.4598347246646881,0.32692524790763855,0.43381068110466003,0.2887425124645233,0.6751205325126648,0.2735157907009125,0.4799779951572418,10.737283467522367,13.453107735765945,13.813462308222343,14.899821474155685,178.70052232645628,11.78582695115093,-19.879397136254475,0.013750167240914596,0.06325235739090776,0.047241474378491785,0.009868972446766891,0.0015117865599404104,0.0003158195230298978,6.463174819946289,10.020941075064773,150.5982437370572,140.57730266199243
2380,95.06843996047974,4.567039489746094,0.5445237159729004,0.4153245985507965,0.5897375345230103,0.6567713618278503,0.5913393497467041,0.4592663645744324,0.3267516791820526,0.43421226739883423,0.2884865701198578,0.675390899181366,0.2748386263847351,0.48012575507164,11.071157821531846,13.013486592038777,13.92519371843537,14.962693719298864,178.8169896078695,10.77050691452307,-14.181809747955565,0.01982804772666853,0.042938959283600045,0.05542431332619317,0.012009970353449412,0.0017180952535529876,0.0003722964132750366,6.463174819946289,10.020941075064773,150.5982437370572,140.57730266199243
2381,95.09896731376648,4.597566843032837,0.5439983606338501,0.4149419367313385,0.5895978212356567,0.6548840403556824,0.5914002060890198,0.45840558409690857,0.32665854692459106,0.4344601631164551,0.2882169485092163,0.6755363941192627,0.2755900025367737,0.48029282689094543,11.285963093507176,12.760334839178684,13.988096227164336,15.03779659410323,178.91455624503698,7.036485277897021,-8.292620407745181,0.0282674043192228,0.025214326380678033,0.06199311439761365,0.01003602514482126,0.001892485704561436,0.0003063732851905963,6.463174819946289,10.020941075064773,150.5982437370572,140.57730266199243
2382,95.13092350959778,4.629523038864136,0.5434840321540833,0.41528862714767456,0.5895096659660339,0.6549311876296997,0.5915995836257935,0.4575805068016052,0.32660722732543945,0.43586042523384094,0.28820738196372986,0.6770270466804504,0.2752624750137329,0.4803870916366577,11.478546059326568,12.81337218221201,14.005791805655752,14.896718040317108,179.13132420148145,6.02646719390707,1.6596888851638483,0.026562142835580872,0.010665309263950321,0.0031283786528863676,0.046647706951762354,9.997108086609158e-05,0.0014906832584315574,6.463174819946289,10.020941075064773,150.5982437370572,140.57730266199243
2383,95.1613826751709,4.659982204437256,0.5435605645179749,0.41534101963043213,0.5895435214042664,0.6561627984046936,0.5917506217956543,0.4583309292793274,0.3266018033027649,0.4358944594860077,0.2881999611854553,0.6775385737419128,0.27500492334365845,0.48045358061790466,11.449232798764177,12.860169960541198,13.97404112607315,14.925447996105339,179.12946816498797,-0.962378975616456,1.5364103857948772,0.025131068406270975,0.008732858328531738,0.040450090662251165,0.016795630347066177,0.0012320760089292282,0.0005115808856462096,6.463174819946289,10.020941075064773,150.5982437370572,140.57730266199243
2384,95.19257664680481,4.691176176071167,0.5436443090438843,0.4153582751750946,0.5896246433258057,0.6576952338218689,0.5919081568717957,0.458832710981369,0.3264625072479248,0.435798704624176,0.28817641735076904,0.6778227686882019,0.27484890818595886,0.4804609715938568,11.40132467311268,12.852423972123782,13.930713114306291,14.91552863769124,179.1445165124854,-1.5358135928871761,-0.2483168385328227,0.016859982668087508,0.00500706128178028,0.04919479611091118,0.009141782723764104,0.001534581074419805,0.0002851685109684763,6.463174819946289,10.020941075064773,150.5982437370572,140.57730266199243
2385,95.22356081008911,4.722160339355469,0.543655514717102,0.41544657945632935,0.590429961681366,0.6585447192192078,0.5936068296432495,0.45908018946647644,0.32643526792526245,0.4357035458087921,0.2881799638271332,0.6783367991447449,0.2738150656223297,0.48108434677124023,11.803636365660184,13.125114808656502,14.070655000771065,14.84860273315364,179.15656496455964,12.98442978291873,8.800974679567327,0.05540267729653195,0.03896311240945023,0.03777864351547112,0.016590497728554986,0.001170539659342785,0.0005140426905893851,6.463174819946289,10.020941075064773,150.5982437370572,140.57730266199243
2386,95.25348138809204,4.752080917358398,0.5436596274375916,0.4154656231403351,0.5909044742584229,0.6589847207069397,0.5947705507278442,0.45913293957710266,0.3264145255088806,0.4355989694595337,0.28818315267562866,0.6786133050918579,0.27303165197372437,0.48141351342201233,12.087719908606728,13.3341658778562,14.1549583994382,14.808241060747742,179.16401848069435,9.494587401310476,6.986866001693872,0.03893360687351551,0.02840043377509348,0.021627903788154594,0.009241944939164935,0.000647119382333338,0.0002765243344510657,6.463174819946289,10.020941075064773,150.5982437370572,140.57730266199243
2387,95.30147981643677,4.800079345703125,0.5448678731918335,0.41524454951286316,0.5924775004386902,0.6598547101020813,0.5974643230438232,0.46008574962615967,0.32746443152427673,0.435108482837677,0.28848034143447876,0.6778334975242615,0.2715500593185425,0.4793541133403778,12.444019352318799,13.99988280724522,14.409251988532791,14.842253612688655,178.88018967509018,7.423148132124559,13.869556823982114,0.05952937149885697,0.05285539018776182,0.03745080410246899,0.017386369789630728,0.0017975797371647493,0.0008345184245225092,6.463174819946289,10.020941075064773,150.5982437370572,140.57730266199243
2388,95.33348083496094,4.832080364227295,0.5457725524902344,0.41525161266326904,0.5930535197257996,0.6612306237220764,0.5986999273300171,0.4617338478565216,0.32766252756118774,0.43495115637779236,0.28868797421455383,0.6778051257133484,0.2699163556098938,0.4787650406360626,12.501654662270006,14.50507228733876,14.419398770609957,14.801179980609957,178.67124122331768,1.8010461106941362,15.786668780931993,0.06436798843379872,0.05426895618855424,0.046611707231880156,0.006548611459331204,0.001491622106570582,0.0002095622366176493,6.463174819946289,10.020941075064773,150.5982437370572,140.57730266199243
2389,95.36448049545288,4.863080024719238,0.5462473630905151,0.4152974784374237,0.593326985836029,0.6623089909553528,0.5994526147842407,0.4625052213668823,0.3277248740196228,0.4349355101585388,0.28874731063842773,0.6777922511100769,0.26846927404403687,0.4780321717262268,12.547007288343393,14.914341817323857,14.399253597216918,14.802175298552811,178.4947908730438,1.4630039604844447,13.202387493613505,0.03476666593768218,0.05232571815556602,0.0358875384253303,0.0019586376794337554,0.001112501507076811,6.071710308917421e-05,6.463174819946289,10.020941075064773,150.5982437370572,140.57730266199243
2390,95.39547944068909,4.894078969955444,0.5468237400054932,0.4152866005897522,0.5943617224693298,0.6624998450279236,0.5998765826225281,0.4664059281349182,0.32788634300231934,0.4350963532924652,0.28863653540611267,0.6776086688041687,0.2641047239303589,0.48038291931152344,12.495787713611037,16.28369824029477,14.501820557564349,14.882893250978338,178.58653577829185,-1.6523005651344655,44.174290852049204,0.12657461803752815,0.15991993418842196,0.03394278896695042,0.0069168349248559715,0.0010521906563505951,0.00021441458704348767,6.463174819946289,10.020941075064773,150.5982437370572,140.57730266199243
2391,95.44248008728027,4.941079616546631,0.5472232699394226,0.41523629426956177,0.5950137376785278,0.6625372171401978,0.6001537442207336,0.4688439965248108,0.3279840350151062,0.43514177203178406,0.2885494828224182,0.6774677634239197,0.26193588972091675,0.48180893063545227,12.457577776189869,16.98877736098475,14.55875801203822,14.93800664900515,178.64658073142647,-0.8129662077528411,15.001477039726415,0.05220719231866892,0.0552256359898585,0.013895242362606048,0.003523941508475343,0.0006530853755837305,0.00016562752944786232,6.463174819946289,10.020941075064773,150.5982437370572,140.57730266199243
2392,95.4894814491272,4.988080978393555,0.5471966862678528,0.4152708351612091,0.5951587557792664,0.6627168655395508,0.6036475896835327,0.4693529009819031,0.32805684208869934,0.4356613755226135,0.2886087894439697,0.6770955324172974,0.25846976041793823,0.4809359610080719,13.483243242966186,18.014518940098178,14.450396650765004,14.92631270071791,178.6786605433832,21.822037202171952,21.823656566678025,0.07511939337292516,0.076048244077728,0.0049121161932853185,0.00801946942604291,0.00023087615063473727,0.0003769259843137854,6.463174819946289,10.020941075064773,150.5982437370572,140.57730266199243
2393,95.53549933433533,5.034098863601685,0.5471941232681274,0.4152681529521942,0.5952650904655457,0.6628589034080505,0.6056593656539917,0.4700612723827362,0.32837361097335815,0.4359918236732483,0.2887433171272278,0.6765870451927185,0.2566847801208496,0.48019424080848694,14.073549657559735,18.62465105957097,14.43843138980617,14.960993147208278,178.6828692454464,12.827760596205334,13.258586671536138,0.046348199537407216,0.04200436443900439,0.0038557003096258333,0.011429944983651403,0.00017743117424531244,0.0005259818961929103,6.463174819946289,10.020941075064773,150.5982437370572,140.57730266199243
2394,95.56665086746216,5.065250396728516,0.5474885702133179,0.41538846492767334,0.595072865486145,0.6621549725532532,0.6109282374382019,0.47004300355911255,0.32967913150787354,0.4342783987522125,0.29009395837783813,0.6725594997406006,0.25312143564224243,0.48115238547325134,15.632490758274292,20.364998154532703,14.213719260475155,14.833678272548685,179.0587863809387,50.04380023183609,55.86714104490607,0.169137853810307,0.118450477231646,0.023424362268737474,0.1363651139013885,0.0007297047971894669,0.004247982363043194,6.463174819946289,10.020941075064773,150.5982437370572,140.57730266199243
2395,95.59765815734863,5.09625768661499,0.547711968421936,0.41570383310317993,0.594858705997467,0.6620113253593445,0.6132051944732666,0.46960943937301636,0.3306296467781067,0.43367910385131836,0.29101985692977905,0.6705412268638611,0.2514086365699768,0.4819225072860718,16.283119986914116,21.353721815905978,14.09518450024613,14.72532547584953,179.18592862552003,20.983105296268686,31.886813229832,0.07475235117534641,0.060565408786096224,0.008316548109740717,0.07161286952487282,0.00025787361809354286,0.0022205210049600146,6.463174819946289,10.020941075064773,150.5982437370572,140.57730266199243
2396,95.62865281105042,5.1272523403167725,0.5477554202079773,0.41608962416648865,0.5931808352470398,0.661948025226593,0.6175915598869324,0.47710558772087097,0.33206865191459656,0.4333953261375427,0.2926665246486664,0.6693539023399353,0.2476743906736374,0.48577043414115906,17.991141538399038,23.250682354231635,13.731073046670968,14.520138139448186,179.58103587318084,55.10697321927843,61.20283054546857,0.28021559016805303,0.1729978465647048,0.05417270949856402,0.06549798022547726,0.0016790643709952407,0.0020300872152548477,6.463174819946289,10.020941075064773,150.5982437370572,140.57730266199243
2397,95.66065526008606,5.159254789352417,0.547639012336731,0.41611024737358093,0.5919926762580872,0.661260187625885,0.6242027282714844,0.4829361140727997,0.33377617597579956,0.4333992600440979,0.2944104075431824,0.6694467663764954,0.23484818637371063,0.49394261837005615,20.49401942543253,28.21418693313579,13.504889031180777,14.378164803452782,179.7971576676056,78.20894845409396,155.0976481011116,0.27544476247949345,0.4752268296827569,0.042899704505876594,0.05456937710191446,0.0013728956070935257,0.0017463537096108852,6.463174819946289,10.020941075064773,150.5982437370572,140.57730266199243
2398,95.69065308570862,5.189252614974976,0.5475652813911438,0.4161292016506195,0.591190755367279,0.6608732342720032,0.6267281770706177,0.4858650863170624,0.3347400426864624,0.43340203166007996,0.29541879892349243,0.6695228815078735,0.2308698445558548,0.49762633442878723,21.58528794138627,30.036395518719715,13.348763889894459,14.297489134774118,179.97701369986413,36.378253866943524,60.74468891550631,0.12892262275116176,0.1807430017843096,0.029682111152786628,0.03371110839920439,0.0008903987944706949,0.0010112599513025036,6.463174819946289,10.020941075064773,150.5982437370572,140.57730266199243
2399,95.7223608493805,5.220960378646851,0.547493577003479,0.4161437749862671,0.5906578302383423,0.6606264710426331,0.6276541948318481,0.4877694547176361,0.33535319566726685,0.43340209126472473,0.2960386574268341,0.6695870757102966,0.22959640622138977,0.49942198395729065,22.0932593270199,30.779145170626197,13.246460822598676,14.258283429013199,179.89666078437946,16.020410360387707,23.424851389481827,0.06678414696098063,0.06942664852227035,0.0185217404168929,0.019653662931953083,0.0005872829679306556,0.0006231736995330583,6.463174819946289,10.020941075064773,150.5982437370572,140.57730266199243
2400,95.76713943481445,5.2657389640808105,0.5474270582199097,0.4169231653213501,0.5901521444320679,0.6605178713798523,0.6322498917579651,0.49021121859550476,0.335370272397995,0.43340736627578735,0.29597991704940796,0.6718338131904602,0.22004321217536926,0.5079067349433899,23.832656856555232,34.236287057628594,13.169472504315118,14.198201141924079,179.88370002809842,38.84440548263003,77.20525008770173,0.11621846553407507,0.28533972054149676,0.011550513220664565,0.05019151907742895,0.0005172156430576123,0.0022475052250688836,6.463174819946289,10.020941075064773,150.5982437370572,140.57730266199243
2401,95.79860496520996,5.297204494476318,0.5474234819412231,0.41700121760368347,0.5895747542381287,0.6604607701301575,0.637485921382904,0.5021567940711975,0.3353329300880432,0.43324756622314453,0.29574865102767944,0.674303412437439,0.21611268818378448,0.5225830078125,26.661104100488387,37.0197968190429,12.968815964028124,14.241094529656033,179.9994576707546,89.89034058478668,88.4621910524571,0.4145084742782699,0.4828612577813501,0.018439442866394002,0.07882924748206384,0.0005802068499887502,0.0024804040827018873,6.463174819946289,10.020941075064773,150.5982437370572,140.57730266199243
2402,95.82815480232239,5.326754331588745,0.5474216938018799,0.4170461595058441,0.5891328454017639,0.6604537963867188,0.639303982257843,0.5064901113510132,0.33531686663627625,0.4329189658164978,0.2956296503543854,0.675708532333374,0.21499097347259521,0.5264517068862915,27.772844858463436,37.66458923104792,12.850128902691313,14.255830845522972,179.93891082200903,37.62256806172115,21.820506473582533,0.15902806973431785,0.13631331646708417,0.014956558218012042,0.047721075950495705,0.00044196385910478365,0.001410150021166894,6.463174819946289,10.020941075064773,150.5982437370572,140.57730266199243
2403,95.85940408706665,5.358003616333008,0.5474065542221069,0.4170861542224884,0.5887511968612671,0.6604505777359009,0.6402208805084229,0.5077521204948425,0.33529430627822876,0.4325691759586334,0.2954445481300354,0.6765395402908325,0.21425914764404297,0.5275723934173584,28.26908450783376,37.866569196334346,12.775139951219694,14.285713549361914,179.9199768340723,15.880032244943859,6.463506827096565,0.04991877819699186,0.042832084939948015,0.012213467146530054,0.027244579756971192,0.00038166211257661525,0.0008513736305633681,6.463174819946289,10.020941075064773,150.5982437370572,140.57730266199243
2404,95.9055769443512,5.404176473617554,0.5476040840148926,0.4172467589378357,0.5876706838607788,0.6599776148796082,0.6429280042648315,0.5186657309532166,0.33521705865859985,0.4326260983943939,0.2950440049171448,0.6773900389671326,0.2095663845539093,0.5416988134384155,30.730100263932567,41.52939457527493,12.475411767564657,14.4134094580757,179.8499029528135,53.30005333940014,79.32854049659458,0.24352727769207633,0.3223861242381283,0.025545145374152093,0.020360387427252585,0.0011794923516737024,0.0009400972629365962,6.463174819946289,10.020941075064773,150.5982437370572,140.57730266199243
2405,95.93616080284119,5.434760332107544,0.5476903915405273,0.41742438077926636,0.5867136716842651,0.6595422625541687,0.6442016363143921,0.5220569372177124,0.3350822329521179,0.43269267678260803,0.29454725980758667,0.6779009699821472,0.20766222476959229,0.545166552066803,31.847593529676676,42.5944592790925,12.2563483342987,14.529274165106784,179.75600470860974,36.53866192553345,34.824405958004064,0.11844443672651948,0.1293538219713898,0.03437702034361438,0.023300043214808178,0.0010513819254966176,0.0007126052244923504,6.463174819946289,10.020941075064773,150.5982437370572,140.57730266199243
2406,95.96737122535706,5.465970754623413,0.5484018921852112,0.41863128542900085,0.5862569212913513,0.659054696559906,0.6474299430847168,0.5314368605613708,0.3346518874168396,0.4327126741409302,0.2940828204154968,0.6784647703170776,0.20469136536121368,0.5663108825683594,34.558362719321906,47.930264817508274,12.138161284519295,14.58498918208004,178.64571640750637,86.8546136556441,170.96229747299165,0.3178401614829526,0.6841310478956966,0.021405924834313705,0.02340442595157565,0.0006680879584218669,0.0007304620226900487,6.463174819946289,10.020941075064773,150.5982437370572,140.57730266199243
2407,95.99920272827148,5.497802257537842,0.5487189888954163,0.4194079041481018,0.5854021310806274,0.6588680148124695,0.6495007276535034,0.54472416639328,0.33461683988571167,0.43251702189445496,0.2945363521575928,0.6793729662895203,0.20302104949951172,0.5910274982452393,38.02630641055386,55.231953576422406,11.991624441670679,14.393680502542312,178.59764886203763,108.94690396977732,229.3856114347775,0.4224651408140171,0.7782538672437971,0.027486541590818512,0.031891075411500956,0.0008749379287557055,0.0010151408599054586,6.463174819946289,10.020941075064773,150.5982437370572,140.57730266199243
2408,96.02966070175171,5.528260231018066,0.548728346824646,0.42013970017433167,0.5854014158248901,0.6584716439247131,0.6530519723892212,0.5564267635345459,0.3346008062362671,0.43242552876472473,0.2949273884296417,0.6802269816398621,0.20076584815979004,0.6045676469802856,42.29006630189307,60.31387892571399,12.029817910658354,14.320561847137881,178.03791197109973,139.98829876542953,166.8504095517425,0.4015224204112768,0.45067585813154,0.01301371981811909,0.030838640153508574,0.0003963715330993447,0.000939282483961754,6.463174819946289,10.020941075064773,150.5982437370572,140.57730266199243
2409,96.0616614818573,5.560261011123657,0.5488389730453491,0.4209459125995636,0.5855638384819031,0.6579965949058533,0.6557647585868835,0.5581815242767334,0.334589421749115,0.43242520093917847,0.29517436027526855,0.681393563747406,0.19954554736614227,0.6064392328262329,43.925583632166685,60.9065148827151,12.105861211664253,14.252527576311238,177.9414184165246,51.10867062855994,18.51942218426008,0.10096161328922622,0.06981927160018074,0.015688632959841766,0.0372627859409379,0.0005020484935052208,0.0011924382190176548,6.463174819946289,10.020941075064773,150.5982437370572,140.57730266199243
2410,96.09266018867493,5.591259717941284,0.549026608467102,0.4223581552505493,0.5855588912963867,0.6578769087791443,0.6570730805397034,0.5684993863105774,0.3347491919994354,0.4326053559780121,0.2965276539325714,0.6832096576690674,0.19379915297031403,0.6224159002304077,47.48168326130721,68.05513437095212,12.146104768318475,13.922112455976283,177.30049408193352,114.71767677477445,230.61024868856984,0.33551334949482436,0.5477216099645078,0.0038643008205843377,0.07306311933665399,0.00011978832819240913,0.0022648622154982276,6.463174819946289,10.020941075064773,150.5982437370572,140.57730266199243
2411,96.12365984916687,5.6222593784332275,0.549288809299469,0.42333322763442993,0.5855475068092346,0.6576969027519226,0.6576812267303467,0.5707316994667053,0.33482930064201355,0.4329608976840973,0.29744043946266174,0.6848501563072205,0.19136935472488403,0.6267257332801819,48.46875440342892,69.72128966007699,12.166204335588946,13.6956045602065,177.10195525833703,31.841353307022217,53.74753344662913,0.07463529830209743,0.15960120896160218,0.005818311272150513,0.06056008449782558,0.00018036567407311296,0.0018773420587959951,6.463174819946289,10.020941075064773,150.5982437370572,140.57730266199243
2412,96.15356254577637,5.652162075042725,0.549504816532135,0.423997700214386,0.5855401158332825,0.6573711037635803,0.6583251953125,0.5718474984169006,0.33488622307777405,0.43301552534103394,0.2980385720729828,0.6855527758598328,0.19104915857315063,0.6281512975692749,49.17727388493961,70.08718548303496,12.195127734901266,13.546271267417358,176.92187923707272,23.694166809212334,12.236214938613882,0.043082888503583536,0.04886119496931783,0.010898107836952619,0.030857864523368014,0.00032588281226597653,0.0009227333608592366,6.463174819946289,10.020941075064773,150.5982437370572,140.57730266199243
2413,96.18474555015564,5.683345079421997,0.5494096279144287,0.42578306794166565,0.5836904644966125,0.6565880179405212,0.6702412962913513,0.5848783254623413,0.3347410559654236,0.433648943901062,0.2996520400047302,0.6872665286064148,0.1916056126356125,0.6385773420333862,58.805563010231936,73.61924038273484,11.929377693981245,13.233615422157031,176.8530743508684,308.76720562859913,113.26858877163438,0.5662617874456627,0.33482608612449444,0.06441296987491983,0.0754824231576789,0.00200858992169157,0.0023537687318839983,6.463174819946289,10.020941075064773,150.5982437370572,140.57730266199243
2414,96.21668672561646,5.7152862548828125,0.5495480895042419,0.42693373560905457,0.5841608047485352,0.6562903523445129,0.6878224611282349,0.6012817621231079,0.33441734313964844,0.43418005108833313,0.2996247410774231,0.6879937052726746,0.1908077746629715,0.6593596935272217,70.62898824645245,83.0628568028315,12.365008433449567,13.221003064914333,176.3667062148459,370.1624960773649,295.6565086867837,0.7527953303547896,0.6511238275459437,0.017426379446105485,0.022782157814799697,0.0005566190435348029,0.0007276889001385045,6.463174819946289,10.020941075064773,150.5982437370572,140.57730266199243
2415,96.24713492393494,5.745734453201294,0.5501087307929993,0.42953214049339294,0.5846267342567444,0.657174825668335,0.6849578022956848,0.6202964186668396,0.3341596722602844,0.43437066674232483,0.29863080382347107,0.684970498085022,0.1931248903274536,0.6779540181159973,78.44044359602508,94.26459859173595,12.521809572033472,13.977173097632457,175.5881562399936,256.5490170507471,367.8950613673982,0.6315392992792176,0.6154105049123888,0.0328325382535188,0.10451861921119245,0.0009996916360422688,0.003182403645716232,6.463174819946289,10.020941075064773,150.5982437370572,140.57730266199243
2416,96.27809715270996,5.776696681976318,0.5506895184516907,0.4308859407901764,0.5849245190620422,0.657933235168457,0.6843671798706055,0.6236091256141663,0.33403512835502625,0.4343743920326233,0.29753345251083374,0.6830178499221802,0.19414207339286804,0.6823680996894836,79.53179394860548,97.99149068024774,12.570555441795394,14.551714257638357,175.08889346999217,35.24779693704545,120.36898621193818,0.10867906543063646,0.1462997304941398,0.026315176315035393,0.07234199374250362,0.0008147765093212297,0.002239869360296782,6.463174819946289,10.020941075064773,150.5982437370572,140.57730266199243
2417,96.30915927886963,5.807758808135986,0.5507310628890991,0.43139758706092834,0.5844155550003052,0.6579246520996094,0.6875929832458496,0.6354587078094482,0.33288097381591797,0.4342661201953888,0.2952013313770294,0.6799188852310181,0.1940028965473175,0.7001816034317017,86.17398801316334,110.04286327430174,12.505699399672254,15.129365561252062,175.08745974468553,213.83578285707588,387.9764228664385,0.39536297260761105,0.5734973625587595,0.01638768787300494,0.12486104651836799,0.0005090364281765403,0.0038784495793817175,6.463174819946289,10.020941075064773,150.5982437370572,140.57730266199243
2418,96.34137511253357,5.839974641799927,0.5507681965827942,0.43171268701553345,0.5840760469436646,0.657910943031311,0.6887423992156982,0.6381340026855469,0.33214324712753296,0.43418407440185547,0.29377833008766174,0.6779472827911377,0.1939036101102829,0.7033560276031494,87.6766318479313,113.21778568532156,12.46412371595289,15.476598227408235,175.0757997457127,46.64302188926103,98.55161421985954,0.09038295701634283,0.09858433326744964,0.010547134311447633,0.0754750319645655,0.0003397847246088358,0.002431491075551029,6.463174819946289,10.020941075064773,150.5982437370572,140.57730266199243
2419,96.37155437469482,5.870153903961182,0.5507842898368835,0.4318958818912506,0.5837843418121338,0.6578986048698425,0.6893113255500793,0.6383457183837891,0.3316164016723633,0.43411147594451904,0.2929404079914093,0.6768661737442017,0.19385094940662384,0.7039111256599426,87.81022843618977,114.31853701615927,12.419725994825201,15.674525811255759,175.0716003977289,4.4267678760545,36.47376549354113,0.020114560477905684,0.018475943863862344,0.009674389819968437,0.045322917151979544,0.0002919659466270029,0.0013678121986424262,6.463174819946289,10.020941075064773,150.5982437370572,140.57730266199243
2420,96.4035370349884,5.902136564254761,0.5507855415344238,0.43202316761016846,0.5834532380104065,0.6574332118034363,0.6907190680503845,0.6548157334327698,0.3309558928012848,0.4341808557510376,0.2921232581138611,0.6779891848564148,0.19397661089897156,0.7201896905899048,96.84837255532078,122.31623142354735,12.358683149648982,15.767648860926254,175.21982558667546,282.59513236756976,250.06345106925684,0.5168446727765323,0.5089961182658845,0.017858336221636975,0.04342490799590311,0.0005711571007851343,0.001388844080712896,6.463174819946289,10.020941075064773,150.5982437370572,140.57730266199243
2421,96.43371272087097,5.932312250137329,0.5507411360740662,0.43252673745155334,0.5837892293930054,0.657781720161438,0.6986569762229919,0.6752117872238159,0.33087533712387085,0.43424251675605774,0.2920580804347992,0.6780293583869934,0.19325359165668488,0.738934338092804,106.97481353233225,130.69751964027884,12.517902000348789,15.66458212556538,175.22848338174174,335.5827939228791,277.74971708507627,0.7252953049248874,0.6216457367630411,0.016042562479296803,0.002537273757663463,0.0004840953261267374,7.656397590933653e-05,6.463174819946289,10.020941075064773,150.5982437370572,140.57730266199243
2422,96.46493768692017,5.963537216186523,0.5506702661514282,0.43260082602500916,0.5837506651878357,0.6577758193016052,0.7024433612823486,0.69492506980896,0.33059340715408325,0.4342171251773834,0.291878879070282,0.6780053377151489,0.18998736143112183,0.7606833577156067,115.73695746075676,138.0804201277631,12.417816323495572,15.68317204344947,175.50482689808896,280.61340129625495,236.4422262574323,0.6428708368505416,0.7043373726932582,0.0012494184908940912,0.00579036971081456,3.901304995940362e-05,0.00018080409763246785,6.463174819946289,10.020941075064773,150.5982437370572,140.57730266199243
2423,96.49714922904968,5.99574875831604,0.5506270527839661,0.4326210021972656,0.5836611986160278,0.6577614545822144,0.7040706872940063,0.6988396048545837,0.3304107189178467,0.4342183470726013,0.29172632098197937,0.6780406832695007,0.18827693164348602,0.764775812625885,117.1845345077692,138.99279401893435,12.327474490581535,15.700155488070141,175.69681565095644,44.939700222734054,28.32443996325203,0.13160850748476927,0.137699428260251,0.0028130423107064675,0.004861583485871652,9.06124309034341e-05,0.0001565991012713169,6.463174819946289,10.020941075064773,150.5982437370572,140.57730266199243
2424,96.52819180488586,6.026791334152222,0.5505608320236206,0.4326091408729553,0.5835322141647339,0.65748131275177,0.7041743397712708,0.6997478008270264,0.33017536997795105,0.43419501185417175,0.29168063402175903,0.6779755353927612,0.18795323371887207,0.7649650573730469,117.64913580300794,138.9577363074247,12.280396309802846,15.687648087721396,175.85360062722327,14.966583240080904,-1.129342864285625,0.02944638914202553,0.012078848116831898,0.009935049351829178,0.0025632860262554957,0.0003084095229403645,7.957100085986092e-05,6.463174819946289,10.020941075064773,150.5982437370572,140.57730266199243
2425,96.56119680404663,6.059796333312988,0.5502766370773315,0.4324750602245331,0.5836648344993591,0.6574388742446899,0.7040411829948425,0.7185435891151428,0.3301653265953064,0.43441057205200195,0.2915668487548828,0.6811667084693909,0.18358705937862396,0.792411744594574,125.35496306176508,144.74369674672377,12.335475239894054,15.49446266128709,176.0565565278297,233.47454793809356,175.30557753132422,0.5694973618450928,0.8420481798856629,0.004218907423115136,0.09674901049722849,0.00013924503595926703,0.0031932010102660256,6.463174819946289,10.020941075064773,150.5982437370572,140.57730266199243
2426,96.59119153022766,6.0897910594940186,0.5500688552856445,0.43237218260765076,0.5837653875350952,0.6574056148529053,0.7038882970809937,0.7223965525627136,0.33015355467796326,0.4345570206642151,0.2914809584617615,0.6831206679344177,0.18154390156269073,0.7972191572189331,126.93123011631607,144.90756108582858,12.373912678597808,15.37704661455396,176.21365419727053,52.551473383607124,5.463105017722699,0.12855578324756867,0.17414969888083487,0.0035309811313332592,0.06520633941299188,0.00010591081218472561,0.0019558462959600137,6.463174819946289,10.020941075064773,150.5982437370572,140.57730266199243
2427,96.62365293502808,6.122252464294434,0.5499472618103027,0.43236100673675537,0.5840212106704712,0.6569765210151672,0.7030634880065918,0.7301463484764099,0.33012017607688904,0.43500080704689026,0.29102659225463867,0.6869753003120422,0.1786755621433258,0.8078850507736206,130.20308018100812,145.9204014643797,12.463970824364711,15.334092407455337,176.35862453166604,100.79200468398132,31.201372361376315,0.24008709696999808,0.3402455183318834,0.015389562269308932,0.11956720025041671,0.0004995668105252311,0.0038813192881810635,6.463174819946289,10.020941075064773,150.5982437370572,140.57730266199243
2428,96.653559923172,6.1521594524383545,0.5496320128440857,0.43230101466178894,0.5844495892524719,0.6565771698951721,0.7025080919265747,0.7445306777954102,0.32998356223106384,0.43551793694496155,0.28999248147010803,0.6891377568244934,0.17807643115520477,0.8210269212722778,135.5104836604716,148.64404049335397,12.571667400729977,15.468441878552456,176.62793442973614,177.46365678559002,91.07032162073136,0.48132722387118376,0.43988115354124363,0.019582482667477242,0.08014845212485798,0.0005856530769647784,0.002396998807451739,6.463174819946289,10.020941075064773,150.5982437370572,140.57730266199243
2429,96.69984436035156,6.19844388961792,0.5493183732032776,0.4322175681591034,0.5847153663635254,0.6562736630439758,0.7021095752716064,0.7474899291992188,0.32987838983535767,0.4358873665332794,0.28937602043151855,0.6903916597366333,0.17779579758644104,0.8237375617027283,136.82504615329697,149.12067207454177,12.646475860534826,15.552835805412615,176.83423293397666,28.401825169124855,10.297880026901046,0.06451336019039478,0.05887786312684889,0.00871627031291553,0.03018824916206253,0.00040342766573825,0.0013972461219025518,6.463174819946289,10.020941075064773,150.5982437370572,140.57730266199243
2430,96.73035955429077,6.228959083557129,0.549100399017334,0.43210846185684204,0.5848998427391052,0.6560970544815063,0.701800525188446,0.7482355833053589,0.3298066258430481,0.4361586570739746,0.2889502942562103,0.6913354396820068,0.17760609090328217,0.8244465589523315,137.32501259531927,149.1847576591874,12.692102713895475,15.605765843804393,176.9970729863695,16.384180386279354,2.1001205095826427,0.02645118147686522,0.024051575882147715,0.008369149247746104,0.03392921693564742,0.00025538621240115734,0.0010353566349967749,6.463174819946289,10.020941075064773,150.5982437370572,140.57730266199243
2431,96.76155090332031,6.26015043258667,0.5490983128547668,0.4318942427635193,0.585950493812561,0.6558688879013062,0.7015823721885681,0.7573811411857605,0.32980066537857056,0.4366653859615326,0.2887048125267029,0.6910125613212585,0.17766572535037994,0.8317660093307495,140.62319931830964,150.90859919189467,12.93895846790762,15.570834359259072,178.47341409714383,105.7404320623228,55.26665522144091,0.2932915582231099,0.23467062293864052,0.03446919736846526,0.013003619615313761,0.0010751407658879367,0.0004056004380686374,6.463174819946289,10.020941075064773,150.5982437370572,140.57730266199243
2432,96.79272675514221,6.291326284408569,0.549095094203949,0.4317493140697479,0.5864170789718628,0.6559070348739624,0.7014930248260498,0.7717136144638062,0.3297097384929657,0.4369145333766937,0.2885853052139282,0.6908703446388245,0.17863087356090546,0.8422381281852722,144.63427554270606,153.20349467001125,12.976573763815123,15.605321832082447,179.16318207707852,128.65971545254928,73.61131593859264,0.4597388982014627,0.33732841163052996,0.01501617248146446,0.0059585273801000815,0.0004681419682142196,0.00018576216667873067,6.463174819946289,10.020941075064773,150.5982437370572,140.57730266199243
2433,96.82457733154297,6.323176860809326,0.5490912795066833,0.4316079318523407,0.5867388844490051,0.6559107899665833,0.7014090418815613,0.7749506235122681,0.32964563369750977,0.4371117353439331,0.2885259985923767,0.6907521486282349,0.1794307976961136,0.8446959853172302,145.5990066771236,153.88453974684293,12.992958933752673,15.627976975740813,179.51102678182824,30.28928337995867,21.382503985563563,0.10166529725899645,0.0811524245230938,0.010104287630822537,0.004151905547244356,0.0003218273851607355,0.00013224058484123248,6.463174819946289,10.020941075064773,150.5982437370572,140.57730266199243
2434,96.8547911643982,6.353390693664551,0.5489799976348877,0.4315870702266693,0.5867392420768738,0.6561649441719055,0.700810432434082,0.7853870987892151,0.329639732837677,0.43723064661026,0.288617879152298,0.6906697750091553,0.1836613267660141,0.846943736076355,148.1075819929669,155.30814270164296,12.963435694400596,15.725006272555216,179.3990347852137,83.02737781941217,47.117588874655496,0.34598816316032555,0.15855620728394432,0.008411857514216258,0.0040842072753126185,0.0002541544569364952,0.00012339955596238778,6.463174819946289,10.020941075064773,150.5982437370572,140.57730266199243
2435,96.8851261138916,6.383725643157959,0.5489179491996765,0.4315733015537262,0.5867524147033691,0.6562801599502563,0.7002748250961304,0.7879804968833923,0.329639732837677,0.437338650226593,0.2887815535068512,0.6905864477157593,0.18584278225898743,0.8474097847938538,148.7968741787993,155.88406261198634,12.93957080049751,15.775607958871724,179.33374547323643,22.72270754834022,18.985359130679306,0.0872963154449202,0.0735351029499695,0.003822862707207009,0.006054558542662634,0.00011596634714335836,0.00018366472759655418,6.463174819946289,10.020941075064773,150.5982437370572,140.57730266199243
2436,96.93329858779907,6.43189811706543,0.5488805174827576,0.431580126285553,0.5869539976119995,0.6563875675201416,0.6974353790283203,0.7897340059280396,0.3296087384223938,0.4375079870223999,0.28887808322906494,0.6904150247573853,0.1900438368320465,0.8475703597068787,149.96969398420936,156.98332804801376,12.939103136129482,15.739709924414905,179.2463975933603,24.34626479144086,22.81936854932722,0.06927714697519714,0.08727229268756988,0.004741546587794661,0.004083926843323675,0.00022841202928159507,0.00019673285930002892,6.463174819946289,10.020941075064773,150.5982437370572,140.57730266199243
2437,96.96457529067993,6.463174819946289,0.5488415956497192,0.4315728545188904,0.5870698690414429,0.6564589738845825,0.695656955242157,0.7903175950050354,0.3295918107032776,0.4375995099544525,0.2890356481075287,0.6899939775466919,0.1924947053194046,0.8475376963615417,150.5982437370572,157.6290971057566,12.95098634858606,15.715357661884308,179.2560354412097,20.09641985736623,20.646967175624177,0.05984417387940203,0.07836779162339291,0.004351698641718361,0.014373753442260934,0.00013610678544406448,0.0004495636156963249,6.463174819946289,10.020941075064773,150.5982437370572,140.57730266199243
