Frame,Timestamp,Rep Duration,Left Shoulder X,Left Shoulder Y,Left Elbow X,Left Elbow Y,Left Wrist X,Left Wrist Y,Right Shoulder X,Right Shoulder Y,Right Elbow X,Right Elbow Y,Right Wrist X,Right Wrist Y,Left Elbow Angle,Right Elbow Angle,Left Shoulder Angle,Right Shoulder Angle,Torso Angle,Left Angular Velocity,Right Angular Velocity,Left Wrist Velocity,Right Wrist Velocity,Left Elbow Velocity,Right Elbow Velocity,Left Elbow Drift,Right Elbow Drift,Rep Tempo,Rep Min Angle,Rep Max Angle,Rep ROM
0,77.88144874572754,0.0,0.6738223433494568,0.35540544986724854,0.7168511152267456,0.5853027105331421,0.6550981402397156,0.5326527953147888,0.43001851439476013,0.3223816454410553,0.3211812674999237,0.44929543137550354,0.3645901083946228,0.4971711337566376,38.94832652076357,97.18609606517145,16.71551250498269,39.30851350836595,176.32815292756325,-622.4164687534706,-36.01669637367522,0.8238228445632587,0.07053083834199857,0.1411271581610099,0.29786738755346825,0.00469040506374517,0.009899715413466912,13.876006603240967,1.5826675999284268,160.33313355767154,158.75046595774313
1,77.92844605445862,0.0469973087310791,0.6724735498428345,0.3554767966270447,0.7136305570602417,0.5856215953826904,0.6436690092086792,0.546863317489624,0.42945584654808044,0.3223592936992645,0.32060474157333374,0.45335811376571655,0.36358749866485596,0.4988482892513275,50.87473053222428,96.89911469146257,16.307779794348264,38.36665139257558,176.390133121454,253.7678078484062,-6.106336329831241,0.38802938301217255,0.04157663551514548,0.06886153702941543,0.08731106825122446,0.0032363069154680724,0.004103385230243115,13.876006603240967,1.5826675999284268,160.33313355767154,158.75046595774313
2,77.97344613075256,0.09199738502502441,0.6701124310493469,0.3554770052433014,0.7141879796981812,0.5865454077720642,0.617494523525238,0.5547472238540649,0.4280257225036621,0.32268622517585754,0.32062050700187683,0.4659203588962555,0.3695172965526581,0.49978575110435486,60.99700380146147,87.84137989528742,16.823200828075596,35.63122786488474,176.24403754450518,224.93902461670106,-201.2826542117187,0.6074667684952857,0.13340963651108959,0.02397679310728108,0.2791607494432855,0.0010789575191117906,0.0125622550232228,13.876006603240967,1.5826675999284268,160.33313355767154,158.75046595774313
3,78.00544619560242,0.12399744987487793,0.6695405840873718,0.35670122504234314,0.7143484354019165,0.5877822637557983,0.6196237802505493,0.5597091913223267,0.42609190940856934,0.3239656090736389,0.32065051794052124,0.46730855107307434,0.3688439130783081,0.5034828186035156,62.51824426132964,90.55435999857882,17.01221795596984,35.15496189322459,176.02615549423587,47.53866803101613,84.78045641535064,0.16873477127674763,0.117433891642069,0.03897555890444069,0.043391053877114234,0.0012472204125013877,0.0013885165379711433,13.876006603240967,1.5826675999284268,160.33313355767154,158.75046595774313
4,78.03744697570801,0.15599822998046875,0.6691831946372986,0.3583429157733917,0.7146304249763489,0.5889154076576233,0.6429417133331299,0.5606133341789246,0.42450016736984253,0.32496920228004456,0.3206653594970703,0.478654682636261,0.3654264807701111,0.5037594437599182,57.30591916756282,85.2421471725069,17.144991579990805,33.04734721044387,175.14737208226651,-162.8811884137844,-166.00260395351495,0.7292152034354207,0.10714144385714286,0.03648986834339407,0.3545582711626521,0.0011677042529389132,0.011346141270094473,13.876006603240967,1.5826675999284268,160.33313355767154,158.75046595774313
5,78.0684461593628,0.1869974136352539,0.6694374680519104,0.36309418082237244,0.7161757946014404,0.5916339159011841,0.6586213111877441,0.5676962733268738,0.42079347372055054,0.3273651897907257,0.32099178433418274,0.5197563767433167,0.36409249901771545,0.5080138444900513,55.85885150103552,47.3422513151718,17.618118474454903,26.466717567599197,175.49891268217786,-46.680831425827826,-1222.609481572097,0.5550200444209473,0.14383074777153873,0.10087530229346428,1.325937829790899,0.0031270520220270694,0.04110299030051534,13.876006603240967,1.5826675999284268,160.33313355767154,158.75046595774313
6,78.09944605827332,0.21799731254577637,0.6702545881271362,0.3649507164955139,0.7175174355506897,0.5937566161155701,0.6602632403373718,0.5736553072929382,0.4190078675746918,0.32873958349227905,0.32269999384880066,0.5315795540809631,0.36164945363998413,0.5127237439155579,58.98335032826961,38.76968474785794,17.812088155992374,24.489166475942188,175.72523369549737,100.79061342272722,-276.53530716527695,0.19939102479343374,0.1711557302425528,0.08100498926859609,0.3853541863367409,0.0025111464785744354,0.011945940821185604,13.876006603240967,1.5826675999284268,160.33313355767154,158.75046595774313
7,78.13244652748108,0.25099778175354004,0.6705078482627869,0.3649652898311615,0.7185850143432617,0.593741774559021,0.6585701704025269,0.5740801692008972,0.4187711179256439,0.3292761743068695,0.3235040009021759,0.5274751782417297,0.3605586886405945,0.5135881900787354,59.99260466595164,43.78358909652321,18.023890373364587,24.75664348010852,175.8456896919756,30.58302993596811,151.93433514835306,0.052895124680617744,0.04217437642193511,0.032353538522592075,0.12673707973200657,0.0010676819517769956,0.004182383097177972,13.876006603240967,1.5826675999284268,160.33313355767154,158.75046595774313
8,78.17785882949829,0.29641008377075195,0.6702524423599243,0.36483290791511536,0.7188045978546143,0.5924549698829651,0.6576684713363647,0.575431227684021,0.41886186599731445,0.3295948803424835,0.3234681189060211,0.5116451978683472,0.3605823814868927,0.5138739347457886,62.3989640261049,65.78213839584015,18.17912299580908,26.729797084296003,175.83420697522297,52.989151689364164,484.4182814379059,0.035768313774953354,0.006313823161500467,0.028745633163227483,0.34858442178056653,0.001305405374884469,0.01583002104039427,13.876006603240967,1.5826675999284268,160.33313355767154,158.75046595774313
9,78.2092592716217,0.32781052589416504,0.6687193512916565,0.36474817991256714,0.7185696363449097,0.592755138874054,0.6571004390716553,0.5391576290130615,0.41786232590675354,0.3312153220176697,0.3249211013317108,0.5322231650352478,0.36035585403442383,0.5174698829650879,36.58069893122104,42.580871562190396,18.384896469849817,23.988036022622182,176.58300529834057,-822.2261646320261,-738.8834444579433,1.1553355157275893,0.1147460348093712,0.012139743176364,0.6569716397852783,0.0003811933030025167,0.02062919995180142,13.876006603240967,1.5826675999284268,160.33313355767154,158.75046595774313
10,78.2408230304718,0.3593742847442627,0.6688326001167297,0.36559516191482544,0.7188339233398438,0.5935831069946289,0.6398115754127502,0.5473476648330688,0.41761112213134766,0.33468934893608093,0.3266151547431946,0.5541077852249146,0.36028167605400085,0.5200011134147644,47.29837288832657,22.10341473645053,18.51413471196623,21.64815653372827,177.49599968886562,339.55632496135246,-648.764835740611,0.6060952016324485,0.08022862946375639,0.027535545610212993,0.6954206356713523,0.000869125321446628,0.02195008924371218,13.876006603240967,1.5826675999284268,160.33313355767154,158.75046595774313
11,78.27165961265564,0.3902108669281006,0.6684354543685913,0.364822655916214,0.7199689149856567,0.5935841798782349,0.6495672464370728,0.5620666742324829,0.41767001152038574,0.33441439270973206,0.3242936432361603,0.5485542416572571,0.35922718048095703,0.5196705460548401,53.18764237793282,26.855663803904143,19.025225948409076,22.580163927747105,177.27186960174848,190.98321125526488,154.11075842070352,0.5726475237388643,0.035837153595880265,0.036806678059634085,0.19519805834749937,0.0011349921528999694,0.006019240968358248,13.876006603240967,1.5826675999284268,160.33313355767154,158.75046595774313
12,78.30265855789185,0.42120981216430664,0.6684262156486511,0.3644055426120758,0.7224097847938538,0.5949671268463135,0.6566156148910522,0.6096785068511963,0.41693729162216187,0.3347431719303131,0.3242935240268707,0.5648809671401978,0.35654452443122864,0.5201217532157898,89.42603049936895,13.84678825867899,19.574869477533042,20.931576155315067,177.3720497902868,1169.0200374660014,-419.6554252443108,1.5526566645162105,0.08775578039094296,0.09050053517193253,0.5266864842971056,0.0028054211336420764,0.016326725483375878,13.876006603240967,1.5826675999284268,160.33313355767154,158.75046595774313
13,78.33365821838379,0.45220947265625,0.6681804060935974,0.36424189805984497,0.7234075665473938,0.5975266098976135,0.656456708908081,0.6138985753059387,0.41647782921791077,0.3351164162158966,0.3245018422603607,0.5747045874595642,0.3553818464279175,0.52064049243927,90.42243743615086,8.73248612879712,19.81632870862776,19.92897966322425,177.59430251993547,32.14251127172409,-164.97929489295691,0.13622920758766918,0.041069799548052364,0.08861688529517751,0.31696569246040934,0.002747093358003991,0.00982582885386642,13.876006603240967,1.5826675999284268,160.33313355767154,158.75046595774313
14,78.36387538909912,0.48242664337158203,0.667214035987854,0.36416441202163696,0.7234209179878235,0.5988666415214539,0.6548404693603516,0.5771846175193787,0.4158477783203125,0.3353408873081207,0.32460731267929077,0.5718244910240173,0.3551575243473053,0.5203654170036316,58.987761364631076,9.59905961896675,20.138246119149205,19.78163950698409,177.52136505543456,-1040.2918382947744,28.678180969799904,1.216179911467478,0.011746510778175472,0.04434889515397827,0.09537712854117779,0.0013400981359041227,0.002882026975466936,13.876006603240967,1.5826675999284268,160.33313355767154,158.75046595774313
15,78.39567923545837,0.514230489730835,0.6670676469802856,0.3645784556865692,0.7228535413742065,0.6003784537315369,0.6387981176376343,0.5752338171005249,0.4165440499782562,0.3352893888950348,0.3246880769729614,0.5383157730102539,0.3556661307811737,0.5171667337417603,60.03539968979908,31.334642959579398,19.993538184207967,22.930528447541217,177.3853990697365,32.940617098132996,683.4262464699951,0.5081312492160368,0.10183882462115348,0.05077288918344422,1.0536088926498453,0.001614773166805635,0.033508815344578294,13.876006603240967,1.5826675999284268,160.33313355767154,158.75046595774313
16,78.42687034606934,0.5454216003417969,0.6668802499771118,0.3650885224342346,0.7225618362426758,0.6026456356048584,0.6365168690681458,0.5913508534431458,0.4169727861881256,0.33503860235214233,0.32523590326309204,0.5241752862930298,0.35756784677505493,0.5149012804031372,69.33020945346267,48.12037994395322,19.938413778318196,24.34198634180662,177.26860185015232,297.9954731203766,538.1577204395724,0.5218692898353522,0.09482950176638397,0.07328597162821765,0.45368998788687265,0.0022858708472875532,0.014151094595265416,13.876006603240967,1.5826675999284268,160.33313355767154,158.75046595774313
17,78.45722007751465,0.5757713317871094,0.6666297316551208,0.36550694704055786,0.7217522859573364,0.6045078635215759,0.6382318735122681,0.5764963626861572,0.41737523674964905,0.3348453938961029,0.3288017809391022,0.5284212827682495,0.35855597257614136,0.5116956830024719,58.47186907792305,36.071383625998976,19.723861856235136,23.0229244017545,177.1742345807684,-357.7738536205955,-397.0050390615632,0.4926951255565904,0.11052608364473651,0.06690610439040588,0.18269435101250625,0.0020305823003008623,0.005544724489805221,13.876006603240967,1.5826675999284268,160.33313355767154,158.75046595774313
18,78.48840808868408,0.606959342956543,0.6664213538169861,0.3655626177787781,0.7217604517936707,0.6044476628303528,0.6478360891342163,0.5127491354942322,0.4185333847999573,0.33481836318969727,0.32850006222724915,0.5271762609481812,0.3581071197986603,0.5102164149284363,25.83179391975672,35.11257812895566,19.751033349449926,23.407905666909194,177.16057197096657,-1046.5584028697497,-30.7427585502153,2.067033296038093,0.04956604533200501,0.0019479276241949133,0.041075383766772826,6.07519885006392e-05,0.0012810595277068823,13.876006603240967,1.5826675999284268,160.33313355767154,158.75046595774313
19,78.51979112625122,0.6383423805236816,0.6662477254867554,0.36561208963394165,0.7217074632644653,0.6045113801956177,0.650502622127533,0.50999915599823,0.41918936371803284,0.3347393572330475,0.3284299373626709,0.5260801315307617,0.35807520151138306,0.5094907283782959,23.924571851304982,35.39217745178112,19.75570953018186,23.63995127766316,177.1575924475641,-60.772385858811795,8.909249852800464,0.12205661083282096,0.023145884128856136,0.002640646494981731,0.034998850676107356,8.287150815354473e-05,0.0010983702455749538,13.876006603240967,1.5826675999284268,160.33313355767154,158.75046595774313
20,78.55097341537476,0.6695246696472168,0.6661406755447388,0.3656364977359772,0.7217018008232117,0.6044842004776001,0.6525925993919373,0.5085580945014954,0.41964077949523926,0.3346535563468933,0.32836055755615234,0.5247955918312073,0.35807105898857117,0.5088167786598206,22.67522428626919,36.08392439502387,19.768997579334457,23.866441683840595,177.1678265286522,-40.06593486726517,22.183969255824934,0.08141269268246024,0.021613629678454524,0.0008903544773621967,0.041254571809414,2.7763290735542058e-05,0.0012864119858287902,13.876006603240967,1.5826675999284268,160.33313355767154,158.75046595774313
21,78.58325672149658,0.701807975769043,0.6663793325424194,0.366057425737381,0.723145604133606,0.6094588041305542,0.6715407371520996,0.5513467788696289,0.4196101129055023,0.3347996175289154,0.3283434212207794,0.5422945022583008,0.35419487953186035,0.5049499869346619,28.47793286498453,10.950316866448178,19.452913929470203,22.418393702911985,176.78914075586184,179.74331863093263,-778.5326395546368,1.4495542649926698,0.1695957481141664,0.1604510060846041,0.5420423407594304,0.0051798889469842685,0.017498918817727905,13.876006603240967,1.5826675999284268,160.33313355767154,158.75046595774313
22,78.61428117752075,0.7328324317932129,0.6670040488243103,0.3662659227848053,0.7243949174880981,0.6125344634056091,0.6737674474716187,0.5852829217910767,0.4196256697177887,0.33483943343162537,0.3280108571052551,0.541302502155304,0.3540342450141907,0.5039879083633423,48.58931401004538,10.963596475564685,19.24777067985706,22.861789235185537,176.81896575439032,648.2428291214153,0.42803680767719693,1.096203489155394,0.03143960524769836,0.10700295255246635,0.033723765674455765,0.0033197083959203328,0.0010462614851365639,13.876006603240967,1.5826675999284268,160.33313355767154,158.75046595774313
23,78.64491367340088,0.7634649276733398,0.6669230461120605,0.3667674958705902,0.727708101272583,0.6127091646194458,0.666435182094574,0.5513744354248047,0.4195912480354309,0.3347334563732147,0.32584670186042786,0.5339500308036804,0.3540821671485901,0.5026971101760864,31.088536834218335,16.8961692712699,20.521610914713865,23.748925600547523,177.13711447693504,-571.3141117952715,193.66925956412237,1.1325287747764226,0.0421672286790479,0.10830937575771159,0.25020355155513135,0.0033177865066772224,0.007664359262205693,13.876006603240967,1.5826675999284268,160.33313355767154,158.75046595774313
24,78.67507719993591,0.793628454208374,0.6669982671737671,0.36685803532600403,0.7291557192802429,0.6141629815101624,0.6764546632766724,0.5508614778518677,0.41958028078079224,0.33475592732429504,0.32401180267333984,0.5354557037353516,0.35340777039527893,0.5023391842842102,25.670303738929793,16.131265420877277,21.053502067500727,23.826907966963766,177.80228357299936,-179.6286349010087,-25.358568385702764,0.3326071065048635,0.02531180289638078,0.06801688031507155,0.0786905685669109,0.0020516289742139046,0.0023735850530249435,13.876006603240967,1.5826675999284268,160.33313355767154,158.75046595774313
25,78.7063627243042,0.8249139785766602,0.6673678755760193,0.36853325366973877,0.729584276676178,0.6164324879646301,0.6754581332206726,0.5656782388687134,0.4199564456939697,0.33476507663726807,0.32271021604537964,0.523770272731781,0.35343801975250244,0.5022595524787903,32.75263449183328,27.77985311112229,21.333197655740687,25.288201338205187,178.8766119920423,226.37724301922785,372.33154711170783,0.47466792669504304,0.0027227804373683535,0.07382375546222493,0.37581906245004243,0.0023096149004718344,0.01175769643634725,13.876006603240967,1.5826675999284268,160.33313355767154,158.75046595774313
26,78.73821210861206,0.8567633628845215,0.6675946116447449,0.3687470555305481,0.7300857901573181,0.6162824034690857,0.6759127378463745,0.5721467137336731,0.42022180557250977,0.33486589789390564,0.3207567036151886,0.5146570205688477,0.3536997437477112,0.5022755861282349,36.66124520698407,40.449081447192114,21.660728402784994,26.780423585871564,179.58357144655608,122.72170404832717,397.7856593272574,0.20359671442368488,0.008232958503183951,0.01643640491407863,0.2926360389718284,0.0005234893767481107,0.009320277667544046,13.876006603240967,1.5826675999284268,160.33313355767154,158.75046595774313
27,78.76890182495117,0.8874530792236328,0.6701011657714844,0.3688753545284271,0.7307600975036621,0.6174191236495972,0.6869863271713257,0.6741035580635071,0.42039117217063904,0.33564966917037964,0.3209988474845886,0.5154147148132324,0.3536682426929474,0.5012158751487732,128.60804434186275,37.57090914200526,21.624959966637274,26.52298957285228,179.46813352591653,2996.0133263825783,-93.78295561236176,3.3417198934871997,0.034545092102524225,0.04306570856362803,0.025918972902240038,0.0013216743797605818,0.0007954459261708598,13.876006603240967,1.5826675999284268,160.33313355767154,158.75046595774313
28,78.79986715316772,0.9184184074401855,0.6698039174079895,0.36873143911361694,0.731081485748291,0.6138706207275391,0.6845096349716187,0.5758019089698792,0.42039352655410767,0.33664360642433167,0.3212440013885498,0.5160443186759949,0.35368847846984863,0.5001441836357117,36.70213265532366,34.96366717601183,21.888105457879902,26.524640643192686,179.0252006265289,-2968.0264017808845,-84.1987511890706,3.1755789365896705,0.03461557182382876,0.11506505773769071,0.021819530329251588,0.0035630272791041836,0.0006756489181763024,13.876006603240967,1.5826675999284268,160.33313355767154,158.75046595774313
29,78.82989692687988,0.9484481811523438,0.6689594984054565,0.3683052957057953,0.7312830090522766,0.6111184358596802,0.6833271980285645,0.5410459637641907,0.4203557074069977,0.3373178243637085,0.32148733735084534,0.5166927576065063,0.3537011742591858,0.4991830885410309,19.991237952007886,32.61113467347402,22.142891487344148,26.47889245544434,178.82095054011,-556.4775433705652,-78.34000099658888,1.158052459859879,0.032007532061216565,0.09189390183892578,0.023063552735281812,0.0027595530777502195,0.0006925932696389402,13.876006603240967,1.5826675999284268,160.33313355767154,158.75046595774313
30,78.8768663406372,0.995417594909668,0.6687432527542114,0.3680964708328247,0.7308453321456909,0.6111062169075012,0.6824439167976379,0.5654469132423401,0.41935497522354126,0.3383369743824005,0.32629552483558655,0.5351149439811707,0.3552591800689697,0.507332980632782,32.334501874365905,20.88276001045469,22.04057037055928,23.109686051641688,178.4802575510048,262.79365516741757,-249.70238554851997,0.5198474726799378,0.17665702538289632,0.009321969365445914,0.40535565928376877,0.0004378474361587302,0.019039317679772277,13.876006603240967,1.5826675999284268,160.33313355767154,158.75046595774313
31,78.90894556045532,1.0274968147277832,0.6688169240951538,0.36809858679771423,0.730790913105011,0.6116834878921509,0.6847144365310669,0.6228333115577698,0.41906410455703735,0.33946552872657776,0.33378875255584717,0.5488017797470093,0.35626912117004395,0.5141826272010803,89.32863945694533,10.834121781759263,21.955898507042537,20.097215770708488,178.03548366545044,1776.6684447355124,-313.24447058469076,1.7902959661946922,0.21583134812173113,0.018074951386392424,0.48641393390905446,0.0005798303387258293,0.015603779508462734,13.876006603240967,1.5826675999284268,160.33313355767154,158.75046595774313
32,78.94086837768555,1.0594196319580078,0.6691314578056335,0.3683856427669525,0.7308083176612854,0.6153317093849182,0.6859073042869568,0.6876962780952454,0.41873031854629517,0.34072345495224,0.33597666025161743,0.5551308393478394,0.35695791244506836,0.5185755491256714,134.15786979835207,8.74925135660652,21.70355797060802,19.13772839662021,177.7654278614026,1404.300567149265,-65.3097253327248,2.032212066652197,0.13929202337450122,0.11428386730861091,0.20977351157012264,0.0036482630084560272,0.006696561469595432,13.876006603240967,1.5826675999284268,160.33313355767154,158.75046595774313
33,78.97386837005615,1.0924196243286133,0.6687151193618774,0.36858388781547546,0.727547287940979,0.6060121059417725,0.661404013633728,0.6547521948814392,0.41878095269203186,0.3408145010471344,0.3465893864631653,0.5467056632041931,0.37508144974708557,0.545181393623352,112.4690341934755,67.61552313741834,21.413121669596812,17.42886231819357,177.3757714546638,-657.237594521257,1783.8268300100144,1.2441690081119858,0.9755194726244532,0.29920213499714654,0.4106185121598451,0.009873668172174704,0.013550407768504257,13.876006603240967,1.5826675999284268,160.33313355767154,158.75046595774313
34,79.01987838745117,1.1384296417236328,0.6684292554855347,0.36860644817352295,0.725676953792572,0.6011155843734741,0.6550460457801819,0.6289339661598206,0.4188694357872009,0.3408685624599457,0.3497244715690613,0.5413077473640442,0.3803252875804901,0.5405780673027039,97.66521854518851,69.60127424842369,21.21576828483237,17.198053472144853,177.21944183517294,-321.75201154976,43.159103678589545,0.5779080576409668,0.15165633976688458,0.11392240082518762,0.13567253237129118,0.00524157164364927,0.006242295574429457,13.876006603240967,1.5826675999284268,160.33313355767154,158.75046595774313
35,79.05086851119995,1.169419765472412,0.6681060194969177,0.36862829327583313,0.7247410416603088,0.5990028977394104,0.6536537408828735,0.6186547875404358,0.41885891556739807,0.341057687997818,0.3501671850681305,0.5406185984611511,0.3816802501678467,0.5383570790290833,91.64168318802439,66.90103545432831,21.103702627471296,17.201416339613484,177.06489846977723,-194.3695161075757,-87.13223657913746,0.3347209363226257,0.08395174433959787,0.0745627566030906,0.026430935132856895,0.002310709054179888,0.0008190979505631936,13.876006603240967,1.5826675999284268,160.33313355767154,158.75046595774313
36,79.08186841011047,1.2004196643829346,0.6679946780204773,0.3691916763782501,0.7257544994354248,0.5984914898872375,0.6547961235046387,0.5950592756271362,0.4181120991706848,0.34164631366729736,0.34468594193458557,0.5442494750022888,0.3684151768684387,0.5224787592887878,73.09232807076327,27.543533223650655,21.37613896048827,18.206224464505272,177.20599396215613,-598.3682453546585,-1269.600986257356,0.7620395848767378,0.6674270718960211,0.036618843593648705,0.21208928644096867,0.0011351804496233429,0.0065747464396748705,13.876006603240967,1.5826675999284268,160.33313355767154,158.75046595774313
37,79.11286854743958,1.2314198017120361,0.6679266095161438,0.3702802062034607,0.7262781858444214,0.5989808440208435,0.6562413573265076,0.5950642824172974,0.41769939661026,0.3425925672054291,0.34251976013183594,0.5490238070487976,0.36079758405685425,0.5150549411773682,72.4859761987438,8.272637047683324,21.49834170182601,18.343115936012197,177.32868259108554,-19.559651158392036,-621.6390582849665,0.04662051910051188,0.34311997091923613,0.023120513381243355,0.16912071855711042,0.0007167390899378743,0.005242765500466758,13.876006603240967,1.5826675999284268,160.33313355767154,158.75046595774313
38,79.14386749267578,1.2624187469482422,0.6678046584129333,0.37127894163131714,0.7268608808517456,0.5990734696388245,0.6567469239234924,0.5955358147621155,0.41730499267578125,0.3433680832386017,0.340823233127594,0.5531741976737976,0.356059730052948,0.5151011943817139,72.57747211113475,1.7822842292808583,21.66186350515342,18.40896222393169,177.43050147438026,2.951581471362093,-209.373343800804,0.022301800446929237,0.15284648349845653,0.019033260408607502,0.14464177410007842,0.0005900109970728728,0.004483742434196018,13.876006603240967,1.5826675999284268,160.33313355767154,158.75046595774313
39,79.17486691474915,1.2934181690216064,0.665378749370575,0.3710056245326996,0.7268292307853699,0.5968361496925354,0.657193660736084,0.5241828560829163,0.4173157215118408,0.3437855541706085,0.33537396788597107,0.5526111721992493,0.35554438829421997,0.5118182301521301,28.562895706967204,4.885783801996487,22.105804165708044,19.98044606079078,177.66397565661504,-1419.8515152960335,100.11475586127975,2.3017963687678313,0.10720089688427335,0.07218017798369476,0.17672182054966928,0.0022375438026471083,0.005478274304792535,13.876006603240967,1.5826675999284268,160.33313355767154,158.75046595774313
40,79.20486783981323,1.3234190940856934,0.6634500622749329,0.37086623907089233,0.7268880605697632,0.5946750044822693,0.6578892469406128,0.4904501140117645,0.4172656536102295,0.3442659080028534,0.33320996165275574,0.5519571304321289,0.3554636836051941,0.5104537010192871,17.68005897527444,6.165859066938651,22.51230662788085,20.673404455239254,177.78979316788582,-362.7500388219774,42.66785981457948,1.124629087488956,0.04556238430604161,0.07206263730765082,0.07535382054633052,0.002161945781787306,0.0022606843235031147,13.876006603240967,1.5826675999284268,160.33313355767154,158.75046595774313
41,79.23586750030518,1.3544187545776367,0.6613935232162476,0.3704409599304199,0.7278766632080078,0.5908574461936951,0.6588858366012573,0.43622761964797974,0.4172581136226654,0.3445974588394165,0.33172619342803955,0.5514156818389893,0.3556322455406189,0.5088210701942444,7.26025482489358,6.835069587675567,23.312846953732624,21.114965472570223,177.8809939902433,-336.12639574194407,21.587672578247737,1.749427290718398,0.05294604428038288,0.12721063794139276,0.050951297557691386,0.003943486587146704,0.001579472925912416,13.876006603240967,1.5826675999284268,160.33313355767154,158.75046595774313
42,79.26689529418945,1.385446548461914,0.6586744785308838,0.3699050545692444,0.7281057238578796,0.5882531404495239,0.6594196557998657,0.4106239378452301,0.4174385070800781,0.3445950150489807,0.33029431104660034,0.5435590744018555,0.3557423949241638,0.5082953572273254,3.5007610702349727,12.163203529808536,24.04615642973315,22.266071129665246,178.295859416809,-121.16535802320281,171.72132707871586,0.8253647093201388,0.017311204522818098,0.08425864290691547,0.2573828901252966,0.0026143598050847004,0.007986023264147305,13.876006603240967,1.5826675999284268,160.33313355767154,158.75046595774313
43,79.29889559745789,1.4174468517303467,0.6587120294570923,0.3700360357761383,0.7282006144523621,0.5882056355476379,0.6598345041275024,0.43915924429893494,0.41769784688949585,0.34469208121299744,0.33003684878349304,0.5359373688697815,0.35587918758392334,0.5082570314407349,6.973406146253399,18.407928730646642,24.11197098783997,23.213355248657816,178.69275506386504,108.51913017474718,195.14581310228857,0.8918141057080456,0.004439338876163201,0.0033161429238023634,0.23831189297305505,0.00010611757924314247,0.007626052847612017,13.876006603240967,1.5826675999284268,160.33313355767154,158.75046595774313
44,79.3468987941742,1.4654500484466553,0.6587945818901062,0.37110796570777893,0.72821044921875,0.5915806889533997,0.6610689163208008,0.4385409951210022,0.41796112060546875,0.34482452273368835,0.3275635242462158,0.5375367999076843,0.3548818528652191,0.5082875490188599,6.2113936522296,17.91461584856403,24.101476127957913,23.637356603364974,179.24978358838675,-15.87420309791396,-10.276667301930221,0.028760200945782396,0.020786147245210287,0.0703092286692736,0.06135888309167554,0.003375067734783064,0.002945422535342682,13.876006603240967,1.5826675999284268,160.33313355767154,158.75046595774313
45,79.392893075943,1.511444330215454,0.65903639793396,0.37214452028274536,0.7283579707145691,0.5944769978523254,0.6635039448738098,0.4494795799255371,0.4183503985404968,0.3451828360557556,0.3251985013484955,0.5375910401344299,0.3489771783351898,0.5071874856948853,6.780794256366545,12.195695994611977,24.103977835452778,24.267261979638462,179.48977430179352,12.379812929771838,-124.33980125398108,0.24364632150389381,0.13058739495161445,0.06305269495896465,0.05143345448033855,0.0029000634182247418,0.0023656447977113797,13.876006603240967,1.5826675999284268,160.33313355767154,158.75046595774313
46,79.42385816574097,1.5424094200134277,0.6594929099082947,0.37315186858177185,0.728421688079834,0.5970665216445923,0.6683146953582764,0.45769378542900085,0.41881465911865234,0.34528693556785583,0.3230387568473816,0.5353221893310547,0.3451659083366394,0.5046984553337097,6.218787911546777,9.10230402303251,24.06011666816194,25.103522251523646,179.60450456331168,-18.149675924936165,-99.8993379887405,0.3074194063844679,0.14700548779637695,0.08365251319047863,0.10116037151452412,0.0025903075827693445,0.003132439987943613,13.876006603240967,1.5826675999284268,160.33313355767154,158.75046595774313
47,79.45485663414001,1.5734078884124756,0.6600450873374939,0.37422001361846924,0.728437066078186,0.5983246564865112,0.6694763898849487,0.45870935916900635,0.4195249080657959,0.3453688323497772,0.32249489426612854,0.5329534411430359,0.34345388412475586,0.5032185912132263,5.92365300926416,7.827868327452921,24.066551953220717,25.60854177025413,179.62585188710884,-9.520951115497112,-41.112860131461645,0.049777438883017854,0.07300257844937906,0.04059003185980668,0.07840327851502167,0.001258228819922563,0.0024303815514296464,13.876006603240967,1.5826675999284268,160.33313355767154,158.75046595774313
48,79.48640847206116,1.6049597263336182,0.6608213782310486,0.37517642974853516,0.7284500598907471,0.5996278524398804,0.6705482602119446,0.4665715992450714,0.4201440215110779,0.3454275131225586,0.32207247614860535,0.532197117805481,0.3416191339492798,0.5018556714057922,6.7492274316349175,5.086884010071661,24.02201995928368,25.85559324922488,179.57888802609492,26.165652360224257,-86.87241371586006,0.25148989781554726,0.07243876616247642,0.041305382396509195,0.02745615433163207,0.001303260730645474,0.0008662921314095318,13.876006603240967,1.5826675999284268,160.33313355767154,158.75046595774313
49,79.51840877532959,1.6369600296020508,0.6616902351379395,0.37517085671424866,0.7287638783454895,0.605044960975647,0.6705281138420105,0.4845510721206665,0.42014724016189575,0.34674179553985596,0.3225424885749817,0.539236843585968,0.34017494320869446,0.5000859498977661,9.528476595680612,2.6418663803666695,23.605506672449064,25.05241626646821,178.85450670906556,86.85071328018769,-76.40607681730728,0.56185355532362,0.07138078879157468,0.1695668563921597,0.22047911970758002,0.005426190828823872,0.0070553986949996195,13.876006603240967,1.5826675999284268,160.33313355767154,158.75046595774313
50,79.5504081249237,1.668959379196167,0.6622053384780884,0.3751462996006012,0.7293065786361694,0.6079420447349548,0.6705266833305359,0.49101966619491577,0.4201419949531555,0.34762856364250183,0.32259601354599,0.542557954788208,0.33861100673675537,0.4979575574398041,10.610714262231784,6.832097350924279,23.47659647597505,24.748395421383957,178.53679530457143,33.8206144899322,130.94737935948785,0.20214767845204779,0.08253926224254371,0.09211051382660919,0.10380031270131719,0.0029474765332313424,0.00332154249410803,13.876006603240967,1.5826675999284268,160.33313355767154,158.75046595774313
51,79.58140921592712,1.699960470199585,0.6624070405960083,0.37490519881248474,0.7295571565628052,0.6077181696891785,0.6768935918807983,0.4757378399372101,0.4200282692909241,0.3481674790382385,0.3204713761806488,0.5441506505012512,0.3381351828575134,0.49745112657546997,5.664158988149291,6.211160230061024,23.51993158221419,25.05507318247877,178.45421482657724,-159.56068363971838,-20.029524793007923,0.5340170817516513,0.02241521422734528,0.01083896824158213,0.08565270795021361,0.00033601984084044486,0.0026553273938537537,13.876006603240967,1.5826675999284268,160.33313355767154,158.75046595774313
52,79.61440992355347,1.7329611778259277,0.6625449657440186,0.37480077147483826,0.7297815084457397,0.6076745390892029,0.6809334754943848,0.4701291024684906,0.41991138458251953,0.34887421131134033,0.3187440037727356,0.5461333990097046,0.337388813495636,0.49697625637054443,3.4472743002422868,6.3804781084752396,23.553541100857696,25.254004829798625,178.3851990760091,-67.17688338711194,5.130734780943235,0.209456304829465,0.026806372598626848,0.006925761150754126,0.0796849312752108,0.0002285550188259202,0.002629659119238449,13.876006603240967,1.5826675999284268,160.33313355767154,158.75046595774313
53,79.64546275138855,1.7640140056610107,0.6625781655311584,0.3745066821575165,0.73011714220047,0.6057581305503845,0.680800199508667,0.4709177017211914,0.4197236895561218,0.34922266006469727,0.3181508183479309,0.5473916530609131,0.3369189202785492,0.49646708369255066,3.8087404400440117,6.9065008150801805,23.732284719822868,25.231618108453425,178.35744183031866,11.64036144216618,16.939607220268957,0.025755529194623688,0.0223123338671631,0.06265379384204979,0.044796845402646265,0.001945577473391956,0.0013910687278432042,13.876006603240967,1.5826675999284268,160.33313355767154,158.75046595774313
54,79.67747950553894,1.7960307598114014,0.6626430749893188,0.3745015263557434,0.72954922914505,0.605527937412262,0.680587649345398,0.48660677671432495,0.4198472499847412,0.3492351174354553,0.31753551959991455,0.5403546094894409,0.3365109860897064,0.49498221278190613,6.226457493428078,5.465950558453324,23.59160541750207,26.210929740760214,178.4192710221788,75.51412120127638,-44.9936383263661,0.4900719989113602,0.04809628661405753,0.019139731208686797,0.22063111993179377,0.000612792068613084,0.00706389232478159,13.876006603240967,1.5826675999284268,160.33313355767154,158.75046595774313
55,79.70799136161804,1.826542615890503,0.6625903844833374,0.37447497248649597,0.7288450002670288,0.6028910875320435,0.680428147315979,0.4861745238304138,0.41993188858032227,0.3492434620857239,0.31743261218070984,0.5344720482826233,0.336436927318573,0.4940797984600067,6.354470896024596,3.7619604737671533,23.599774468961584,26.969450250394758,178.5405926687473,4.195529838127353,-55.84681837344146,0.015100434521062512,0.029675288328764662,0.08944949636652594,0.19282541302897946,0.0027292701594835577,0.005883461250733537,13.876006603240967,1.5826675999284268,160.33313355767154,158.75046595774313
56,79.73924040794373,1.8577916622161865,0.6624969244003296,0.374342143535614,0.7282251715660095,0.6005737781524658,0.6801990270614624,0.4668518006801605,0.42005935311317444,0.349214643239975,0.31749826669692993,0.5259456634521484,0.33615368604660034,0.49333614110946655,3.555272052736512,0.3543549439531534,23.616594818139067,28.090969842652274,178.71186306775098,-89.57709666126425,-109.04670479538086,0.6183894799262235,0.025465456959788902,0.07676306844277803,0.2728607303070465,0.002398772681869991,0.008526637601824753,13.876006603240967,1.5826675999284268,160.33313355767154,158.75046595774313
57,79.77071928977966,1.889270544052124,0.6623087525367737,0.374330073595047,0.725384533405304,0.6077567934989929,0.6781913042068481,0.49234917759895325,0.4196132719516754,0.34879982471466064,0.3145478069782257,0.54103684425354,0.3349631130695343,0.4935850501060486,7.119809380695371,5.37947675722423,22.557317298778255,26.677608804212973,178.55409650613242,113.23583050175075,159.63469857224104,0.8124907767963216,0.03863904658779954,0.24538063568573137,0.488482936859862,0.007724308035578367,0.015376896648283315,13.876006603240967,1.5826675999284268,160.33313355767154,158.75046595774313
58,79.81777358055115,1.9363248348236084,0.6622676849365234,0.3741115927696228,0.7223585844039917,0.6114529371261597,0.6818234324455261,0.514545202255249,0.4193304181098938,0.34810829162597656,0.31467458605766296,0.5427371859550476,0.3338518738746643,0.49360892176628113,8.491093845564397,6.944546150377947,21.662782952281464,26.31294721427629,178.54711414684752,29.142601926114775,33.26092833391876,0.4779848850004437,0.023621556138400245,0.10151683789448963,0.03623604790705878,0.004776802808488959,0.001705061534628182,13.876006603240967,1.5826675999284268,160.33313355767154,158.75046595774313
59,79.85085344314575,1.969404697418213,0.6621666550636292,0.37349966168403625,0.7207068204879761,0.6113695502281189,0.6834986209869385,0.5139850378036499,0.41896408796310425,0.34741920232772827,0.3153098225593567,0.5430635213851929,0.33271706104278564,0.493624746799469,7.084783221742114,8.51807101783282,21.262930985117674,25.989630836700808,178.56559201836143,-42.512589639706036,47.567454760574606,0.05339694912530505,0.03430858165715962,0.049996199500979895,0.02158887455292479,0.0016538674097448486,0.0007141570037829055,13.876006603240967,1.5826675999284268,160.33313355767154,158.75046595774313
60,79.88185286521912,2.000404119491577,0.6618055105209351,0.372477650642395,0.7196643948554993,0.6110938191413879,0.6783729791641235,0.5120892524719238,0.4173625111579895,0.34674328565597534,0.31401076912879944,0.5415864586830139,0.33596259355545044,0.4985572397708893,9.009507512569716,0.914171447257053,20.992200389030835,26.153535876266464,178.47959519625906,62.08903786246354,-245.2916558437808,0.17629355346334574,0.19047087750757463,0.03478374074178941,0.06345414916182278,0.0010782758605452061,0.001967041952173557,13.876006603240967,1.5826675999284268,160.33313355767154,158.75046595774313
61,79.91385340690613,2.032404661178589,0.6603027582168579,0.3709073066711426,0.7192467451095581,0.6083457469940186,0.6704570651054382,0.49395325779914856,0.4164934754371643,0.3460937440395355,0.3141085207462311,0.5377235412597656,0.3384741544723511,0.5010817646980286,9.156980524887596,5.507733596585547,21.096721240208044,26.41083620061238,178.62737132478443,4.6084536243252305,143.54638725359186,0.6183732608714219,0.11128131156790244,0.08686190473314902,0.1207527694897639,0.0027796280034263756,0.0038641540338793068,13.876006603240967,1.5826675999284268,160.33313355767154,158.75046595774313
62,79.94485354423523,2.0634047985076904,0.6596262454986572,0.37061807513237,0.7193499803543091,0.606156051158905,0.6706894040107727,0.47725874185562134,0.41636723279953003,0.34531500935554504,0.31393006443977356,0.5326172709465027,0.3394172787666321,0.5028021335601807,6.45401586167467,11.850576365842356,21.260159450263014,26.981883631151998,178.76187803690345,-87.19202223260801,204.6069248636014,0.538582536829055,0.06328764547694207,0.0707134946474134,0.16481822949190278,0.0021921280450905036,0.005109387748588363,13.876006603240967,1.5826675999284268,160.33313355767154,158.75046595774313
63,79.9908549785614,2.1094062328338623,0.6591885685920715,0.37055593729019165,0.7193632125854492,0.6070436835289001,0.6713574528694153,0.48327791690826416,0.4156872630119324,0.34524229168891907,0.31368234753608704,0.5286702513694763,0.33900970220565796,0.5021240711212158,6.924037522478189,14.575435084055208,21.249955782854848,27.43325998020152,178.87049436675017,10.217543598115729,59.23421210939463,0.131650979372979,0.017197950904807555,0.019297898123314804,0.08597091401913635,0.0008877309931528214,0.00395478535521227,13.876006603240967,1.5826675999284268,160.33313355767154,158.75046595774313
64,80.02185440063477,2.1404056549072266,0.6591345071792603,0.3705662786960602,0.7194232940673828,0.6087976694107056,0.6712275743484497,0.5074549913406372,0.4152761399745941,0.34511563181877136,0.31348612904548645,0.5263142585754395,0.3386825919151306,0.5018395781517029,11.232865610714216,16.50701498818676,21.15302668479481,27.70519933354498,178.92831930140082,138.99704575261472,62.310190801628885,0.7799314201536678,0.013984695046729143,0.056614429753468525,0.0762643149026192,0.0017550146033706024,0.0023641496868022564,13.876006603240967,1.5826675999284268,160.33313355767154,158.75046595774313
65,80.05285334587097,2.1714046001434326,0.6591401696205139,0.3706440329551697,0.7194706797599792,0.6109604239463806,0.671270489692688,0.521128237247467,0.41491255164146423,0.34502261877059937,0.31351238489151,0.5264542698860168,0.33847829699516296,0.5018150210380554,14.123499304634374,16.17695504319564,21.031351830160318,27.601711463461065,178.96572232446445,93.24942096881297,-10.647457275598459,0.4410896290277584,0.006637824596349474,0.06978539315869649,0.004595378113175381,0.002163273580813541,0.00014245187446998355,13.876006603240967,1.5826675999284268,160.33313355767154,158.75046595774313
66,80.08385348320007,2.202404737472534,0.6592193245887756,0.3708461821079254,0.71949702501297,0.6124396920204163,0.6713057160377502,0.5270760655403137,0.41468197107315063,0.34497177600860596,0.31363338232040405,0.5266193151473999,0.3382646441459656,0.5017644166946411,15.437226380501187,15.654351217382928,20.945366239787038,27.495754221324113,178.98747284123792,42.37810503612009,-16.85811324848923,0.19186794380248556,0.007082677526113744,0.047725680684993714,0.006601480697372086,0.0014795026553596552,0.00020464680819394783,13.876006603240967,1.5826675999284268,160.33313355767154,158.75046595774313
67,80.11485409736633,2.233405351638794,0.6605597734451294,0.37151339650154114,0.7218829393386841,0.6133788228034973,0.6731011867523193,0.5487166047096252,0.4146556258201599,0.345095694065094,0.31575140357017517,0.5283066034317017,0.34093984961509705,0.5045888423919678,22.804112172576662,18.360591110345617,21.281849840378033,26.79015217146729,178.71164324358574,237.63676914805757,87.29633156455614,0.7004665957827596,0.1254896970678582,0.08271091852419743,0.08735127225729766,0.002564089272505592,0.0027079430881803957,13.876006603240967,1.5826675999284268,160.33313355767154,158.75046595774313
68,80.14585304260254,2.264404296875,0.6612561941146851,0.37226244807243347,0.7236893177032471,0.6141767501831055,0.6747259497642517,0.5558601021766663,0.41460567712783813,0.3454967439174652,0.316518634557724,0.5342397093772888,0.3409225344657898,0.5056954622268677,25.546129504010633,13.06852259706425,21.582871723455998,25.9113360910965,178.49834743849,88.45518163732092,-170.7176961331043,0.23632871703388028,0.03570299835107915,0.06370421604832113,0.19299066198438358,0.0019747635045973457,0.00598250696195306,13.876006603240967,1.5826675999284268,160.33313355767154,158.75046595774313
69,80.1768536567688,2.2954049110412598,0.6617183089256287,0.3732527494430542,0.7246984839439392,0.6153976917266846,0.6762139797210693,0.560099720954895,0.4145433008670807,0.34605637192726135,0.3172912001609802,0.5436383485794067,0.3409619927406311,0.5071463584899902,26.664640513657517,6.762812408100469,21.728384668919634,24.68238305075384,178.33636567635756,36.08028549525452,-203.40597625406875,0.14493818200441344,0.04681948253374568,0.051096360141189456,0.30419842774397904,0.0015840185460372688,0.009430338088473945,13.876006603240967,1.5826675999284268,160.33313355767154,158.75046595774313
70,80.2088565826416,2.3274078369140625,0.6626324653625488,0.37330833077430725,0.7262434363365173,0.6161168217658997,0.6760998964309692,0.5601209402084351,0.4150048792362213,0.34585168957710266,0.3224831223487854,0.5449560284614563,0.3425009250640869,0.5080381631851196,27.16357914621546,3.5438591136507234,21.916394000915925,23.352663482704763,178.24328393373506,15.59040678158621,-100.58309378472582,0.003625914726627418,0.055578016203769155,0.05324888983224815,0.1673760330450533,0.0017041202741104769,0.0053565227784246215,13.876006603240967,1.5826675999284268,160.33313355767154,158.75046595774313
71,80.24085330963135,2.3594045639038086,0.6633938550949097,0.37340623140335083,0.7270065546035767,0.6171939969062805,0.676085352897644,0.561484158039093,0.41546550393104553,0.34575605392456055,0.3258786201477051,0.5464925765991211,0.3437481224536896,0.5090063214302063,27.804290982858856,1.4361221320619062,21.93592420096257,22.432807812467562,178.1614060343581,20.0242930112421,-65.87351832155453,0.04260733943082111,0.04934474682231734,0.041257247355914295,0.11648006207942212,0.0013200968799956135,0.003726980746103946,13.876006603240967,1.5826675999284268,160.33313355767154,158.75046595774313
72,80.27184748649597,2.3903987407684326,0.663918137550354,0.373546302318573,0.727604866027832,0.6177212595939636,0.6760779619216919,0.5613307952880859,0.4158915877342224,0.3457040786743164,0.3277127146720886,0.5476378798484802,0.3445088267326355,0.5099768042564392,27.801133332936548,0.44639307110759435,21.980140654368846,21.929753645866903,178.09795548332954,-0.10187881214267343,-31.932742246301235,0.004953857758342827,0.039784530362620196,0.02573015939259448,0.06976532178523041,0.0007974851109690404,0.002162318722428839,13.876006603240967,1.5826675999284268,160.33313355767154,158.75046595774313
73,80.30184769630432,2.4203989505767822,0.6643882989883423,0.37360337376594543,0.7277292013168335,0.6184655427932739,0.6783770322799683,0.5735819935798645,0.4175570607185364,0.3453686535358429,0.3276158273220062,0.5434264540672302,0.34438973665237427,0.5099323987960815,33.211566726401486,2.1782639418096506,21.963640459718416,22.568418001412063,178.4578338373485,180.34651850865106,57.728625291815284,0.41549891137524986,0.004236621580520858,0.02515305990643513,0.14041702200546896,0.0007545970745150405,0.004212540120827713,13.876006603240967,1.5826675999284268,160.33313355767154,158.75046595774313
74,80.33384776115417,2.4523990154266357,0.6647933125495911,0.3736014664173126,0.728130578994751,0.618545413017273,0.6800281405448914,0.5707367658615112,0.4186624586582184,0.3450300991535187,0.32748618721961975,0.5397664308547974,0.34418153762817383,0.5098883509635925,30.67759859649464,4.106530337892046,22.029215641184727,23.11620409539355,178.60676299629014,-79.186343583877,60.25820276083667,0.10279984444909036,0.006650221864831078,0.012788949934024992,0.11444721980983359,0.00040924722725032956,0.003662318455800115,13.876006603240967,1.5826675999284268,160.33313355767154,158.75046595774313
75,80.38060712814331,2.4991583824157715,0.66508948802948,0.3734225630760193,0.728670597076416,0.6185312271118164,0.6818920373916626,0.568317174911499,0.4197130799293518,0.34448957443237305,0.3255283534526825,0.5377857685089111,0.34382352232933044,0.5098422169685364,28.429429534932638,7.235587429118982,22.067593735165786,23.97331139748177,178.67655204805843,-48.079544406243805,66.91829450886179,0.06531877411784537,0.007719853940888186,0.011552859059681436,0.059559918586828395,0.0005402043765454059,0.002784984091044556,13.876006603240967,1.5826675999284268,160.33313355767154,158.75046595774313
76,80.41083812713623,2.5293893814086914,0.6652845144271851,0.3732161521911621,0.7289446592330933,0.6185163259506226,0.6825544238090515,0.5667436718940735,0.4202498495578766,0.3440990149974823,0.324384868144989,0.5369186997413635,0.34347742795944214,0.5097951292991638,27.31311069352224,8.706726085334203,22.067777553014622,24.4255028490987,178.72653059465796,-36.92629680123499,48.66324981717479,0.05647314979946569,0.01155380028179373,0.009078990634006745,0.047469468038322894,0.0002744669567133873,0.0014350494404609837,13.876006603240967,1.5826675999284268,160.33313355767154,158.75046595774313
77,80.44184827804565,2.5603995323181152,0.6654378175735474,0.37306445837020874,0.729115903377533,0.6185034513473511,0.6828428506851196,0.5655143857002258,0.4205923080444336,0.3437274396419525,0.32338041067123413,0.5363689064979553,0.34333735704421997,0.5097534656524658,26.584839658169624,10.086812408575172,22.05873290906712,24.76315191511987,178.7642456435038,-23.484923936029553,44.50434076480316,0.04071794553688225,0.004712520331556122,0.005537781383480939,0.03692596218101758,0.00017172743640514178,0.0011450796597090322,13.876006603240967,1.5826675999284268,160.33313355767154,158.75046595774313
78,80.47384762763977,2.5923988819122314,0.6658636331558228,0.3730180859565735,0.7299083471298218,0.6185024380683899,0.6880019307136536,0.5581626296043396,0.42171064019203186,0.3436620533466339,0.3202356994152069,0.5347222089767456,0.33914467692375183,0.5067914724349976,20.158211405073022,6.124368049445744,22.1843310520834,25.891267378788353,178.49908014463554,-200.83621494226497,-123.82890306801771,0.28067250358776247,0.16042254283258195,0.02476439084443469,0.11093236719548374,0.0007924444001163964,0.0035497635991911533,13.876006603240967,1.5826675999284268,160.33313355767154,158.75046595774313
79,80.50484681129456,2.6233980655670166,0.6663450598716736,0.37301456928253174,0.7308080792427063,0.6185451149940491,0.690829336643219,0.5500586628913879,0.42244476079940796,0.3436436653137207,0.31783539056777954,0.5340506434440613,0.33704954385757446,0.5045918226242065,15.563346311615415,4.32956373825826,22.32705769984198,26.64529307391796,178.30130304751702,-148.22535795223513,-57.89843794516927,0.27687940864125593,0.09799513617217012,0.02905701324124285,0.0804048680466251,0.0009007436899248113,0.002492485271316098,13.876006603240967,1.5826675999284268,160.33313355767154,158.75046595774313
80,80.53584814071655,2.6543993949890137,0.6667304635047913,0.37302643060684204,0.7315923571586609,0.6186314821243286,0.6919966340065002,0.5436998605728149,0.42279863357543945,0.3436286151409149,0.3152068257331848,0.5341630578041077,0.33620378375053406,0.5038704872131348,13.059571068955544,5.274598964606922,22.452009283078382,27.286595859777254,178.09657145179176,-80.76347980365358,30.483700020880697,0.2085412527838423,0.03585624206578886,0.0254511373763411,0.08486628046373279,0.0007890190939684527,0.0026309675174757746,13.876006603240967,1.5826675999284268,160.33313355767154,158.75046595774313
81,80.56684803962708,2.685399293899536,0.6668055057525635,0.3729456067085266,0.7317689657211304,0.6186349987983704,0.6850152611732483,0.5474393367767334,0.4227244257926941,0.3431667387485504,0.31186625361442566,0.5342491865158081,0.33751291036605835,0.5038602948188782,18.48183764871791,10.04209656776271,22.427179694217603,27.963831089158965,177.61642986578465,174.91239553435634,153.79074676716226,0.25547828682682433,0.04223130842717409,0.005698198305669138,0.1077965530146169,0.00017664357144785365,0.003341682246355899,13.876006603240967,1.5826675999284268,160.33313355767154,158.75046595774313
82,80.6148464679718,2.7333977222442627,0.6668931841850281,0.37292593717575073,0.7318087816238403,0.6187103390693665,0.6817811727523804,0.5506725907325745,0.42264971137046814,0.3429054021835327,0.3099208176136017,0.5344946384429932,0.33851999044418335,0.5038607716560364,21.531853806932165,12.560561938201845,22.381233987795298,28.324811894196852,177.30859157559823,63.54408390851721,52.46974655818768,0.09527607145901884,0.02098152430699792,0.0017753542886867141,0.040852566072230846,8.521421561203224e-05,0.0019608589653161796,13.876006603240967,1.5826675999284268,160.33313355767154,158.75046595774313
83,80.65985655784607,2.7784078121185303,0.6669878363609314,0.3729018270969391,0.7318221926689148,0.6188274621963501,0.6803721189498901,0.5538209676742554,0.4225150942802429,0.34265726804733276,0.3086264729499817,0.5347060561180115,0.3392797112464905,0.5039098262786865,23.591152427296258,14.197918921056818,22.327515063491674,28.537483720986103,177.1170704963555,45.75193309137116,36.37755417571507,0.07663405549149556,0.016914049003625836,0.002619155724756071,0.029137854336952478,0.00011788843456597318,0.0013114974424495484,13.876006603240967,1.5826675999284268,160.33313355767154,158.75046595774313
84,80.69019222259521,2.808743476867676,0.6668851971626282,0.37294259667396545,0.730327844619751,0.6216351985931396,0.6787854433059692,0.5585728287696838,0.422410249710083,0.34224653244018555,0.30800893902778625,0.534567654132843,0.3381856083869934,0.5035455226898193,24.948777171646302,13.462410618685073,21.864354894859634,28.595016431117575,177.11418723469117,44.75341996216798,-24.245662933510054,0.1651443229313107,0.038013344700582416,0.10484814788860518,0.020861691011863755,0.0031806382639175553,0.000632853264636161,13.876006603240967,1.5826675999284268,160.33313355767154,158.75046595774313
85,80.7217218875885,2.840273141860962,0.6667884588241577,0.3729709982872009,0.7290736436843872,0.6236964464187622,0.6780690550804138,0.5637885332107544,0.4223240911960602,0.34192225337028503,0.30730828642845154,0.5344402194023132,0.3375452160835266,0.5033131241798401,26.45951054074192,13.313591037934977,21.49525880330677,28.701658936992693,177.09610131453542,47.91466605868825,-4.719986107742846,0.16697523733372827,0.021606864459573907,0.07652580186616059,0.022586577718481663,0.0024128328961826343,0.0007121472288085478,13.876006603240967,1.5826675999284268,160.33313355767154,158.75046595774313
86,80.75328159332275,2.871832847595215,0.6667183041572571,0.3729870021343231,0.7282294631004333,0.6248239278793335,0.67781001329422,0.5651317834854126,0.42227426171302795,0.34167006611824036,0.3070233464241028,0.5343246459960938,0.3372383415699005,0.5032177567481995,26.460624170043438,13.277775342115659,21.26314963707778,28.733571038806833,177.0829797858793,0.035286428552121794,-1.1348551891105239,0.04334641115734152,0.010182341407403194,0.04462950306346286,0.009743012733559802,0.0014084939837488277,0.00030748661483622657,13.876006603240967,1.5826675999284268,160.33313355767154,158.75046595774313
87,80.78511881828308,2.903670072555542,0.667070746421814,0.3740919232368469,0.7266000509262085,0.6276127696037292,0.6737502813339233,0.5687997341156006,0.42226943373680115,0.3412575125694275,0.3069494068622589,0.5339515805244446,0.34440943598747253,0.5041824579238892,28.72881680275179,20.62726737644903,20.781634243913217,28.677673784872788,177.14096774263788,71.24341507574174,230.84587439676937,0.17185275369281358,0.22727145156922518,0.10145221514173564,0.011945830935404751,0.0032299569961909457,0.00038032210682851635,13.876006603240967,1.5826675999284268,160.33313355767154,158.75046595774313
88,80.81639218330383,2.934943437576294,0.6673804521560669,0.37497222423553467,0.7252799868583679,0.6298410892486572,0.6716950535774231,0.5803363919258118,0.4223155081272125,0.3409936726093292,0.3068240284919739,0.533513605594635,0.34778082370758057,0.5049712061882019,34.46767766830389,24.168453180476742,20.394326351322743,28.710355858581323,177.1403902143736,183.50634355286,113.23328339236602,0.3747052758150054,0.1107147842048604,0.08281732284268122,0.014567269311501997,0.0025899763673006286,0.00045556753053419994,13.876006603240967,1.5826675999284268,160.33313355767154,158.75046595774313
89,80.84777092933655,2.966322183609009,0.6674356460571289,0.37594127655029297,0.7240034341812134,0.6326528787612915,0.6719167828559875,0.5833684802055359,0.42177629470825195,0.340749591588974,0.2954385280609131,0.5320662260055542,0.34523633122444153,0.5059861540794373,34.1566138365977,28.918921346595333,19.961977979835932,31.24949778753085,176.86257822500662,-9.913201483000112,151.39126850913192,0.09688675033546686,0.08730257795772361,0.09841057646724319,0.36576129041607286,0.003088000485898688,0.011477130640564008,13.876006603240967,1.5826675999284268,160.33313355767154,158.75046595774313
90,80.87992215156555,2.9984734058380127,0.6674583554267883,0.3766575753688812,0.7232065200805664,0.6344883441925049,0.6700617074966431,0.5862664580345154,0.4213844835758209,0.3405342996120453,0.2908335328102112,0.5307182669639587,0.34334519505500793,0.5066125392913818,35.57973977082122,30.874805834741498,19.688809771761715,32.32110737970088,176.75730951489044,44.263509613631605,60.83390778163773,0.10702140852590518,0.061962599205743166,0.062237170750169726,0.14923930989572665,0.0020010011076931687,0.004798226217760689,13.876006603240967,1.5826675999284268,160.33313355767154,158.75046595774313
91,80.91011071205139,3.0286619663238525,0.6674710512161255,0.3772997260093689,0.722675085067749,0.6360010504722595,0.6683756113052368,0.5882996916770935,0.4211920201778412,0.3403189480304718,0.2890028953552246,0.5302303433418274,0.3422185778617859,0.5069602131843567,36.65549895288219,31.541113858247467,19.525303871041192,32.70827885722507,176.7083608775063,35.634663089204366,22.071540106011547,0.08749650257469094,0.03905596762782507,0.05311089091482961,0.0627570691999016,0.0016033413428391755,0.0018945455794552658,13.876006603240967,1.5826675999284268,160.33313355767154,158.75046595774313
92,80.94027352333069,3.0588247776031494,0.6672929525375366,0.37749186158180237,0.7237439155578613,0.6347675919532776,0.6682759523391724,0.5795106887817383,0.42121949791908264,0.33851689100265503,0.2874947190284729,0.5256410241127014,0.34237778186798096,0.506953239440918,32.733599403418594,35.64540594537124,19.846906935674692,33.42002372985458,176.738036059912,-130.02433735861703,136.07127164373009,0.29140413388311753,0.005283216800286144,0.054110369719697654,0.16015686125343967,0.0016321208701082204,0.004830781181072035,13.876006603240967,1.5826675999284268,160.33313355767154,158.75046595774313
93,80.97176718711853,3.090318441390991,0.6671570539474487,0.3776063323020935,0.7243196368217468,0.6337816715240479,0.6682741045951843,0.5754306316375732,0.4212777614593506,0.3371778726577759,0.2870456874370575,0.4976290464401245,0.3426497280597687,0.5069082379341125,31.26661090022274,59.55864064380657,20.045444622500106,37.78117181241982,176.78063138460985,-46.58043322867338,759.3030413840606,0.1295516961775648,0.00875237822951385,0.03625194750612827,0.8895623137101163,0.0011417066464124936,0.028015576426321055,13.876006603240967,1.5826675999284268,160.33313355767154,158.75046595774313
94,81.00374460220337,3.12229585647583,0.6670824289321899,0.37767353653907776,0.7247903347015381,0.6328496932983398,0.668103814125061,0.5722711682319641,0.42136234045028687,0.33633872866630554,0.28696000576019287,0.4889894425868988,0.3429364562034607,0.5068764686584473,30.356017486271632,66.35853057655001,20.208019119719875,39.220589654526734,176.82138068823434,-28.47614203759825,212.6466418471518,0.09894637427946586,0.009021454073223259,0.03265109607465394,0.2701915925964016,0.001044097652154162,0.00864002870888881,13.876006603240967,1.5826675999284268,160.33313355767154,158.75046595774313
95,81.03474450111389,3.1532957553863525,0.6670618653297424,0.37771835923194885,0.724920928478241,0.6323055028915405,0.6678705811500549,0.5705471634864807,0.4214238226413727,0.3357102572917938,0.28706878423690796,0.48576152324676514,0.3432021737098694,0.5068374276161194,29.926833918648647,68.73812177643948,20.2687615758125,39.691963596420415,176.86030127534173,-13.84467636045436,76.76125676273602,0.05611985206998073,0.008663585724861304,0.018052991024606516,0.10418587835359631,0.0005596408967953713,0.0032297516968654762,13.876006603240967,1.5826675999284268,160.33313355767154,158.75046595774313
96,81.08174467086792,3.200295925140381,0.6689428687095642,0.3778436481952667,0.7247431874275208,0.6358909010887146,0.6777418255805969,0.6213592290878296,0.42112046480178833,0.3358074128627777,0.2969955801963806,0.5160914063453674,0.3400922417640686,0.5055758953094482,60.617860809563275,41.740584279882015,19.859888104875854,32.25548080447055,176.682802526429,652.9982136561143,-574.4136167560022,1.1013157535229494,0.07140527954461749,0.07637847146680113,0.6789987202678747,0.0035898011244928614,0.0319130551153581,13.876006603240967,1.5826675999284268,160.33313355767154,158.75046595774313
97,81.11274528503418,3.2312965393066406,0.6698216795921326,0.37786394357681274,0.7244653701782227,0.6379644870758057,0.679886519908905,0.6208437085151672,0.42081594467163086,0.33583033084869385,0.3011670708656311,0.5294841527938843,0.3384893536567688,0.5049472451210022,57.12586810626961,24.96793694323259,19.615608969059632,29.344020852952898,176.6056769483106,-112.64269425649829,-541.042420859659,0.07115285564506336,0.055539487177376105,0.06748621352809704,0.4524867070183222,0.0020921140671263565,0.014027365819636432,13.876006603240967,1.5826675999284268,160.33313355767154,158.75046595774313
98,81.14377212524414,3.2623233795166016,0.6702117919921875,0.377851665019989,0.724301278591156,0.6384279727935791,0.6765910387039185,0.6131693124771118,0.4205521047115326,0.33579176664352417,0.30381813645362854,0.535783052444458,0.3375723659992218,0.5044569373130798,50.37573292761044,16.86477784055176,19.534539017482977,27.846076573617268,176.59825350663036,-217.55793155153722,-261.1661080485847,0.26918753801289025,0.03351422247676507,0.015846788243282117,0.22026262844577144,0.0004916757666654019,0.0068340533770129466,13.876006603240967,1.5826675999284268,160.33313355767154,158.75046595774313
99,81.17476844787598,3.2933197021484375,0.6702072620391846,0.3775428831577301,0.7232444286346436,0.6383600234985352,0.6767159700393677,0.6000452637672424,0.4205287992954254,0.33575937151908875,0.32224321365356445,0.5369649529457092,0.341386616230011,0.5049878358840942,39.03521889461913,4.872504748456441,19.27799135776593,23.60963948229129,176.72056685488644,-365.8664341473725,-386.89341424579845,0.4234258198856136,0.12424120257862202,0.034166378000355754,0.5956495477122599,0.0010590320756602885,0.01846294555639636,13.876006603240967,1.5826675999284268,160.33313355767154,158.75046595774313
100,81.20577120780945,3.324322462081909,0.6702016592025757,0.37733399868011475,0.7224209904670715,0.6383213400840759,0.6763918995857239,0.5914204716682434,0.420501708984375,0.33573660254478455,0.3281884789466858,0.5375608801841736,0.3434498906135559,0.5053262114524841,33.147975600425504,0.7560047619228192,19.07921257436025,22.15554718080765,176.81254608891592,-189.89416770722877,-132.77850086144437,0.2783906442192813,0.06744034943277778,0.026589448868300333,0.19272662253912654,0.0008243463000272355,0.005975057211369352,13.876006603240967,1.5826675999284268,160.33313355767154,158.75046595774313
101,81.23680639266968,3.3553576469421387,0.6701961755752563,0.3771596848964691,0.7219391465187073,0.6382623910903931,0.6760321855545044,0.5859763026237488,0.42047643661499023,0.3357164263725281,0.33004167675971985,0.5379393100738525,0.3448357582092285,0.5056038498878479,30.073862781143163,0.4906307136672916,18.959471408483928,21.6722476886249,176.87195087572263,-99.0525055071191,-8.550748108982432,0.17580175106586665,0.04554200144706642,0.015641488215791435,0.060945072688405835,0.0004854364782661884,0.0018914415972047986,13.876006603240967,1.5826675999284268,160.33313355767154,158.75046595774313
102,81.2688159942627,3.3873672485351562,0.6701098680496216,0.37659361958503723,0.7209892272949219,0.6376822590827942,0.6749593019485474,0.5797700881958008,0.42054861783981323,0.3357122838497162,0.3333699405193329,0.5374200940132141,0.34695863723754883,0.5056054592132568,27.451236864263716,0.24579249604390024,18.762648000717206,20.949662461676997,177.2968416085047,-81.93247608091234,-7.648899250179959,0.1967618291088391,0.06632008936927958,0.03477265096534923,0.10523466499549862,0.001113058703733887,0.003368519700280584,13.876006603240967,1.5826675999284268,160.33313355767154,158.75046595774313
103,81.3147509098053,3.433302164077759,0.6700642108917236,0.37616512179374695,0.7204291820526123,0.6372178196907043,0.6739798784255981,0.5763832926750183,0.4206133782863617,0.33571213483810425,0.3348672389984131,0.537030041217804,0.3483373820781708,0.5056049823760986,26.44308573892016,0.13175110655907216,18.646130927906956,20.642042603311413,177.57205275640578,-21.947381712469713,-2.4826733245881316,0.07675145255361188,0.030015183587308147,0.015839097517272138,0.03368395933865245,0.0007275676067269412,0.0015472698273614586,13.876006603240967,1.5826675999284268,160.33313355767154,158.75046595774313
104,81.34589743614197,3.4644486904144287,0.6700205206871033,0.3758602440357208,0.7200263142585754,0.6368961334228516,0.6735048890113831,0.5746117234230042,0.4206708073616028,0.33571064472198486,0.335056871175766,0.5367324948310852,0.3490928113460541,0.5055863261222839,25.912179949514584,1.1897364475470338,18.562925246465486,20.63862552736287,177.73381535823955,-17.045425344287008,33.96800431457287,0.058887492078361046,0.02426144071906043,0.016552180686205394,0.011328305880789492,0.0005155429316722155,0.00035283737746586265,13.876006603240967,1.5826675999284268,160.33313355767154,158.75046595774313
105,81.37778997421265,3.4963412284851074,0.6699002385139465,0.3755123019218445,0.7204204797744751,0.6339995861053467,0.6729840040206909,0.5556480288505554,0.420046865940094,0.335659384727478,0.333623468875885,0.537147581577301,0.3478938043117523,0.5056900382041931,20.133208913718256,1.1851269332609922,18.766891814505094,20.836757287616013,177.70689291985863,-181.20135258565028,-0.14453268898907423,0.5948365376839445,0.03773560237714368,0.09165916921816909,0.04679129808101966,0.0029232435438172402,0.0014922932554253952,13.876006603240967,1.5826675999284268,160.33313355767154,158.75046595774313
106,81.40879487991333,3.527346134185791,0.6698154807090759,0.3752748668193817,0.7206620573997498,0.6321051120758057,0.6726690530776978,0.548636257648468,0.41962891817092896,0.33561939001083374,0.33269473910331726,0.5373833179473877,0.3470170795917511,0.5057374238967896,18.699624783675375,1.0408215721648422,18.899004236247887,20.963583444794416,177.70011851758738,-46.237332371930854,-4.654275116629958,0.2263784029416514,0.028318239649624922,0.061597173163150845,0.030904170577924335,0.00190981454535217,0.0009581808945263844,13.876006603240967,1.5826675999284268,160.33313355767154,158.75046595774313
107,81.43978977203369,3.5583410263061523,0.6697480082511902,0.37509873509407043,0.7208659648895264,0.6309128999710083,0.6721395254135132,0.550798237323761,0.4193077087402344,0.33558523654937744,0.3320583999156952,0.5374900698661804,0.3464387357234955,0.5057876110076904,20.008065706740343,1.0285320056299854,18.995679677637238,21.04897395139502,177.69170353303133,42.214727445539964,-0.3965029620730144,0.07181451418736963,0.018729451697571575,0.039023328586368186,0.02081734556769094,0.0012095238597118942,0.0006452313801028627,13.876006603240967,1.5826675999284268,160.33313355767154,158.75046595774313
108,81.47079062461853,3.589341878890991,0.6683641076087952,0.3747892677783966,0.7206755876541138,0.6303527355194092,0.6720651388168335,0.5551245808601379,0.4189893305301666,0.33399495482444763,0.33187514543533325,0.5355488061904907,0.3485170006752014,0.5066529512405396,21.301356549248442,6.564104622226383,19.20237395667348,21.064433812985726,177.96029736841516,41.71791207899199,178.561947657646,0.13957625759121248,0.07261805610681464,0.019084358757133803,0.06289807866587639,0.0005916313925060837,0.0019498940645904326,13.876006603240967,1.5826675999284268,160.33313355767154,158.75046595774313
109,81.50178933143616,3.620340585708618,0.6675294637680054,0.37464335560798645,0.7204922437667847,0.6302807927131653,0.671878457069397,0.5603917241096497,0.4187036454677582,0.3328510522842407,0.33103758096694946,0.5337095260620117,0.3495585322380066,0.5072738528251648,23.11699238994672,11.436063873634504,19.316314873399957,21.285404233365853,178.10744600308607,58.57134142337329,157.1665321418426,0.17002162362029355,0.039116537258886315,0.00635360925959828,0.06519646465669933,0.00019695367067204693,0.0020210060934388,13.876006603240967,1.5826675999284268,160.33313355767154,158.75046595774313
110,81.54878950119019,3.6673407554626465,0.6671457886695862,0.3741675615310669,0.7207641005516052,0.6290137767791748,0.6710214018821716,0.561516523361206,0.41879138350486755,0.33282920718193054,0.3299385905265808,0.5334007740020752,0.3504514694213867,0.5082523822784424,24.507246102058087,15.309972219177169,19.44624436808059,21.59471943916691,177.94181810021308,29.579759379320326,82.42328412464164,0.030087412301584536,0.02818521831595246,0.02757124487350868,0.02428794380645982,0.001295853189384791,0.0011415374818799123,13.876006603240967,1.5826675999284268,160.33313355767154,158.75046595774313
111,81.57980632781982,3.698357582092285,0.6668255925178528,0.37386277318000793,0.7208765149116516,0.6283660531044006,0.6707907319068909,0.5627102255821228,0.4188779890537262,0.33282139897346497,0.3290894627571106,0.5333533883094788,0.350859135389328,0.5089876651763916,25.348112375085833,17.65882127618506,19.517535358160792,21.81798516647686,177.86239706616757,27.11000332394552,75.7282195581996,0.03919760087425459,0.027105716192813503,0.02119514787185734,0.027418953408716865,0.0006574062269309542,0.0008504489242443113,13.876006603240967,1.5826675999284268,160.33313355767154,158.75046595774313
112,81.61114287376404,3.729694128036499,0.6666643023490906,0.373636394739151,0.7210168838500977,0.6279757022857666,0.6707320809364319,0.5639530420303345,0.41892677545547485,0.3328187167644501,0.3286512494087219,0.5333613157272339,0.35118600726127625,0.5097348690032959,26.08414295570116,19.410041739371415,19.56765323482918,21.93329321184783,177.7502907189899,23.487929458646416,55.884284959290824,0.03970442717268713,0.02602624651684419,0.013237639234952548,0.01398638663137117,0.00041482189007901863,0.0004382850472675013,13.876006603240967,1.5826675999284268,160.33313355767154,158.75046595774313
113,81.64514207839966,3.763693332672119,0.6665509939193726,0.3733922243118286,0.7211386561393738,0.6276369690895081,0.670600950717926,0.5649297833442688,0.4189649522304535,0.33280840516090393,0.3284827470779419,0.5333647131919861,0.3513515293598175,0.510367214679718,26.74870686244128,20.556401936122086,19.6057044034921,21.97942154089685,177.7022635569396,19.546454508640874,33.71726512536289,0.028986098710315662,0.01922545642652506,0.010587203009878426,0.004957074148219398,0.0003599564816517098,0.0001685365783592536,13.876006603240967,1.5826675999284268,160.33313355767154,158.75046595774313
114,81.69014143943787,3.808692693710327,0.6664472818374634,0.37316176295280457,0.7212351560592651,0.627328634262085,0.6705466508865356,0.565353512763977,0.41898980736732483,0.3327905535697937,0.3281649947166443,0.5333529710769653,0.351433664560318,0.5106972455978394,27.114736756497113,21.401246856805777,19.637108640722158,22.05919186468003,177.67096910041093,8.134113143185367,18.774598154101593,0.009493344659700755,0.0075578389648344405,0.0071797233239721606,0.007066083540963155,0.0003230829620098661,0.0003179692443859403,13.876006603240967,1.5826675999284268,160.33313355767154,158.75046595774313
115,81.72214198112488,3.840693235397339,0.6656116247177124,0.37316668033599854,0.7219525575637817,0.6244229078292847,0.6677547693252563,0.5257130861282349,0.4189916253089905,0.3370441794395447,0.3209826648235321,0.5327860116958618,0.34379154443740845,0.5045170187950134,16.130740591638006,12.301009241863053,19.986197773061594,24.63089065670853,177.59389727502966,-343.244069812645,-284.377611602628,1.2418108960502585,0.30713191423862335,0.09352894644389224,0.22514220404955662,0.00299297694962006,0.007204672486193536,13.876006603240967,1.5826675999284268,160.33313355767154,158.75046595774313
116,81.75214099884033,3.870692253112793,0.6651832461357117,0.37321677803993225,0.7222179174423218,0.6237000823020935,0.6643716096878052,0.5317305326461792,0.41894659399986267,0.3393872082233429,0.3179512917995453,0.5327396392822266,0.3401854634284973,0.5037744641304016,19.341299046331105,9.930699292906233,20.09158810858437,25.819948769704126,177.49130604594038,107.02211936223395,-79.01291873752739,0.23011724699560643,0.12272867720557135,0.02566734708523862,0.10106089882267631,0.0007699951999187825,0.0030317276941211812,13.876006603240967,1.5826675999284268,160.33313355767154,158.75046595774313
117,81.78314208984375,3.901693344116211,0.6651643514633179,0.3729660212993622,0.7223531007766724,0.6236528754234314,0.6671139001846313,0.5447799563407898,0.41858530044555664,0.3408134877681732,0.3181712329387665,0.5478843450546265,0.33965328335762024,0.5049256086349487,22.15487876530144,0.6979547635152891,19.991043107032844,24.329010165474635,176.96722813215186,90.75744200938375,-297.81998731505945,0.43012848211187155,0.04090846736502671,0.004618829962356596,0.4885732166567059,0.00014318876799233041,0.015146302751407183,13.876006603240967,1.5826675999284268,160.33313355767154,158.75046595774313
118,81.81514096260071,3.933692216873169,0.6653446555137634,0.3729763627052307,0.7224754095077515,0.6236560940742493,0.667129635810852,0.5488089919090271,0.41839462518692017,0.34223419427871704,0.31996339559555054,0.5529744625091553,0.34026670455932617,0.5061218738555908,23.64249555776095,1.6068108292830787,19.89423155869343,23.620863385026457,176.78846404551632,46.48966242525007,28.402752580406542,0.12591275720589218,0.04201310467100653,0.003823605767222264,0.16864346886362805,0.00012235107441811602,0.005396400901459243,13.876006603240967,1.5826675999284268,160.33313355767154,158.75046595774313
119,81.84614324569702,3.9646944999694824,0.6655392050743103,0.3734130561351776,0.722541093826294,0.6236060261726379,0.662348747253418,0.5497576594352722,0.418334424495697,0.34321534633636475,0.32145044207572937,0.551709771156311,0.3425746560096741,0.5064371824264526,26.348081513703036,0.09025173681819497,19.865292857173426,23.566460524941117,176.74757155738436,87.27053899665255,-48.91765834643384,0.15721750198625115,0.0751360904768566,0.002664020074577267,0.06296680164954895,8.259070452630658e-05,0.0019521146104087346,13.876006603240967,1.5826675999284268,160.33313355767154,158.75046595774313
120,81.87814331054688,3.996694564819336,0.6657202839851379,0.3733914792537689,0.722511887550354,0.6235782504081726,0.6740012764930725,0.5509986281394958,0.41819268465042114,0.3450457751750946,0.32125622034072876,0.5665227770805359,0.3424379229545593,0.5075942277908325,20.96865605794974,3.8672898723801774,19.83122606407309,22.315307041900354,176.77172509254578,-168.10670481431606,118.03220253721682,0.3661999811565701,0.036409192500575255,0.0012595312642074347,0.46294528510370986,4.030508213505589e-05,0.01481427914525264,13.876006603240967,1.5826675999284268,160.33313355767154,158.75046595774313
121,81.91014409065247,4.028695344924927,0.6660455465316772,0.37339872121810913,0.7224995493888855,0.6236315965652466,0.6798166632652283,0.5543388724327087,0.41813740134239197,0.3464125990867615,0.3208511769771576,0.5725563168525696,0.34230852127075195,0.5087950229644775,18.918791264472162,4.677769924452413,19.782816110235245,21.9684430301909,176.770183218702,-64.05671320242124,25.32688420088351,0.20957025050361822,0.037741186994096225,0.0017110328266714454,0.1889678984844613,5.475438523976042e-05,0.006047120166416855,13.876006603240967,1.5826675999284268,160.33313355767154,158.75046595774313
122,81.9411416053772,4.059692859649658,0.6664239168167114,0.37342599034309387,0.7224540710449219,0.6238482594490051,0.6826132535934448,0.5573453903198242,0.4181021749973297,0.3477342426776886,0.3204022943973541,0.5753136873245239,0.3421913981437683,0.5097989439964294,18.31336035382982,4.837593869835934,19.715977032729793,21.935099782100746,176.74950952588884,-19.531595226868163,5.156024500764415,0.13246549800522514,0.03260680975419817,0.00714200719486296,0.09012558604473217,0.0002213844731869025,0.0027936691804966362,13.876006603240967,1.5826675999284268,160.33313355767154,158.75046595774313
123,81.97314238548279,4.091693639755249,0.6682151556015015,0.3740822374820709,0.7225427627563477,0.6250540614128113,0.6865270137786865,0.6141278147697449,0.41836968064308167,0.34946346282958984,0.32142090797424316,0.5733703970909119,0.3406154215335846,0.5113487839698792,60.909257922556556,6.215675113616644,19.51014984867551,22.08145061176189,177.04887643470377,1331.0893493276076,43.0639890413155,1.7786173804720913,0.06907217139180917,0.03778218470468539,0.06856306864935216,0.001209059384643454,0.0021940716832124464,13.876006603240967,1.5826675999284268,160.33313355767154,158.75046595774313
124,82.0195472240448,4.138098478317261,0.669808030128479,0.3748105466365814,0.7225853204727173,0.6253553032875061,0.6857995390892029,0.607073187828064,0.4187672734260559,0.35008183121681213,0.3240202069282532,0.5727069973945618,0.34097564220428467,0.5138700604438782,51.67769371978997,6.9783737594410935,19.3761147277564,21.672840087721333,177.2758285015583,-198.93538020674848,16.435756905074452,0.15282967571395273,0.054883916070288426,0.0065560658527940895,0.057809074564222136,0.0003042331775008274,0.002682620772572026,13.876006603240967,1.5826675999284268,160.33313355767154,158.75046595774313
125,82.05184078216553,4.170392036437988,0.6708315014839172,0.3755325376987457,0.7227420806884766,0.6254310607910156,0.685127854347229,0.6016541123390198,0.41913270950317383,0.3509446680545807,0.32457613945007324,0.5720488429069519,0.3395008444786072,0.5139609575271606,45.96696584726256,8.744769923073523,19.355882720576055,21.703122132283177,177.39043743195026,-176.83798890101235,54.698096661534265,0.1690908096035814,0.045755138592627365,0.005391359695116583,0.026677974661789526,0.00017410618766399528,0.0008615267252837967,13.876006603240967,1.5826675999284268,160.33313355767154,158.75046595774313
126,82.08303928375244,4.201590538024902,0.6705514788627625,0.37548428773880005,0.7237273454666138,0.6249011754989624,0.6829141974449158,0.5908670425415039,0.4205302298069,0.3502616286277771,0.3204193115234375,0.5625060200691223,0.3397384583950043,0.5136571526527405,38.13992365765121,3.673991869023063,19.624300221093236,23.697798809402272,177.3966816343345,-250.87878556623795,-162.53274343718334,0.352961314598964,0.012362494200512381,0.0358579986848702,0.33363382291160043,0.0011187158288734852,0.010408875353555771,13.876006603240967,1.5826675999284268,160.33313355767154,158.75046595774313
127,82.11344289779663,4.231994152069092,0.6703408360481262,0.3753814399242401,0.724324643611908,0.6243753433227539,0.6808768510818481,0.5824844241142273,0.4215375483036041,0.34976375102996826,0.31824395060539246,0.5568498373031616,0.34005752205848694,0.5134541392326355,33.81231390184524,0.17734023649780728,19.79963077333237,24.8723973337918,177.41233512079108,-142.3386624207273,-115.0077628088268,0.2837376150583759,0.012438477050683306,0.02617383608971823,0.19932111964854812,0.0007957792105276699,0.006060082392650164,13.876006603240967,1.5826675999284268,160.33313355767154,158.75046595774313
128,82.14348602294922,4.26203727722168,0.6702200770378113,0.37529125809669495,0.7247539758682251,0.6240357160568237,0.678952693939209,0.5786850452423096,0.4222842752933502,0.349447637796402,0.3167029023170471,0.5529841780662537,0.34017422795295715,0.5132840871810913,32.917546655517015,3.17493956045818,19.91843707194118,25.718918976460785,177.42310445307243,-29.78276200574141,99.77654816986181,0.14175733094284024,0.006865042862445806,0.018221268334182406,0.13851782258573508,0.0005474238450027287,0.004161508279807205,13.876006603240967,1.5826675999284268,160.33313355767154,158.75046595774313
129,82.17483234405518,4.293383598327637,0.6691255569458008,0.37510380148887634,0.7246841192245483,0.6239281892776489,0.6788660287857056,0.5684108734130859,0.4224703907966614,0.34906625747680664,0.3191015124320984,0.5521928668022156,0.3408465087413788,0.5132755041122437,26.94586242231786,2.2231473405445117,20.010796209621105,25.31792465586615,177.58362022106127,-190.50670134506794,-30.36376156220739,0.32777490247995367,0.021448627873096555,0.0040906300190224395,0.08057621797465543,0.0001282262021019445,0.002525768002137136,13.876006603240967,1.5826675999284268,160.33313355767154,158.75046595774313
130,82.20587277412415,4.3244240283966064,0.6683493852615356,0.3749648332595825,0.7246363162994385,0.6237283945083618,0.6787921786308289,0.5617192387580872,0.42257118225097656,0.3488166928291321,0.32088741660118103,0.5517867207527161,0.3411742150783539,0.5132789015769958,23.72652739817624,1.1713679752745136,20.08297933299247,24.977019691710332,177.69179358502112,-103.71425321712599,-33.884175023767895,0.21559115450111327,0.010557970595848627,0.006618267087649749,0.05900383408299403,0.00020543385671195597,0.0018315043856542688,13.876006603240967,1.5826675999284268,160.33313355767154,158.75046595774313
131,82.25383472442627,4.3723859786987305,0.6683298945426941,0.3749254643917084,0.7245503664016724,0.6234651207923889,0.6828746795654297,0.565820038318634,0.42260926961898804,0.3471139967441559,0.3257446885108948,0.5473974347114563,0.3451216220855713,0.5138956904411316,23.11983010180633,4.234327256700458,20.057574494020468,24.185994090651022,177.76785019437602,-12.649554335221524,63.86227545234538,0.12064734029032331,0.0833015242440059,0.005774336345531944,0.1364972144787321,0.00027694843283215153,0.006546672617207312,13.876006603240967,1.5826675999284268,160.33313355767154,158.75046595774313
132,82.28430104255676,4.402852296829224,0.6682772040367126,0.37487927079200745,0.7243542075157166,0.6231338381767273,0.6848881840705872,0.569110631942749,0.42261725664138794,0.3458443880081177,0.32891419529914856,0.5443897247314453,0.34770774841308594,0.5142800807952881,23.420918479655366,6.70632527816125,20.018938885653426,23.64917242020449,177.84085187977442,9.882663752128412,81.13871885906083,0.12662331953843534,0.08581730470808414,0.01263696914070327,0.14341903414218216,0.00038500192204589064,0.004369449920143782,13.876006603240967,1.5826675999284268,160.33313355767154,158.75046595774313
133,82.31483030319214,4.4333815574646,0.6682342290878296,0.37483885884284973,0.7241791486740112,0.622882068157196,0.6860151290893555,0.5732020735740662,0.42262235283851624,0.34494298696517944,0.33077627420425415,0.5418370366096497,0.34956663846969604,0.5147489309310913,24.821254673044994,9.740252837501657,19.981440912248893,23.40039470864246,177.92008357645432,45.86865728962262,99.37769524050721,0.139007860950466,0.06279566717177136,0.010044436327118836,0.10349665409404989,0.00030664921456604954,0.003159676327726601,13.876006603240967,1.5826675999284268,160.33313355767154,158.75046595774313
134,82.34882950782776,4.46738076210022,0.6681879758834839,0.3747853636741638,0.724006712436676,0.6225976943969727,0.6864776611328125,0.5755641460418701,0.4226187765598297,0.34430262446403503,0.3322893977165222,0.5403756499290466,0.35127881169319153,0.515237033367157,25.8932997783969,12.331797125521307,19.947671686154262,23.135264994323183,177.98818235859613,31.531476010728582,76.22367392984698,0.07079377728527338,0.05236557549445204,0.009781694395456664,0.06187246089735435,0.00033256982943422953,0.0021036144593585544,13.876006603240967,1.5826675999284268,160.33313355767154,158.75046595774313
135,82.39197397232056,4.510525226593018,0.6681687235832214,0.37476345896720886,0.7237589359283447,0.6225429773330688,0.6868993043899536,0.5789327621459961,0.4226148724555969,0.34387150406837463,0.3330130875110626,0.5398892760276794,0.35209548473358154,0.5155777335166931,27.559583553437374,13.56311996118783,19.88256480017917,22.97421594547234,178.04399595379093,38.62103272410826,28.539532246878835,0.07868684270769583,0.020509946097421735,0.005881316286014454,0.020209871582255595,0.00025374624167286434,0.0008719440868846308,13.876006603240967,1.5826675999284268,160.33313355767154,158.75046595774313
136,82.42393374443054,4.542484998703003,0.6681555509567261,0.374418705701828,0.7236409187316895,0.6219149231910706,0.6862164735794067,0.5744320154190063,0.4226153492927551,0.3438345193862915,0.3292936682701111,0.5398522019386292,0.35135602951049805,0.5153794884681702,25.607976502578957,16.576368885923742,19.858146012171165,23.879190303153305,178.08545170205724,-61.064485821182274,94.28255352904932,0.1424368693690407,0.02395412883641137,0.01999533075775244,0.1163839340102083,0.0006390462142815487,0.003719604008229831,13.876006603240967,1.5826675999284268,160.33313355767154,158.75046595774313
137,82.45593523979187,4.574486494064331,0.6681444048881531,0.37415558099746704,0.7235546708106995,0.6215795278549194,0.6858975291252136,0.572210967540741,0.42260995507240295,0.3437707722187042,0.3263726234436035,0.5398719906806946,0.3509022891521454,0.5151896476745605,24.712473773462932,18.682593116359737,19.833668670458753,24.568272790812465,178.11625002464874,-27.98315263099192,65.81643159654469,0.07011645394465177,0.015369702830263047,0.010821596950977496,0.0912804799460935,0.0003463072846288689,0.002921111855574716,13.876006603240967,1.5826675999284268,160.33313355767154,158.75046595774313
138,82.48793482780457,4.606486082077026,0.6673967242240906,0.37499430775642395,0.7240422368049622,0.6203168630599976,0.6792436242103577,0.5619928240776062,0.42262378334999084,0.3437008261680603,0.3261597752571106,0.5346271395683289,0.35187214612960815,0.5149712562561035,24.5259670329766,25.798982953271025,20.236267845559734,25.17590389594132,178.35960107227086,-5.828410678673103,222.39004558708623,0.38105622001735806,0.031067322583201096,0.04229835155878413,0.1640386204131257,0.0013535298234972407,0.005249168271390933,13.876006603240967,1.5826675999284268,160.33313355767154,158.75046595774313
139,82.53493428230286,4.653485536575317,0.6668347120285034,0.3755585551261902,0.7244547605514526,0.6196300983428955,0.6751972436904907,0.5574922561645508,0.422623872756958,0.34368813037872314,0.32584571838378906,0.5333225131034851,0.3520297408103943,0.5146855115890503,25.12124569293814,27.520806536066985,20.53912682304586,25.359305784459018,178.4856032998951,12.665650406286852,36.63496951562636,0.12877026949468062,0.006943103506761962,0.017045680867355147,0.028551286775089686,0.000801137702317648,0.0013418949036534857,13.876006603240967,1.5826675999284268,160.33313355767154,158.75046595774313
140,82.58193516731262,4.700486421585083,0.6664004921913147,0.37589365243911743,0.7247191667556763,0.618925154209137,0.6733669638633728,0.5528947114944458,0.4226227402687073,0.3436748683452606,0.32556065917015076,0.5330043435096741,0.35199886560440063,0.5141103267669678,24.378631556675725,27.30606892581529,20.771118449479577,25.418130649664597,178.5588928401675,-15.800003257558181,-4.568799294036243,0.10528458292037672,0.01225536279195409,0.016018825577982832,0.00908896159431409,0.0007528989789822634,0.0004271892387525326,13.876006603240967,1.5826675999284268,160.33313355767154,158.75046595774313
141,82.61193299293518,4.730484247207642,0.6663974523544312,0.37590351700782776,0.7247010469436646,0.620156466960907,0.6734591722488403,0.5537583231925964,0.4223295748233795,0.34367603063583374,0.3251104950904846,0.533939003944397,0.35117676854133606,0.5113126039505005,24.233304825035024,21.975155987834576,20.77075822607501,25.29833498594827,178.5294036999353,-4.844575519214097,-177.70997821828212,0.0289527759100867,0.0972072772137906,0.04105117765041093,0.034583134194410316,0.0012314460687577015,0.001037418829045464,13.876006603240967,1.5826675999284268,160.33313355767154,158.75046595774313
142,82.64293360710144,4.761484861373901,0.6664188504219055,0.3759777247905731,0.7246853709220886,0.6214391589164734,0.6735955476760864,0.5549361705780029,0.4220828413963318,0.3437029719352722,0.3249046802520752,0.5352616906166077,0.35058191418647766,0.5096492767333984,24.17921308806344,18.173629372949655,20.76045692219308,25.10176015496879,178.48345175478335,-1.74486017217214,-122.62746133018229,0.03824814937556168,0.05698262228868943,0.041379429934067256,0.0431799080183998,0.0012827877418057987,0.0013386036682129984,13.876006603240967,1.5826675999284268,160.33313355767154,158.75046595774313
143,82.67393326759338,4.792484521865845,0.66643887758255,0.376038521528244,0.724683403968811,0.6221312880516052,0.6736608743667603,0.555793046951294,0.421914666891098,0.3437345623970032,0.32481619715690613,0.5360990166664124,0.35015708208084106,0.508595883846283,24.249275165608978,15.873946608735544,20.771338966564926,24.965285966733216,178.4611687398278,2.2600917698355127,-74.18412742977576,0.027721689384568794,0.036640207972609966,0.022327080976781644,0.027161207964783964,0.0006921319300563581,0.0008419882254593708,13.876006603240967,1.5826675999284268,160.33313355767154,158.75046595774313
144,82.70593428611755,4.824485540390015,0.6660906076431274,0.3759867548942566,0.7246618270874023,0.621924638748169,0.6736429929733276,0.5564019680023193,0.4218924641609192,0.3442862927913666,0.32434970140457153,0.5361570119857788,0.34990018606185913,0.5085712671279907,24.510182087771437,15.858729348884927,20.852579705279716,25.10395465736665,178.34962284931353,8.153081814111616,-0.475524234927832,0.01903637985187398,0.008064516940383484,0.0064926903370064746,0.014689749744030606,0.00020777270374624325,0.0004700869536741438,13.876006603240967,1.5826675999284268,160.33313355767154,158.75046595774313
145,82.73793601989746,4.856487274169922,0.6657992601394653,0.37596696615219116,0.7246583104133606,0.6217169165611267,0.673608124256134,0.557464599609375,0.42186683416366577,0.34464964270591736,0.3240535855293274,0.5362225770950317,0.34979426860809326,0.5085574984550476,24.99901231268299,15.888393137326121,20.923928378972523,25.18985836616909,178.28474724766937,15.275116913149,0.9269431664299135,0.03322331045197448,0.0033375888437980816,0.006491896797041012,0.009477225399208216,0.00020775195302553888,0.00030328764419763633,13.876006603240967,1.5826675999284268,160.33313355767154,158.75046595774313
146,82.76893663406372,4.887487888336182,0.6655622720718384,0.3759459853172302,0.7246549725532532,0.6215593218803406,0.6736525297164917,0.5585282444953918,0.42185306549072266,0.3448601961135864,0.3238902986049652,0.5362839102745056,0.34975725412368774,0.5085311532020569,25.450696046574528,15.88424650927385,20.97968533620479,25.234623829171603,178.24345161730264,14.570154367558922,-0.13375954521518002,0.03434033290376094,0.001465546967210249,0.005084738772156185,0.0056265289824893,0.0001576300248118353,0.00017442585408142895,13.876006603240967,1.5826675999284268,160.33313355767154,158.75046595774313
147,82.79993343353271,4.918484687805176,0.66474449634552,0.3748718202114105,0.724908709526062,0.619192898273468,0.6736944913864136,0.55289626121521,0.4213877320289612,0.345289409160614,0.3238556981086731,0.5358592867851257,0.35031598806381226,0.5075832009315491,23.852243970849095,15.99701819169549,21.19172524127158,25.27959494078014,178.34636910664508,-51.56829424677707,3.638171822689121,0.18170068182401478,0.03549922210796846,0.07678173537447161,0.013744350292998487,0.0023799880542838703,0.000426030869863685,13.876006603240967,1.5826675999284268,160.33313355767154,158.75046595774313
148,82.82993364334106,4.948484897613525,0.6641268134117126,0.37442418932914734,0.7251335382461548,0.6179897785186768,0.6736918091773987,0.5496242046356201,0.4208196699619293,0.3460072875022888,0.32377341389656067,0.5358946323394775,0.35039570927619934,0.506693959236145,22.897886041228286,15.28513532673135,21.34469106488663,25.30181636514784,178.41686169913137,-31.811708508624942,-23.729262878888612,0.10906782651983564,0.029760061143963075,0.04079793219809115,0.0029851275050095994,0.0012239465256895564,8.955445145496318e-05,13.876006603240967,1.5826675999284268,160.33313355767154,158.75046595774313
149,82.86084771156311,4.979398965835571,0.6639543175697327,0.37424153089523315,0.7253750562667847,0.6172107458114624,0.6733452081680298,0.5497913360595703,0.42033642530441284,0.3467293083667755,0.32360851764678955,0.536873996257782,0.35029125213623047,0.5059568881988525,23.471870044078727,13.83278944206952,21.444651997179253,25.239642262305754,178.44020811248208,18.567080810189616,-46.980095736028396,0.012447160728166132,0.024080817453143513,0.026383198130258093,0.03212611009162797,0.0008156119869145525,0.0009931487590815443,13.876006603240967,1.5826675999284268,160.33313355767154,158.75046595774313
150,82.89280843734741,5.011359691619873,0.6639319062232971,0.3742230534553528,0.7256168127059937,0.6155243515968323,0.6733710765838623,0.5229034423828125,0.4199488162994385,0.3479129374027252,0.32436367869377136,0.5384145379066467,0.34707769751548767,0.5059804916381836,15.086863876694252,8.358655710466193,21.600422736883015,24.95000692625687,178.41688140930506,-262.3534341483247,-171.2768905358236,0.8412795848884549,0.10054969728956463,0.05330400937335499,0.05368069133260291,0.0017036348267856496,0.0017156738555930658,13.876006603240967,1.5826675999284268,160.33313355767154,158.75046595774313
151,82.9248046875,5.043355941772461,0.6639063954353333,0.3742174506187439,0.7257086038589478,0.614406406879425,0.6728546619415283,0.5159739851951599,0.41966143250465393,0.34855833649635315,0.32509586215019226,0.5391014218330383,0.3453366160392761,0.5061070919036865,13.804296180641826,5.132544037990715,21.690512748548077,24.72127651731303,178.39484979372946,-40.08493776414269,-100.82780504247768,0.2171714902013863,0.05455883671038103,0.03505744370156277,0.03137690484088593,0.001121706738385469,0.001003943296302932,13.876006603240967,1.5826675999284268,160.33313355767154,158.75046595774313
152,82.97080707550049,5.089358329772949,0.6639572381973267,0.37421658635139465,0.7267658114433289,0.6148647665977478,0.6728708148002625,0.558668315410614,0.41959530115127563,0.3502059280872345,0.3318031132221222,0.5403338670730591,0.3486024737358093,0.5098884701728821,29.174673091916233,4.104039507153429,21.89586274541399,23.107759758653923,178.52816824867244,334.1212832497144,-22.3576334955996,0.9280894998454322,0.10861313460904026,0.025048569645891965,0.14824319357239646,0.0011522940197075755,0.006819540909148872,13.876006603240967,1.5826675999284268,160.33313355767154,158.75046595774313
153,83.00280785560608,5.12135910987854,0.663967490196228,0.3742083013057709,0.7274466753005981,0.6151818037033081,0.6730063557624817,0.5721737742424011,0.41951122879981995,0.351043701171875,0.3349355161190033,0.5411071181297302,0.35026815533638,0.5119031071662903,36.93311042542773,3.711860308858499,22.02861430865785,22.31170345875452,178.62682862016797,242.44525626911286,-12.255301183311238,0.4220565534819737,0.08168707115106498,0.023469990322270234,0.10082355010526296,0.0007510579993833145,0.003226432256383538,13.876006603240967,1.5826675999284268,160.33313355767154,158.75046595774313
154,83.03380799293518,5.152359247207642,0.663969099521637,0.37419456243515015,0.7277913093566895,0.6154206991195679,0.6731278300285339,0.5757560729980469,0.41945186257362366,0.35161182284355164,0.3368496000766754,0.5418589115142822,0.35123181343078613,0.513052225112915,39.215379654443396,3.0617003626658055,22.09116955004479,21.7940979505825,178.6844859510943,73.62126189270698,-20.9728085811527,0.1156239308518722,0.048377300635538224,0.013526945190044264,0.0663362075120008,0.000419337158534602,0.0020564315427638036,13.876006603240967,1.5826675999284268,160.33313355767154,158.75046595774313
155,83.06480717658997,5.183358430862427,0.6639670133590698,0.3741653561592102,0.7279485464096069,0.6156230568885803,0.6731417179107666,0.5783353447914124,0.41937941312789917,0.35190942883491516,0.3383370041847229,0.5424643158912659,0.35213223099708557,0.51390141248703,40.92949640010508,2.739575762443173,22.113899591175674,21.366689880998592,178.73076980825974,55.295544706935736,-10.391389780127586,0.08320571312176123,0.03992646300946775,0.008266856233030473,0.05180429502751773,0.000256265794615417,0.0016058908556646956,13.876006603240967,1.5826675999284268,160.33313355767154,158.75046595774313
156,83.09680652618408,5.215357780456543,0.663964569568634,0.3741266429424286,0.7280450463294983,0.6158373951911926,0.6730812788009644,0.5792229771614075,0.41930288076400757,0.3520600199699402,0.3390292525291443,0.5428010821342468,0.35275474190711975,0.5145719647407532,41.481976609278696,3.105973142845342,22.121118985425714,21.152380307314345,178.76922315022614,17.265357458240402,11.450150863989412,0.02780330409414993,0.02859322386794991,0.007345770243049726,0.02405729171903983,0.00023505987004540418,0.0007698176880051924,13.876006603240967,1.5826675999284268,160.33313355767154,158.75046595774313
157,83.12780809402466,5.246359348297119,0.6643941402435303,0.3732602000236511,0.7299769520759583,0.6131357550621033,0.6649980545043945,0.5356214642524719,0.41966038942337036,0.35199832916259766,0.34031248092651367,0.5455138683319092,0.35311824083328247,0.5146640539169312,24.681351232397958,0.24805454114973818,22.597651447371824,20.603113461602334,178.7681186864612,-541.9282490252433,-92.18626026890931,1.4303938578607005,0.012095598383112688,0.10713370659422644,0.09680092743061552,0.003321312872993294,0.003000980518770918,13.876006603240967,1.5826675999284268,160.33313355767154,158.75046595774313
158,83.1588065624237,5.277357816696167,0.6646441221237183,0.37245815992355347,0.7311499714851379,0.6115264892578125,0.6615675687789917,0.5197550654411316,0.4198257029056549,0.35196009278297424,0.3415921628475189,0.5479604601860046,0.3536735773086548,0.5147657990455627,21.624014525055443,1.760103709788656,22.868890227183144,20.059710509835217,178.77446329309623,-98.62863764702722,48.77818959227553,0.5236715850618878,0.018213160646097803,0.06424218335840949,0.08907053212973703,0.0019914092907214946,0.00276105007551003,13.876006603240967,1.5826675999284268,160.33313355767154,158.75046595774313
159,83.19029331207275,5.308844566345215,0.6647975444793701,0.3718022108078003,0.7318676114082336,0.6104745268821716,0.6594330668449402,0.5144971013069153,0.4199340343475342,0.35192742943763733,0.34272459149360657,0.5498754978179932,0.35428792238235474,0.5148723721504211,21.345936997157665,3.0271760701688186,23.027569919893775,19.604508855123655,178.7772411687145,-8.831572994902238,40.241446783265495,0.1802251998929656,0.019802628489668267,0.040443460485179675,0.07065849862691957,0.0012734331152380119,0.002224806456843408,13.876006603240967,1.5826675999284268,160.33313355767154,158.75046595774313
160,83.2203016281128,5.338852882385254,0.6652168035507202,0.37132349610328674,0.7306228280067444,0.6111676096916199,0.6696439981460571,0.5163873434066772,0.4199652671813965,0.3514334559440613,0.3434775471687317,0.5510586500167847,0.35375791788101196,0.5162119269371033,17.502251580471928,4.527718785455492,22.610951342767397,19.273352956931614,178.75384548870585,-128.08734124091603,50.004229270464585,0.34605133440819497,0.04800650092312698,0.047477768027055736,0.04673449158147656,0.0014247278678315503,0.0014024233933474935,13.876006603240967,1.5826675999284268,160.33313355767154,158.75046595774313
161,83.251469373703,5.370020627975464,0.6655217409133911,0.3710438311100006,0.7298817038536072,0.6116036772727966,0.6744228601455688,0.5169950127601624,0.41999274492263794,0.35103413462638855,0.34408193826675415,0.5516445636749268,0.3533001244068146,0.5169177651405334,15.400238860351754,5.860347531255633,22.3516546540151,19.047293125920508,178.73607697292164,-67.4419237039856,42.756661432026405,0.15456177275724023,0.02699258638143689,0.02758926879765295,0.02700785548111236,0.0008598953109051651,0.0008417739685724677,13.876006603240967,1.5826675999284268,160.33313355767154,158.75046595774313
162,83.28280282020569,5.401354074478149,0.6650674939155579,0.36995750665664673,0.7294006943702698,0.6107546091079712,0.6624330878257751,0.509742259979248,0.4200240671634674,0.35054999589920044,0.34076210856437683,0.5507633090019226,0.3525678515434265,0.5165751576423645,18.584753802264387,2.5473428010963763,22.265482941696288,19.930984165742515,178.49944667153076,101.63308851580348,-105.73381162762621,0.44721369711782016,0.02580174023724034,0.031144096121310565,0.10962101080399199,0.000975851869691581,0.0034348040775971974,13.876006603240967,1.5826675999284268,160.33313355767154,158.75046595774313
163,83.31456971168518,5.433120965957642,0.6646485328674316,0.36911675333976746,0.7290078401565552,0.6102001667022705,0.6582971811294556,0.5042944550514221,0.42003878951072693,0.3501282036304474,0.33897829055786133,0.5504807829856873,0.3517579436302185,0.5162883400917053,18.783033514229178,1.5341622887541126,22.1941329487539,20.372988815762636,178.3609619590068,6.241709614325795,-31.894229027613374,0.21531553297396006,0.027046853777623538,0.021390671238082904,0.05685331390253015,0.0006795151318936744,0.0018060530529911798,13.876006603240967,1.5826675999284268,160.33313355767154,158.75046595774313
164,83.34543681144714,5.4639880657196045,0.6642727255821228,0.3686046004295349,0.7285484075546265,0.6098383069038391,0.6559980511665344,0.5022940039634705,0.42003926634788513,0.349873423576355,0.3381569981575012,0.5504528284072876,0.3515874445438385,0.5162180662155151,19.08436123498325,0.7863982923525998,22.11365360913033,20.563867401672052,178.2369121219795,9.762100199818333,-24.225275525333686,0.09873262308748848,0.005974437116479256,0.018946563613660355,0.026622780183862185,0.0005848254692092303,0.0008217680118760828,13.876006603240967,1.5826675999284268,160.33313355767154,158.75046595774313
165,83.37680244445801,5.495353698730469,0.6646138429641724,0.369665265083313,0.7273655533790588,0.6132746338844299,0.669289231300354,0.5451804399490356,0.41940802335739136,0.35114815831184387,0.33748093247413635,0.5722551345825195,0.348325252532959,0.5165923833847046,26.015386229613295,9.30687759480114,21.626439649221595,18.770482080822905,177.8187801630302,220.97513518153184,271.6501624404412,1.4314646781279532,0.10468773643974212,0.11586600717797499,0.6954358510177177,0.0036342106595785273,0.0218127856856198,13.876006603240967,1.5826675999284268,160.33313355767154,158.75046595774313
166,83.40680193901062,5.525353193283081,0.6648706197738647,0.37070614099502563,0.7263928055763245,0.6155760288238525,0.6745443344116211,0.5577098727226257,0.41897910833358765,0.3519156873226166,0.3370411694049835,0.5812980532646179,0.34682998061180115,0.5171319246292114,27.757228839141312,10.98345906357653,21.26513202328076,18.17326165532174,177.44256269624242,58.06239856718989,55.88699055695913,0.4529030003603288,0.05298876216279357,0.08328576853143232,0.30179192969141705,0.002498530959368833,0.009053605350800022,13.876006603240967,1.5826675999284268,160.33313355767154,158.75046595774313
167,83.43806600570679,5.556617259979248,0.6651625633239746,0.37138062715530396,0.7254964113235474,0.6166085600852966,0.6762763261795044,0.5605543851852417,0.41868552565574646,0.3521910011768341,0.3368836045265198,0.5831930637359619,0.3462069630622864,0.5178142189979553,27.463688500233314,11.384004761131514,20.987344580246287,18.068790054281184,177.2319287458142,-9.389064505289936,12.811695338536717,0.10652236429073737,0.029552973725516532,0.043735483201432786,0.060822213211865594,0.0013673490637986856,0.0019015497304642553,13.876006603240967,1.5826675999284268,160.33313355767154,158.75046595774313
168,83.46879816055298,5.5873494148254395,0.66545170545578,0.37217965722084045,0.7209979295730591,0.6163877844810486,0.6777681112289429,0.5593228936195374,0.4188179075717926,0.35210657119750977,0.3314056992530823,0.5818199515342712,0.34665951132774353,0.5177512764930725,24.33178099104723,7.441224533993033,19.99307189945815,19.408305856989852,177.27674019182422,-101.90979203575822,-128.29494862535176,0.06294460855278217,0.014867309785679893,0.1465532145594894,0.18376122577323756,0.004503896083049341,0.0056473784451890755,13.876006603240967,1.5826675999284268,160.33313355767154,158.75046595774313
169,83.51452445983887,5.633075714111328,0.6656982898712158,0.37288206815719604,0.7177762389183044,0.6163634061813354,0.6785440444946289,0.5604924559593201,0.4188549518585205,0.3518234193325043,0.3285764157772064,0.5815973281860352,0.347623735666275,0.5177220106124878,23.00324868491484,4.845609289259662,19.26594998684483,20.039996765834424,177.27698221191667,-29.054008893791643,-56.76416603288053,0.03069455784187728,0.021096576509952693,0.07045798453325235,0.06206556424704254,0.003221782887848012,0.002838028566107819,13.876006603240967,1.5826675999284268,160.33313355767154,158.75046595774313
170,83.5454375743866,5.663988828659058,0.6658708453178406,0.37346524000167847,0.7155306339263916,0.6163480281829834,0.6787973642349243,0.561212420463562,0.4189392924308777,0.3514817953109741,0.327042818069458,0.5793067812919617,0.3487885892391205,0.5173224806785583,22.117514903118554,2.635138892886772,18.762712827847267,20.560911094996968,177.26767852459858,-28.652363074860144,-71.50591031388795,0.02468951589977986,0.03983635479911182,0.07264417315250347,0.08917065205966761,0.0022456576458884355,0.0027565425814162353,13.876006603240967,1.5826675999284268,160.33313355767154,158.75046595774313
171,83.57643675804138,5.694988012313843,0.6672852039337158,0.3737623989582062,0.7146684527397156,0.6210664510726929,0.6834935545921326,0.5785365700721741,0.4189643859863281,0.35026198625564575,0.3271286189556122,0.5698411464691162,0.360973060131073,0.5177436470985413,25.395476445978623,10.312821568841585,17.983609599989602,21.552252842105204,177.36254080822613,105.74347954979356,247.6737052644822,0.5790276148756008,0.393292540843956,0.15473142360247763,0.3053636440786811,0.0047965478174195626,0.009466023684289483,13.876006603240967,1.5826675999284268,160.33313355767154,158.75046595774313
172,83.60743737220764,5.7259886264801025,0.6686761379241943,0.3740426301956177,0.7148216962814331,0.6233757138252258,0.6847956776618958,0.5831008553504944,0.4189673066139221,0.34972307085990906,0.32732051610946655,0.5686614513397217,0.3604414165019989,0.5174741744995117,26.22011961043056,10.191019012194506,17.63596545788724,21.704541017034327,177.33413849049285,26.60086539025597,-3.9290368891996312,0.1531063438114054,0.019226627869262963,0.07465470858177436,0.038554102897863665,0.002314341816438149,0.0011952008684629491,13.876006603240967,1.5826675999284268,160.33313355767154,158.75046595774313
173,83.65443682670593,5.7729880809783936,0.6687556505203247,0.3739968240261078,0.7144333720207214,0.6206802725791931,0.6844096183776855,0.5819427371025085,0.41994771361351013,0.3480171859264374,0.3295815587043762,0.5522261261940002,0.36798644065856934,0.5170841813087463,27.287194352517904,23.670028536083528,17.637431943134516,22.811825738309825,177.48962535823728,22.70398142868112,286.7907652923747,0.025974133470367033,0.16074860128990168,0.05794258642050744,0.3529854662470619,0.0027232699539839343,0.016590124359436825,13.876006603240967,1.5826675999284268,160.33313355767154,158.75046595774313
174,83.68446826934814,5.8030195236206055,0.6689842939376831,0.37398549914360046,0.7145274877548218,0.6198771595954895,0.6840625405311584,0.5807211995124817,0.42066970467567444,0.34709328413009644,0.3306480348110199,0.5448063611984253,0.36705559492111206,0.515107274055481,27.3911718884027,26.314041975186004,17.65908812794167,23.383139296323172,177.63908834036658,3.4622890789350524,88.04150605093062,0.042285302053419536,0.07276020974095461,0.026925407386777348,0.24960565355409647,0.0008086088275541929,0.0074960178678816665,13.876006603240967,1.5826675999284268,160.33313355767154,158.75046595774313
175,83.71639728546143,5.834948539733887,0.6693897247314453,0.37399303913116455,0.7146196365356445,0.6198497414588928,0.683822512626648,0.5789000391960144,0.42121416330337524,0.3465229570865631,0.33144494891166687,0.5417652130126953,0.36640989780426025,0.5135965347290039,26.521732387333884,26.451969117356313,17.62895470761675,23.565345979099156,177.72951367354946,-27.230388120452016,4.319805586271616,0.05753105509247097,0.05145607656334713,0.0030110953757879187,0.09846303968184424,9.614131277215911e-05,0.0031438279805642557,13.876006603240967,1.5826675999284268,160.33313355767154,158.75046595774313
176,83.74721908569336,5.86577033996582,0.669808566570282,0.37402355670928955,0.7146933078765869,0.6197882890701294,0.6836733818054199,0.5777518153190613,0.42165127396583557,0.3462321162223816,0.3319667875766754,0.5399368405342102,0.36592966318130493,0.5126101970672607,26.07465610306892,26.33578630488532,17.600283398730568,23.68330004276421,177.82921361729692,-14.505197000198569,-3.7695011841202684,0.037566524054797934,0.0355928488437682,0.0031126268622331432,0.06168958626912373,9.593676334430023e-05,0.001901384104377565,13.876006603240967,1.5826675999284268,160.33313355767154,158.75046595774313
177,83.77737307548523,5.89592432975769,0.6702393293380737,0.37404757738113403,0.7147247791290283,0.6197457909584045,0.6836360692977905,0.576671838760376,0.42200374603271484,0.3460216522216797,0.33224284648895264,0.5387707352638245,0.36556997895240784,0.511869490146637,25.557302368227287,26.11914270039778,17.55785514479318,23.78061595686237,177.88486249876033,-17.157057437922177,-7.1845751087290655,0.03583674782978263,0.027307145509317975,0.0017537387498949922,0.03974055723101313,5.2882220361940656e-05,0.0011983363570672,13.876006603240967,1.5826675999284268,160.33313355767154,158.75046595774313
178,83.80892992019653,5.927481174468994,0.6702605485916138,0.3743451237678528,0.71480792760849,0.619709312915802,0.6821256875991821,0.5756058096885681,0.4219845235347748,0.3459697365760803,0.3323582708835602,0.5388650298118591,0.3600492477416992,0.5124009251594543,26.249427458176736,21.376486761189156,17.683002711747065,23.563390905094053,177.83233074569108,21.9326455569726,-150.28929484543167,0.05858299150376663,0.17575428408131835,0.002877290915469233,0.004723047146846993,9.079822260870749e-05,0.0001490444653772166,13.876006603240967,1.5826675999284268,160.33313355767154,158.75046595774313
179,83.84061121940613,5.959162473678589,0.6702953577041626,0.37463054060935974,0.7148687243461609,0.6196749210357666,0.6812349557876587,0.5754527449607849,0.4219754636287689,0.3459239602088928,0.332440584897995,0.5389525294303894,0.3573254644870758,0.512874960899353,26.94595257300913,18.775454730759236,17.765541706549055,23.41922008916321,177.8057822972999,21.98537093521247,-82.09991683807569,0.028527478106689503,0.08726678542795632,0.0022047757138992817,0.003791900824190511,6.985015908209096e-05,0.00012013234458428842,13.876006603240967,1.5826675999284268,160.33313355767154,158.75046595774313
180,83.88698482513428,6.005536079406738,0.6700940132141113,0.3746856451034546,0.714893102645874,0.6101601123809814,0.6758186221122742,0.5726171135902405,0.42198172211647034,0.344169020652771,0.3344714641571045,0.5288350582122803,0.363333523273468,0.51289963722229,35.37330587392707,35.74036054981577,18.230368943721096,23.83581147253232,177.81491288003667,181.72736772552548,365.83107034005343,0.13183603071368682,0.12955881620991444,0.20517791825064785,0.22252501899404775,0.009514839885078015,0.01031928749547893,13.876006603240967,1.5826675999284268,160.33313355767154,158.75046595774313
181,83.917973279953,6.036524534225464,0.6699238419532776,0.37470635771751404,0.7149590253829956,0.6053434610366821,0.6728860139846802,0.5695896744728088,0.4219859540462494,0.34294164180755615,0.3356019854545593,0.5243772268295288,0.366123229265213,0.5129061937332153,38.5932101939178,43.94212935852256,18.50471608099718,23.908877644340244,177.82560775351993,103.90657871863341,264.67175781061064,0.13601592202559343,0.09002429171698134,0.15544829436159888,0.1484084896384819,0.004817102446472362,0.004598949775877401,13.876006603240967,1.5826675999284268,160.33313355767154,158.75046595774313
182,83.94990730285645,6.068458557128906,0.6697813272476196,0.37472301721572876,0.7150333523750305,0.602848470211029,0.6711682677268982,0.5685417652130127,0.42198991775512695,0.34207093715667725,0.33642295002937317,0.5226293802261353,0.36763980984687805,0.5129093527793884,40.751372103651754,47.348565349320516,18.671444331141625,23.78613755709016,177.83421934290803,67.58189897525604,106.67105742041528,0.06300974288142941,0.04749116252602688,0.07816421082692832,0.06046996002702698,0.0024960976987766278,0.001931049088473325,13.876006603240967,1.5826675999284268,160.33313355767154,158.75046595774313
183,83.98045659065247,6.099007844924927,0.669658362865448,0.37480881810188293,0.7151962518692017,0.6053868532180786,0.670770525932312,0.5677575469017029,0.42221659421920776,0.3421075940132141,0.3304980397224426,0.5310782790184021,0.35736721754074097,0.5124219655990601,38.56303089459154,29.336233093828973,18.670207659649474,24.23441932903365,177.79502892076886,-71.63313343577443,-589.6154560381573,0.028783523784569304,0.33664116864269983,0.08326232190069356,0.3377926293232596,0.002543604634309189,0.010319324248570733,13.876006603240967,1.5826675999284268,160.33313355767154,158.75046595774313
184,84.01222205162048,6.130773305892944,0.6695534586906433,0.37489116191864014,0.7154520153999329,0.6074888110160828,0.6706160306930542,0.5675475001335144,0.4223674237728119,0.3421492576599121,0.3269175887107849,0.536422073841095,0.3522266745567322,0.5120993256568909,37.14156563037365,19.97275218817418,18.68742289162262,24.44854889388668,177.75357182131793,-44.748768659427526,-294.76924371040064,0.008208472061425436,0.16214649268329073,0.06665922826940004,0.20249667472642285,0.002117461113749801,0.006432400217175537,13.876006603240967,1.5826675999284268,160.33313355767154,158.75046595774313
185,84.04400610923767,6.162557363510132,0.6694008111953735,0.3749358355998993,0.7157365083694458,0.608851969242096,0.6702670454978943,0.5674171447753906,0.4224817752838135,0.342153400182724,0.3249666392803192,0.5389143228530884,0.35012760758399963,0.5118274688720703,36.453627034631715,16.52588524832209,18.74180788828699,24.597623337847562,177.72534209806167,-21.644140091475432,-108.44640987525038,0.01172084943376669,0.06659307954927318,0.04381217989997954,0.09957963438061249,0.0013925288502755339,0.0031650448366518525,13.876006603240967,1.5826675999284268,160.33313355767154,158.75046595774313
186,84.07380628585815,6.192357540130615,0.6687936186790466,0.37570813298225403,0.7181168794631958,0.6106445789337158,0.6704997420310974,0.5690096020698547,0.42183881998062134,0.3446721136569977,0.3250653147697449,0.5511846542358398,0.3449891209602356,0.5100520849227905,36.97788770501503,0.7364518333938397,19.406617224929025,23.355428013201667,177.70339381653167,17.59253567722006,-529.8436185802756,0.054005344105894845,0.18243334993903654,0.0999949933145468,0.4117669601975027,0.0029798684619375512,0.012270728140365138,13.876006603240967,1.5826675999284268,160.33313355767154,158.75046595774313
187,84.12029433250427,6.238845586776733,0.6683269739151001,0.37625542283058167,0.7197200059890747,0.6115714311599731,0.6704481244087219,0.5691743493080139,0.4214019179344177,0.3462400436401367,0.3251468539237976,0.5552653670310974,0.3428885042667389,0.5089311003684998,36.96896997588278,3.773699169185627,19.881795810125098,22.968561438815833,177.70000448475068,-0.19182843280412645,65.33394183912011,0.0037137338763212372,0.051217629112126566,0.039833352418236434,0.08779735113936958,0.001851774745290239,0.004081527355172629,13.876006603240967,1.5826675999284268,160.33313355767154,158.75046595774313
188,84.15159106254578,6.270142316818237,0.6679364442825317,0.3766622245311737,0.7206364870071411,0.6121772527694702,0.6704877614974976,0.5691718459129333,0.42104291915893555,0.34730854630470276,0.3252972662448883,0.5579758286476135,0.3417806327342987,0.5083386898040771,36.77199834954566,6.0710492182304945,20.185357754249566,22.676144432637784,177.7030616154193,-6.293680716033417,73.40543392227416,0.001269016431611449,0.04014208148430332,0.035103222380718446,0.08673851354488787,0.0010986160744362232,0.002714631842615686,13.876006603240967,1.5826675999284268,160.33313355767154,158.75046595774313
189,84.19779992103577,6.3163511753082275,0.6673163771629333,0.3766745924949646,0.7206236720085144,0.613396406173706,0.6726300716400146,0.5665130615234375,0.42067575454711914,0.34717828035354614,0.3253520429134369,0.5574135184288025,0.3419487774372101,0.5083445906639099,32.9797241651897,5.702992489443576,20.209316897738297,22.674474523654762,177.7579092603639,-82.06812088157173,-7.965068621347713,0.07389217789049482,0.0036410380769890177,0.02638500049450283,0.012226485012209557,0.0012192207541088036,0.000564971915759178,13.876006603240967,1.5826675999284268,160.33313355767154,158.75046595774313
190,84.22958159446716,6.348132848739624,0.6668897867202759,0.3766850233078003,0.7205901741981506,0.6138818264007568,0.6740657091140747,0.5656145811080933,0.42050132155418396,0.34688565135002136,0.3258117139339447,0.5565301775932312,0.3430793881416321,0.5083693265914917,31.190227943759364,4.582270157636217,20.239979690109916,22.620145075672664,177.79294794523554,-56.30591558663897,-35.263163037230754,0.05328895358056412,0.03558281049828046,0.015309913162242589,0.031332061855913494,0.0004865746603854326,0.0009957853578369572,13.876006603240967,1.5826675999284268,160.33313355767154,158.75046595774313
191,84.2613594532013,6.379910707473755,0.6666378378868103,0.376693993806839,0.7205653786659241,0.6142330765724182,0.6752214431762695,0.5654752850532532,0.420381635427475,0.3466033935546875,0.32630401849746704,0.5556719303131104,0.34404119849205017,0.5084248781204224,30.1314928112662,3.65019843571997,20.25380544478571,22.56076559813306,177.81286639143377,-33.31675495668422,-29.330853589425775,0.03663236743653892,0.03031712346650411,0.011080805441559557,0.031135518913176678,0.00035212426998226814,0.000989420121636788,13.876006603240967,1.5826675999284268,160.33313355767154,158.75046595774313
192,84.30535840988159,6.423909664154053,0.6660816073417664,0.37697380781173706,0.7194032669067383,0.6160653233528137,0.6781096458435059,0.5555909276008606,0.4201245903968811,0.34670573472976685,0.3248784840106964,0.5537604093551636,0.34429749846458435,0.5096983313560486,21.75412461301719,0.9186282112663994,19.994643406801103,23.047954136138966,177.85771222979363,-190.3992464894124,-62.082613556078506,0.23404375736467098,0.02952318079491324,0.04931271055749628,0.054195518634891734,0.0021697078156073454,0.0023845462766828762,13.876006603240967,1.5826675999284268,160.33313355767154,158.75046595774313
193,84.33635807037354,6.454909324645996,0.6657786965370178,0.3775007426738739,0.7185152769088745,0.6178888082504272,0.6808799505233765,0.5526369214057922,0.4200299382209778,0.34680357575416565,0.323844850063324,0.5520983934402466,0.3444151282310486,0.5109871029853821,17.60146884851895,1.477251431171862,19.790204397846495,23.44758503144684,177.89334043545475,-133.95810465658133,18.020301223964882,0.1306395851592442,0.04174654407988341,0.06542674700052953,0.06313670438625632,0.002028206944108689,0.001957216400554137,13.876006603240967,1.5826675999284268,160.33313355767154,158.75046595774313
194,84.3663580417633,6.484909296035767,0.6654520034790039,0.37789270281791687,0.7182624340057373,0.6184485554695129,0.6827731132507324,0.5432966351509094,0.4200192391872406,0.3468700349330902,0.3233177661895752,0.5498839020729065,0.344534695148468,0.5117934942245483,12.896288169080313,3.6486302741704337,19.795873981262076,23.804571722409708,177.97389419806652,-156.83950555509622,72.37936379295934,0.3176741616300397,0.027173605369520168,0.02047348427390932,0.07587855288758703,0.000614203942466196,0.002276354415724799,13.876006603240967,1.5826675999284268,160.33313355767154,158.75046595774313
195,84.39696598052979,6.515517234802246,0.66517174243927,0.3782811164855957,0.7181473970413208,0.6185846328735352,0.6836135387420654,0.5338207483291626,0.42004719376564026,0.34690582752227783,0.3232819139957428,0.5475870966911316,0.3452511727809906,0.5126241445541382,9.734413262291172,6.400921474854918,19.850239318220364,24.06698352083398,178.06285551468096,-103.30244486283053,89.92082811204119,0.3108044276425374,0.0358390520510112,0.0058215902145605895,0.07504867287234963,0.00017818687681080673,0.002297085183782428,13.876006603240967,1.5826675999284268,160.33313355767154,158.75046595774313
196,84.4277868270874,6.546338081359863,0.6643213629722595,0.3780868947505951,0.7142062783241272,0.6223304271697998,0.6855571866035461,0.5370826721191406,0.41979655623435974,0.34689652919769287,0.3251371681690216,0.5464137196540833,0.3460269272327423,0.5128807425498962,7.032408873261389,6.539684222545494,18.87458099995524,23.739979228941582,177.9395235962239,-87.66807829170412,4.502236738733627,0.12319884869658644,0.026510980975331427,0.17641380415823738,0.07122362334767501,0.005437222788606563,0.0021951723664762127,13.876006603240967,1.5826675999284268,160.33313355767154,158.75046595774313
197,84.45978450775146,6.578335762023926,0.663777232170105,0.377983033657074,0.7121096253395081,0.6247975826263428,0.686571478843689,0.5397794842720032,0.41964036226272583,0.346877783536911,0.3265448212623596,0.5454376935958862,0.3467833995819092,0.5131016969680786,5.639745665810068,6.922080829459662,18.355638699385025,23.502502331911018,177.86627225353584,-43.52387981093455,11.95076014817687,0.09004549659654465,0.024629308579970643,0.10118598247310896,0.05353280489273396,0.0032377167548539657,0.0017129255960092638,13.876006603240967,1.5826675999284268,160.33313355767154,158.75046595774313
198,84.49078583717346,6.609337091445923,0.6633541584014893,0.377895712852478,0.7108405828475952,0.6264854669570923,0.6873941421508789,0.5407139658927917,0.41948994994163513,0.3468647301197052,0.32747718691825867,0.5448976159095764,0.34734442830085754,0.5132315754890442,4.474278747789037,7.1829464933537555,18.047059532363605,23.325580282723834,177.81855191531375,-37.594094825948694,8.414660556750043,0.04015964344721501,0.01857552608166904,0.06811754473012059,0.03475632512448758,0.0021117344435960888,0.0010774922846822728,13.876006603240967,1.5826675999284268,160.33313355767154,158.75046595774313
199,84.52379059791565,6.64234185218811,0.6616363525390625,0.3770882189273834,0.7135403752326965,0.6145004034042358,0.6846292018890381,0.497805655002594,0.4194149076938629,0.3465239107608795,0.32371166348457336,0.5404937267303467,0.34750086069107056,0.5127648711204529,1.5826675999284268,14.365637637952359,19.48833659609678,24.62092995265758,177.93309206288308,-87.61194090901199,217.62591162848548,1.3027606235321638,0.014913714770664197,0.3722306234405671,0.17555819882467377,0.012285382667571208,0.005794256348537741,13.876006603240967,1.5826675999284268,160.33313355767154,158.75046595774313
200,84.5547833442688,6.67333459854126,0.6607173681259155,0.37672314047813416,0.7146000266075134,0.6140304803848267,0.683222234249115,0.4943223297595978,0.419389009475708,0.34624040126800537,0.3218042552471161,0.5394610166549683,0.3476537764072418,0.5127094388008118,1.8952884077326226,17.221783552943165,19.935030432124965,25.124657575166886,178.0067338439375,10.086902407486326,92.15530248420761,0.12121359799768958,0.005248094986169597,0.03740152128963203,0.06998512364426823,0.001159175862551483,0.0021690311856006053,13.876006603240967,1.5826675999284268,160.33313355767154,158.75046595774313
201,84.58678460121155,6.705335855484009,0.6599593162536621,0.37572628259658813,0.7146205306053162,0.6142357587814331,0.6804227828979492,0.5158282518386841,0.41937708854675293,0.34579554200172424,0.31012311577796936,0.5165382027626038,0.3516903221607208,0.5124880075454712,6.254885007948277,51.820658162767394,19.988451127866362,30.941223864049114,178.05515731247084,136.23204263554624,1081.172363689414,0.6777034007592357,0.12632674658684642,0.006446617541910414,0.803952893209496,0.00020629986437030828,0.02572750310546355,13.876006603240967,1.5826675999284268,160.33313355767154,158.75046595774313
202,84.61849236488342,6.737043619155884,0.6594694256782532,0.3751201927661896,0.7146562933921814,0.6142858266830444,0.6792090535163879,0.5287778973579407,0.4193522036075592,0.3455461263656616,0.30519673228263855,0.5080157518386841,0.3535780906677246,0.5121879577636719,9.522976570307236,59.83585917621098,20.041090487378312,33.416336221066295,178.08232253256398,103.06912831124,252.78354842013422,0.41019608929113877,0.060283827515763846,0.0019404908416391872,0.31045557795122314,6.152862501413317e-05,0.00984385209629275,13.876006603240967,1.5826675999284268,160.33313355767154,158.75046595774313
203,84.66354608535767,6.782097339630127,0.6591225266456604,0.3745875656604767,0.7147074341773987,0.6144248247146606,0.678311824798584,0.5346429347991943,0.419329971075058,0.3452133238315582,0.30364787578582764,0.5037619471549988,0.3552365303039551,0.5121434330940247,11.473390700331622,63.11240458845036,20.064587947316287,34.44063814426182,178.12031075305595,43.290856104534626,72.7253016565536,0.13169321314649776,0.03682353411145743,0.0032873534598666706,0.10048024846344839,0.00014810750388086913,0.0045270090274547045,13.876006603240967,1.5826675999284268,160.33313355767154,158.75046595774313
204,84.69477772712708,6.813328981399536,0.6573511362075806,0.37455448508262634,0.7179514169692993,0.6145297884941101,0.6796115040779114,0.5037050843238831,0.4192895293235779,0.3452073335647583,0.30492016673088074,0.5201622843742371,0.3545156717300415,0.5113597512245178,4.910670514063349,46.762633914616025,21.330304838145775,31.28670310173975,177.85801854020647,-210.1304899282092,-523.5001987583194,0.991466859704013,0.03409355833641733,0.10392282607105126,0.5266970480583786,0.0032456804755156897,0.01644961352596457,13.876006603240967,1.5826675999284268,160.33313355767154,158.75046595774313
205,84.72619104385376,6.844742298126221,0.656495988368988,0.3745514154434204,0.71996009349823,0.614653468132019,0.6817984580993652,0.4951532483100891,0.41912850737571716,0.3450288772583008,0.30585503578186035,0.5237833261489868,0.35268402099609375,0.5106300115585327,2.9046617353040967,41.9493235880744,21.92702673678136,30.44261636631882,177.89257773244643,-63.85854751387058,-153.2251550646633,0.28099681055184783,0.06276527252365346,0.06406456819001571,0.11905065353224416,0.0020124805715112447,0.003739775885927175,13.876006603240967,1.5826675999284268,160.33313355767154,158.75046595774313
206,84.7567822933197,6.875333547592163,0.6561551690101624,0.3745499551296234,0.7211951017379761,0.6147584915161133,0.6823617219924927,0.4999745488166809,0.418986976146698,0.3447192907333374,0.3064206540584564,0.5254185199737549,0.35157954692840576,0.5102399587631226,3.5411703629762394,39.50097160625339,22.239076338872568,30.01358174322155,177.94052180550918,20.80688558931781,-80.03438972137418,0.1586758186088325,0.038289570672650125,0.04051700203716563,0.0565604602244724,0.0012394657169310294,0.0017302551486353466,13.876006603240967,1.5826675999284268,160.33313355767154,158.75046595774313
207,84.78778338432312,6.906334638595581,0.65616774559021,0.3748265206813812,0.7211491465568542,0.6174140572547913,0.6831281185150146,0.5176018476486206,0.4179007411003113,0.34467142820358276,0.3068162798881531,0.5397165417671204,0.3500851094722748,0.5102291703224182,5.857467826701288,26.06297027850404,22.067004856686626,27.86344283903434,177.93378773640558,74.71664347134329,-433.4686584503676,0.5691396986288024,0.04820721943897601,0.08567322166676448,0.4613868015769935,0.002655963341447366,0.014303494223464325,13.876006603240967,1.5826675999284268,160.33313355767154,158.75046595774313
208,84.81880378723145,6.937355041503906,0.6561852693557739,0.3751535415649414,0.7211396098136902,0.6189625859260559,0.6833402514457703,0.5381012558937073,0.41726240515708923,0.3446396589279175,0.3069131076335907,0.5464650392532349,0.34939613938331604,0.5102710127830505,10.136218018926197,20.90227706860173,21.9802363599543,26.931651416139037,177.94261289421277,137.93341772090866,-166.36448034391236,0.660871681074678,0.02225114572392568,0.04992062939921619,0.21757267675523953,0.0015485580374008702,0.00674919209479033,13.876006603240967,1.5826675999284268,160.33313355767154,158.75046595774313
209,84.85037326812744,6.968924522399902,0.6561932563781738,0.3752501904964447,0.7212098836898804,0.619759738445282,0.6837192177772522,0.5482460260391235,0.4168833792209625,0.3446246385574341,0.3077085614204407,0.5504188537597656,0.3489367365837097,0.5104728937149048,12.774789908452954,17.958795851322236,21.93894986682607,26.24948845741358,177.96847008227468,83.57983136369539,-93.23818871069277,0.3215715206899436,0.01589521195007162,0.02534866072940532,0.1277511676264496,0.0008002440606360476,0.004033038045824396,13.876006603240967,1.5826675999284268,160.33313355767154,158.75046595774313
210,84.88268733024597,7.001238584518433,0.6564868688583374,0.37528255581855774,0.7218533754348755,0.6197695136070251,0.679440975189209,0.5496504306793213,0.4164568781852722,0.3446119427680969,0.3112489581108093,0.5533775687217712,0.350335955619812,0.5117980241775513,16.19956643286049,16.484233109586235,22.034098183270697,25.094840801263903,178.00929408169813,105.98409175068156,-45.632230832731594,0.13934664017254358,0.05963713934088733,0.019915972949205853,0.14278414507080503,0.0006435659870316065,0.004613935733359232,13.876006603240967,1.5826675999284268,160.33313355767154,158.75046595774313
211,84.92709183692932,7.045643091201782,0.6567673087120056,0.37528878450393677,0.7223052382469177,0.6197486519813538,0.6768303513526917,0.5501710772514343,0.4162135124206543,0.344596266746521,0.3134729862213135,0.5544343590736389,0.35138997435569763,0.5127636194229126,18.160368061770413,16.212442170358514,22.088140728552624,24.463048973807215,178.05257557613265,44.15771675817685,-6.120796277861461,0.05994965539629973,0.03219157099345817,0.01018689677676071,0.055452427484791594,0.00045234412600626356,0.002462337686856388,13.876006603240967,1.5826675999284268,160.33313355767154,158.75046595774313
212,84.95871067047119,7.077261924743652,0.6569658517837524,0.3752932846546173,0.7226977944374084,0.6196931004524231,0.6752526760101318,0.5503853559494019,0.41603636741638184,0.3445667028427124,0.3152921795845032,0.5547038316726685,0.3522973954677582,0.513537585735321,19.340252161012717,16.339002818647668,22.139954671935055,24.0114237172756,178.10467854893565,37.31586421997146,4.00269820585127,0.05035481247848253,0.03771991148527001,0.012538960948871006,0.058162905348355665,0.00039646731903036214,0.0018390432225212049,13.876006603240967,1.5826675999284268,160.33313355767154,158.75046595774313
213,84.9897072315216,7.108258485794067,0.6570273637771606,0.3745552599430084,0.7248402237892151,0.612773060798645,0.6742467880249023,0.5393246412277222,0.41595906019210815,0.3436024487018585,0.31570005416870117,0.5528607964515686,0.35339319705963135,0.5135651230812073,18.6702863146819,18.207731483246988,22.94861028174279,24.027055611481714,178.17654370285828,-21.614199241042822,60.28825783479289,0.35830940913651366,0.035363521145817915,0.23370649882417016,0.06089799030991048,0.007244097758682141,0.0018876282744887236,13.876006603240967,1.5826675999284268,160.33313355767154,158.75046595774313
214,85.02170753479004,7.1402587890625,0.6570557355880737,0.373954713344574,0.7259583473205566,0.6090965867042542,0.6736941933631897,0.5349550247192383,0.41586270928382874,0.3429074287414551,0.31579604744911194,0.5515307188034058,0.3540889322757721,0.5135706067085266,18.848980810097544,19.62522366436608,23.357479203868543,24.0806028491305,178.24336898449917,5.584150059975264,44.296210858645395,0.13763679844229001,0.021742194763680507,0.1200845328505092,0.041672640175199255,0.0038427414690643535,0.0013335371236026451,13.876006603240967,1.5826675999284268,160.33313355767154,158.75046595774313
215,85.05267906188965,7.171230316162109,0.6571953892707825,0.37395918369293213,0.7260103225708008,0.6093659996986389,0.6750375032424927,0.5346267819404602,0.4154779016971588,0.3426752984523773,0.30782371759414673,0.5506889224052429,0.35092848539352417,0.5090672373771667,17.999460495599045,18.639709172586954,23.326551179636812,25.835230767875746,178.2330028178737,-27.429074186955827,-31.82001612673319,0.04464849747443527,0.17763751710015405,0.008859128415699408,0.2588393262054519,0.0002743807358057537,0.008016649206016784,13.876006603240967,1.5826675999284268,160.33313355767154,158.75046595774313
216,85.08567905426025,7.204230308532715,0.6573179364204407,0.37396422028541565,0.7260340452194214,0.6096143126487732,0.6760560274124146,0.5343759059906006,0.41515207290649414,0.3425084054470062,0.30438441038131714,0.5501130223274231,0.3493557274341583,0.5067387223243713,17.33777332363327,17.95342058585032,23.2882967278402,26.573793843114245,178.23823555591886,-20.05113105890192,-20.79662864855511,0.03178686389043669,0.08514856891618582,0.007558897240100726,0.10567245261734595,0.0002494435512535147,0.0034871901301555845,13.876006603240967,1.5826675999284268,160.33313355767154,158.75046595774313
217,85.11767959594727,7.236230850219727,0.657419741153717,0.37396731972694397,0.7260572910308838,0.6098171472549438,0.6767858862876892,0.5342628955841064,0.4149159789085388,0.34236425161361694,0.3028290271759033,0.549617350101471,0.3485431969165802,0.5054691433906555,16.883517037973427,17.592868680001857,23.25340957272974,26.9140644594421,178.2465474747366,-14.195268633349954,-11.267056332199637,0.02307949203158108,0.047103190328813764,0.0063799639127070495,0.05101334127670509,0.00020416230115021233,0.0016324545541189569,13.876006603240967,1.5826675999284268,160.33313355767154,158.75046595774313
218,85.16267848014832,7.281229734420776,0.6574224829673767,0.3739781379699707,0.7270776033401489,0.6093198657035828,0.6761724948883057,0.5341771841049194,0.41489920020103455,0.3412202000617981,0.2975059449672699,0.5289176106452942,0.35063695907592773,0.5064480304718018,17.62811537294281,35.052602707976796,23.49578378678345,30.5293464008117,177.95326507106964,16.547039958648813,388.0037102690562,0.01376369334077356,0.0513632660486137,0.025223837849415093,0.47497216163221956,0.0011350445584918868,0.021373217300010558,13.876006603240967,1.5826675999284268,160.33313355767154,158.75046595774313
219,85.19267868995667,7.311229944229126,0.6574119329452515,0.3739839196205139,0.7279066443443298,0.6086728572845459,0.6758402585983276,0.5336617827415466,0.4148848056793213,0.34033629298210144,0.29514938592910767,0.5197890996932983,0.35254064202308655,0.5073379278182983,18.046173975546466,44.047026507171026,23.70765805720032,32.2182114819012,177.78934949109666,13.935189296153006,299.81202987090165,0.020440000498236528,0.07004652647989759,0.03505413927382624,0.3142572185798127,0.0010516315328658952,0.009427782491182764,13.876006603240967,1.5826675999284268,160.33313355767154,158.75046595774313
220,85.22567939758301,7.344230651855469,0.6574092507362366,0.3739868998527527,0.7284537553787231,0.6081597208976746,0.6755072474479675,0.5333313345909119,0.4148738980293274,0.33969932794570923,0.2941637635231018,0.5157477855682373,0.35394129157066345,0.5080811977386475,18.40516808360241,48.254558575176176,23.848849853282395,32.94417544959048,177.69723278377992,10.878376067589999,127.4982377846496,0.014216060959545439,0.048048811126865786,0.02272960203532559,0.12605087854206584,0.0007500929512309055,0.004159768188810359,13.876006603240967,1.5826675999284268,160.33313355767154,158.75046595774313
221,85.25668001174927,7.3752312660217285,0.6574041247367859,0.3739906847476959,0.7287918329238892,0.6078500747680664,0.6752774119377136,0.5331352949142456,0.4148639142513275,0.3392757177352905,0.2936752140522003,0.51417475938797,0.35504573583602905,0.5087056159973145,18.636824419273005,50.18909359637242,23.931077321970967,33.2268656641908,177.61576525748217,7.472636975132087,62.403119203417035,0.009744514763120462,0.04092621106725244,0.014788443064615405,0.05313270890355916,0.0004584508175658423,0.0016471466083274324,13.876006603240967,1.5826675999284268,160.33313355767154,158.75046595774313
222,85.28867864608765,7.407229900360107,0.6572924852371216,0.37389278411865234,0.7285540103912354,0.6079067587852478,0.6745595335960388,0.5317455530166626,0.4148523211479187,0.3389768600463867,0.2933635115623474,0.5149513483047485,0.3550869822502136,0.5088369250297546,18.3982800537373,49.722326126106786,23.875174115569898,33.13603053649703,177.6738493615644,-7.4548295721982605,-14.58710597863859,0.048883438237164824,0.0043012699879015365,0.007640464402254801,0.026151387701458393,0.00024448442658315216,0.0008368086925001464,13.876006603240967,1.5826675999284268,160.33313355767154,158.75046595774313
223,85.31977939605713,7.43833065032959,0.6572049856185913,0.3738575875759125,0.7283576726913452,0.6079472899436951,0.6739214658737183,0.5313219428062439,0.4148232042789459,0.3388153612613678,0.29615581035614014,0.5225167274475098,0.35511112213134766,0.508933424949646,18.483860783346017,44.16382345459475,23.831091946134542,31.382440290266224,177.72083582145626,2.751725591591667,-178.72567950825342,0.02462585361970147,0.003198426271212956,0.006446069562815584,0.2592939238910314,0.00020047759775901832,0.008064235495540972,13.876006603240967,1.5826675999284268,160.33313355767154,158.75046595774313
224,85.35077333450317,7.469324588775635,0.6571350693702698,0.37385082244873047,0.7281476259231567,0.6080122590065002,0.6734884977340698,0.5311432480812073,0.41479524970054626,0.33872464299201965,0.29822492599487305,0.5277698040008545,0.35511356592178345,0.5090336203575134,18.544809785666114,40.111684506701735,23.78232444316374,30.183525557089855,177.7786337547072,1.9664813629993678,-130.73972367039076,0.015112448354179771,0.003233703452479288,0.007093806855105576,0.18216104229757077,0.00021986501301527372,0.005645888132238294,13.876006603240967,1.5826675999284268,160.33313355767154,158.75046595774313
225,85.38177371025085,7.500324964523315,0.6571304202079773,0.37329331040382385,0.7282938361167908,0.6078202128410339,0.6736906170845032,0.5326547026634216,0.4148646295070648,0.3379349112510681,0.2956434488296509,0.5201996564865112,0.3555604815483093,0.509066641330719,19.116571215118928,46.28497282166893,23.8005171518591,31.708841266629726,177.84768371046277,18.443693525088655,199.13591903572518,0.0491900137955224,0.014455755946360747,0.007786012840657558,0.2580032326358338,0.00024136932363665078,0.007998197155827115,13.876006603240967,1.5826675999284268,160.33313355767154,158.75046595774313
226,85.41277432441711,7.531325578689575,0.657122015953064,0.3728668987751007,0.7283725142478943,0.6076982021331787,0.6740151643753052,0.5335306525230408,0.4148949980735779,0.33732369542121887,0.29424548149108887,0.5165726542472839,0.35569918155670166,0.5090808272361755,19.359268867999564,49.10551736559471,23.802201895217543,32.46469035537879,177.90617497408184,7.828801441772144,90.98350532021337,0.03013297834946458,0.004497445456388194,0.0046830917805138405,0.12538747126126515,0.00014517872139289202,0.003887088617853466,13.876006603240967,1.5826675999284268,160.33313355767154,158.75046595774313
227,85.4437735080719,7.56232476234436,0.6571215391159058,0.372559517621994,0.7285213470458984,0.6075183153152466,0.6742538809776306,0.5337907075881958,0.4149377942085266,0.33685681223869324,0.29336339235305786,0.5145984888076782,0.3557218909263611,0.5090732574462891,19.451961970590045,50.5646410471161,23.828160316747617,32.892206546022166,177.96459554168123,2.9901788260857063,47.06974537686428,0.011387636673242094,0.0007722067044327491,0.007531642585020667,0.06975247362983843,0.00023347477171525648,0.00216226974042692,13.876006603240967,1.5826675999284268,160.33313355767154,158.75046595774313
228,85.47477388381958,7.593325138092041,0.6571357250213623,0.3726749122142792,0.728090763092041,0.609656035900116,0.6742759943008423,0.5392856597900391,0.4147467017173767,0.3369245231151581,0.2932599186897278,0.5107439160346985,0.35621073842048645,0.5098784565925598,20.738108801412704,54.26166081916539,23.586151135895705,33.49726442953381,177.95560170637685,41.48810457301905,119.2572568197304,0.1772558094677773,0.03038593292574876,0.07034282459868371,0.12438434288822306,0.0021806539937123896,0.003855961366663266,13.876006603240967,1.5826675999284268,160.33313355767154,158.75046595774313
229,85.52177166938782,7.640322923660278,0.6571363806724548,0.37273967266082764,0.7278056144714355,0.6108955144882202,0.6745182871818542,0.5381681323051453,0.4145899713039398,0.336981862783432,0.29896408319473267,0.5176649689674377,0.3563461899757385,0.510683000087738,19.702741064679106,50.44593535868717,23.43853324140174,31.182700091751748,177.95474422923667,-22.030138744097215,-81.18947338355056,0.024330759337653544,0.017359669359166333,0.027062034488650504,0.19083344725492327,0.001271855693937839,0.008968749433334408,13.876006603240967,1.5826675999284268,160.33313355767154,158.75046595774313
230,85.55317044258118,7.671721696853638,0.6571264863014221,0.3727588951587677,0.7277082204818726,0.6115389466285706,0.6736037135124207,0.5425643920898438,0.4144574701786041,0.33699050545692444,0.2974592447280884,0.5127142071723938,0.3564509153366089,0.5113689303398132,21.643767343778865,55.03763442174091,23.370178707009597,32.239042549567074,177.96053019322324,61.8185388055312,146.23816780283795,0.1430114353966744,0.02209891259510878,0.020725697769044846,0.1647967578058131,0.0006507614835243535,0.0051744160213457015,13.876006603240967,1.5826675999284268,160.33313355767154,158.75046595774313
231,85.58521389961243,7.703765153884888,0.6570897698402405,0.3727434277534485,0.728010356426239,0.6064520478248596,0.6736174821853638,0.5365837216377258,0.41434845328330994,0.33731967210769653,0.30086788535118103,0.5165938138961792,0.35645368695259094,0.5113828182220459,21.020149374668282,52.310533289617105,23.74555382455784,30.933080844959566,177.99206318846697,-19.46163201125294,-85.10633323565037,0.18664297973071894,0.00044195446048131675,0.15902976914599415,0.16116606523005086,0.005095863574319271,0.0051643178860947695,13.876006603240967,1.5826675999284268,160.33313355767154,158.75046595774313
232,85.61641335487366,7.734964609146118,0.6570665240287781,0.37270182371139526,0.7283495664596558,0.603230357170105,0.6736168265342712,0.5321484208106995,0.414266437292099,0.33747598528862,0.3026118874549866,0.5186231136322021,0.35645413398742676,0.5113964080810547,20.413663503859155,50.70680864416561,24.011217018913076,30.260780342299224,178.0331918357689,-19.43898910192729,-51.40232840681475,0.14215956138820285,0.0004358156081148483,0.10383191074988772,0.0857624918927304,0.003239499054129197,0.002675743028898883,13.876006603240967,1.5826675999284268,160.33313355767154,158.75046595774313
233,85.64776968955994,7.7663209438323975,0.6570307016372681,0.37265872955322266,0.728687584400177,0.6010237336158752,0.6737026572227478,0.5148541331291199,0.41421476006507874,0.33761459589004517,0.30373790860176086,0.5199574828147888,0.3562333583831787,0.5112388730049133,15.121066141445061,49.35961903522229,24.225146172465116,29.830918133489195,178.07103131048206,-168.78877634668171,-42.96387388455893,0.5515472659676611,0.008649542000717922,0.07119335901427402,0.05568206034562136,0.0022323627926920156,0.0017459853202189042,13.876006603240967,1.5826675999284268,160.33313355767154,158.75046595774313
234,85.67810010910034,7.796651363372803,0.6571756601333618,0.3729812800884247,0.7291640043258667,0.6029735803604126,0.6726104021072388,0.5221152901649475,0.415490061044693,0.3375749886035919,0.3073924779891968,0.5206316709518433,0.35917893052101135,0.5128242373466492,17.589275649387485,50.86407872605177,24.198891153892134,29.049969320016093,178.1052784743652,81.37736125457643,49.60233698136911,0.24209518097074656,0.11028901688634761,0.06617800264204617,0.12252503125911159,0.002007206584479309,0.003716235602290125,13.876006603240967,1.5826675999284268,160.33313355767154,158.75046595774313
235,85.70977067947388,7.828321933746338,0.6572604179382324,0.37324851751327515,0.7297056913375854,0.6042712926864624,0.6719195246696472,0.526159405708313,0.4163840711116791,0.33751562237739563,0.30925869941711426,0.5209991335868835,0.36127516627311707,0.5139705538749695,19.082916943682864,52.02650035579112,24.240990115220086,28.67247359076843,178.14072944607176,47.16180595040717,36.70352683987977,0.12954311215353745,0.07543891824822231,0.044401781524000684,0.06005747441199281,0.0014062297464661967,0.0019020544698218052,13.876006603240967,1.5826675999284268,160.33313355767154,158.75046595774313
236,85.75578451156616,7.874335765838623,0.6573235392570496,0.37336042523384094,0.730218231678009,0.6036841869354248,0.6674975752830505,0.5023084282875061,0.4164125323295593,0.33869117498397827,0.31224265694618225,0.5259898900985718,0.35793131589889526,0.5131089687347412,14.182912781008952,45.17387181818628,24.331372349734508,27.53877279946206,178.01105396648092,-106.48980838732328,-148.92540407982625,0.5271768467704631,0.07504408495231117,0.016937358823349815,0.12637023667238312,0.0007793527849844029,0.005814778851705373,13.876006603240967,1.5826675999284268,160.33313355767154,158.75046595774313
237,85.78778386116028,7.906335115432739,0.6573425531387329,0.3734520971775055,0.7306050062179565,0.6032545566558838,0.6652988791465759,0.49363866448402405,0.4164358079433441,0.3395534157752991,0.314133882522583,0.5292109847068787,0.35559624433517456,0.5125297904014587,13.102715271310586,39.74145153206276,24.409366502907826,26.84509870366588,177.92541730400424,-33.756858292425534,-169.76658447840413,0.2795125521266095,0.07518364262508306,0.018065373546049406,0.11672932028452383,0.0005780802036483338,0.003735262327668039,13.876006603240967,1.5826675999284268,160.33313355767154,158.75046595774313
238,85.81880211830139,7.9373533725738525,0.6573764085769653,0.37352123856544495,0.73082435131073,0.6028724312782288,0.6640043258666992,0.49045881628990173,0.4164576530456543,0.3402022421360016,0.3156067728996277,0.5311517119407654,0.354594886302948,0.5120248794555664,12.970505218056076,36.02731320476998,24.452799862954947,26.384426871572952,177.8517819037012,-4.2623301706810715,-119.74039387177106,0.11068526950460611,0.03615455485657499,0.014204673481510399,0.07854585500992788,0.00044060421465504237,0.002436355528066544,13.876006603240967,1.5826675999284268,160.33313355767154,158.75046595774313
239,85.85065841674805,7.969209671020508,0.6570430397987366,0.3735254406929016,0.7298160791397095,0.6047544479370117,0.6530395746231079,0.4970470368862152,0.41681233048439026,0.3399565815925598,0.31548383831977844,0.528634250164032,0.35441821813583374,0.5138310790061951,18.012233286939832,40.944963311244756,24.16855674654566,26.74597463674931,178.14559347787795,158.26471733137308,154.36979015969442,0.40154730157664925,0.05696892652017965,0.06702246655519166,0.07911972605362141,0.002135087697213157,0.0025204616061817705,13.876006603240967,1.5826675999284268,160.33313355767154,158.75046595774313
240,85.88176560401917,8.000316858291626,0.6567251086235046,0.37352505326271057,0.7291964292526245,0.6060571074485779,0.6489037275314331,0.4993210732936859,0.4170689582824707,0.33976027369499207,0.31504788994789124,0.5270616412162781,0.3542250096797943,0.5149301886558533,19.64223969682163,44.217856093972586,24.00673479610553,27.05979682303739,178.32342301583907,52.39967200104898,105.2133950331982,0.1517268596617481,0.035874736741917435,0.04637282853863589,0.05246105996212158,0.0014425282616427994,0.0016319160166830752,13.876006603240967,1.5826675999284268,160.33313355767154,158.75046595774313
241,85.91276526451111,8.03131651878357,0.6564768552780151,0.3735133409500122,0.7286950349807739,0.6068604588508606,0.6468363404273987,0.5030363202095032,0.4172693192958832,0.3395855724811554,0.3145756125450134,0.5258198380470276,0.35408300161361694,0.5157058238983154,21.056840717345814,46.767179616806835,23.888742805049727,27.337489483866207,178.44721484024683,45.63279074917067,82.23714332280527,0.137153859262168,0.025436663905018964,0.03054805215492447,0.042857843082217906,0.0009469792454928373,0.0013285785849657384,13.876006603240967,1.5826675999284268,160.33313355767154,158.75046595774313
242,85.94336271286011,8.061913967132568,0.6562997698783875,0.3735027015209198,0.7282392978668213,0.6076355576515198,0.6460891962051392,0.5061203241348267,0.41740965843200684,0.3394594192504883,0.3142912685871124,0.5251756310462952,0.3539632260799408,0.5163360834121704,21.901070692489327,48.39767759268026,23.767184151255623,27.493316515505413,178.5263125237296,27.591515655622683,53.28869117698063,0.10370854257740568,0.020967099249528397,0.029386505451058684,0.02301398174031823,0.0008991520826963464,0.0007041691176041937,13.876006603240967,1.5826675999284268,160.33313355767154,158.75046595774313
243,85.99036121368408,8.108912467956543,0.6563013195991516,0.3736233115196228,0.7278251647949219,0.6084939241409302,0.6556485295295715,0.5328344106674194,0.4173346161842346,0.3394153416156769,0.31484049558639526,0.5251354575157166,0.35420265793800354,0.5163423418998718,26.713641162857275,48.51427683443522,23.64164908932729,27.35454708665585,178.5314649315189,102.39838262911115,2.480914065571274,0.6036986616257597,0.005096197430112737,0.02027824979138444,0.011717273696958418,0.0009530473395291444,0.0005506942975012362,13.876006603240967,1.5826675999284268,160.33313355767154,158.75046595774313
244,86.02194142341614,8.140492677688599,0.6563000082969666,0.37371453642845154,0.7274038195610046,0.6090553402900696,0.6612249612808228,0.5430762767791748,0.41726094484329224,0.3393688499927521,0.3149247467517853,0.525005042552948,0.3543393611907959,0.5163519382476807,28.275411571812185,48.7509393125555,23.524923071532434,27.33704864774665,178.54876922137535,49.45408603064553,7.494012235138978,0.3692685569189173,0.004339415858545914,0.022227214516937873,0.00491643680489671,0.0007019400962042904,0.00015526210543303573,13.876006603240967,1.5826675999284268,160.33313355767154,158.75046595774313
245,86.05224871635437,8.170799970626831,0.656303882598877,0.37380778789520264,0.7271196842193604,0.609643816947937,0.6637545228004456,0.547717273235321,0.41720977425575256,0.3393216133117676,0.3148735761642456,0.5247434973716736,0.35452964901924133,0.516353189945221,28.944120371691156,49.15897036334614,23.435806087594777,27.371214018706567,178.55386190369583,22.064286679837366,13.46313085837872,0.17440014974683565,0.006278750978188209,0.021561846320031625,0.008793390656041546,0.0006534811927103472,0.0002665038665329669,13.876006603240967,1.5826675999284268,160.33313355767154,158.75046595774313
246,86.08377861976624,8.202329874038696,0.6557804346084595,0.3739801049232483,0.7267484068870544,0.6107494235038757,0.6592570543289185,0.5473387241363525,0.41728562116622925,0.339327335357666,0.31410637497901917,0.525678277015686,0.3545340597629547,0.5163775682449341,30.1002262851438,48.07155461928493,23.378421131802963,27.41199855360455,178.5801359799811,36.66696654127976,-34.48839439362183,0.14314574377836264,0.0007857335375680941,0.036989697067943944,0.038354120552788445,0.0011662815757864271,0.0012093017164764549,13.876006603240967,1.5826675999284268,160.33313355767154,158.75046595774313
247,86.1157820224762,8.234333276748657,0.6554962396621704,0.3740840554237366,0.7264099717140198,0.6117594242095947,0.6570934057235718,0.5460942983627319,0.4173734784126282,0.3393350839614868,0.31351011991500854,0.5267637968063354,0.35441112518310547,0.5163769125938416,29.936351523817656,46.75788550220147,23.29648014122576,27.405363646436285,178.60574546334718,-5.120541800236126,-41.04779510444335,0.07799142381230002,0.00384135178855404,0.03328379578364984,0.03869889726855385,0.0010651947201802457,0.0012384963937169362,13.876006603240967,1.5826675999284268,160.33313355767154,158.75046595774313
248,86.1467797756195,8.265331029891968,0.6553465127944946,0.3741757571697235,0.7260192632675171,0.6128267049789429,0.655645489692688,0.5445272922515869,0.41746100783348083,0.3393366038799286,0.31320011615753174,0.5277919173240662,0.35433799028396606,0.5163818597793579,29.36116982578251,45.54494615882554,23.178421891167538,27.342013249564538,178.62752221821523,-18.55559321915794,-39.129911699348014,0.06882867858693831,0.00236475312164895,0.03666549583515388,0.0346425376460844,0.001136547988775181,0.0010738408302111667,13.876006603240967,1.5826675999284268,160.33313355767154,158.75046595774313
249,86.1782488822937,8.296800136566162,0.6555768847465515,0.3744369447231293,0.7251179218292236,0.6148836016654968,0.6631588339805603,0.5556358098983765,0.4177895486354828,0.3393331468105316,0.30456849932670593,0.5103793740272522,0.3545394241809845,0.5163804888725281,30.15072592814247,63.34610880090338,22.83735870909757,31.842665025090753,178.661611807007,25.089879752049676,565.671050861935,0.42615757341972105,0.006401152853432091,0.07136255968637871,0.6175753096071778,0.002245716003314212,0.01943454329737687,13.876006603240967,1.5826675999284268,160.33313355767154,158.75046595774313
250,86.2095959186554,8.328147172927856,0.6557038426399231,0.374613493680954,0.7245422601699829,0.6158193349838257,0.6664658784866333,0.5589693188667297,0.4180412292480469,0.33932986855506897,0.300721138715744,0.5031668543815613,0.35475510358810425,0.5163729786872864,29.683006654133244,68.12846414231079,22.64816766975396,33.90843849686686,178.7172144789325,-14.920685598871268,152.56164207125445,0.14979462897032228,0.006884546319390194,0.035047264238257526,0.26077459097074374,0.0010986278664545683,0.008174510585365872,13.876006603240967,1.5826675999284268,160.33313355767154,158.75046595774313
251,86.2410147190094,8.35956597328186,0.6558151841163635,0.37477847933769226,0.7241050601005554,0.6166802048683167,0.6678375005722046,0.5607959032058716,0.4182404577732086,0.339337557554245,0.2986835837364197,0.5001856088638306,0.35488754510879517,0.5163647532463074,29.431200096181716,69.43616730192478,22.496471353627125,34.89531208683313,178.7474933341596,-8.014518540312102,41.621676985746014,0.07270300247353155,0.004223480809229162,0.03073084259507838,0.11493177752774236,0.0009655262082050869,0.00361101857247493,13.876006603240967,1.5826675999284268,160.33313355767154,158.75046595774313
252,86.27277779579163,8.391329050064087,0.6557267904281616,0.3748912513256073,0.7241050004959106,0.6178771257400513,0.6667342185974121,0.5577152371406555,0.41773828864097595,0.339348167181015,0.29905471205711365,0.5263990759849548,0.3522982597351074,0.515317976474762,27.922588746262996,45.848294392641584,22.44223346975316,30.708183612703863,178.17172415976077,-47.495756165626965,-742.6192705135574,0.10302111195639094,0.08792829345580794,0.03768277492212207,0.8253638138656061,0.0011969208732187247,0.0262160941930846,13.876006603240967,1.5826675999284268,160.33313355767154,158.75046595774313
253,86.31875967979431,8.437310934066772,0.6556910872459412,0.37500083446502686,0.7241048812866211,0.6188290119171143,0.6673566102981567,0.5539902448654175,0.41744500398635864,0.339351624250412,0.2993074357509613,0.5351263880729675,0.35111743211746216,0.5145831108093262,25.51994336222994,37.26278839636637,22.397378789742906,29.448304488323103,177.8497533987711,-52.251999589506354,-186.714967915925,0.08213301188465787,0.030247138383140852,0.020701330647347346,0.1898784852070406,0.000951886184527565,0.008730970481395784,13.876006603240967,1.5826675999284268,160.33313355767154,158.75046595774313
254,86.35002017021179,8.468571424484253,0.6556688547134399,0.3751165568828583,0.7241034507751465,0.6196922063827515,0.6673690676689148,0.5533039569854736,0.41726428270339966,0.33935436606407166,0.2994954288005829,0.5383163094520569,0.3505170941352844,0.5142349004745483,24.884568104847226,34.11145060787475,22.35644019049574,28.977157909139365,177.69003062026087,-20.325185206545,-100.80896833049775,0.02195745886936659,0.022201011357391245,0.027612991333518255,0.10222028105345028,0.0008631956509794187,0.003195456116343543,13.876006603240967,1.5826675999284268,160.33313355767154,158.75046595774313
255,86.38173723220825,8.500288486480713,0.6559516787528992,0.37514153122901917,0.7231724858283997,0.6196004152297974,0.6620899438858032,0.54390949010849,0.4170169234275818,0.33935192227363586,0.30147212743759155,0.5385666489601135,0.35062092542648315,0.5143609046936035,23.528436209606273,33.666002188590426,22.10350168735074,28.493349699810494,177.73844476562567,-42.757172634473996,-14.0444414219086,0.33975840076868774,0.005147790128835816,0.029494510169124227,0.06282069046620489,0.0009354792075893318,0.001992487734177042,13.876006603240967,1.5826675999284268,160.33313355767154,158.75046595774313
256,86.4124686717987,8.531019926071167,0.6561474800109863,0.37516143918037415,0.7225987911224365,0.6194400191307068,0.6586323976516724,0.5369849801063538,0.4168418347835541,0.33933672308921814,0.3029330372810364,0.5381805896759033,0.35075482726097107,0.5144796967506409,22.58537156553009,33.83011219546848,21.94663721376076,28.203169941602997,177.77909512239603,-30.68729147231755,5.340134047252083,0.251850644235463,0.005824677013018098,0.019383894818344707,0.049169808945238126,0.0005956949926376766,0.0015110590132747551,13.876006603240967,1.5826675999284268,160.33313355767154,158.75046595774313
257,86.44246983528137,8.561021089553833,0.6563014984130859,0.3751789331436157,0.7221629619598389,0.619354248046875,0.6564841270446777,0.5337411165237427,0.4166945517063141,0.33933135867118835,0.30384859442710876,0.5380007028579712,0.35079723596572876,0.5145436525344849,22.398752980682517,33.854851748487725,21.825518797552725,28.00740009964935,177.8067185474276,-6.220378251510021,0.824619786280584,0.12968570317404698,0.002557860169484232,0.014805720918214358,0.03110085082905419,0.00044418885374607696,0.0009330617101724636,13.876006603240967,1.5826675999284268,160.33313355767154,158.75046595774313
258,86.47346878051758,8.592020034790039,0.6563027501106262,0.37519267201423645,0.7213231325149536,0.6209186315536499,0.6569847464561462,0.5437758564949036,0.41651517152786255,0.33936402201652527,0.3064214587211609,0.542482316493988,0.35081976652145386,0.5143482089042664,25.007588531235495,29.18010071866364,21.54939693501711,26.84765648780984,177.80653981139392,84.15884897612318,-150.8035513532275,0.3241148930092996,0.006346602864681937,0.05727804100862075,0.1667036999959151,0.0017755588564633993,0.005167638866846296,13.876006603240967,1.5826675999284268,160.33313355767154,158.75046595774313
259,86.50546884536743,8.624020099639893,0.6563087701797485,0.3752155303955078,0.7207964658737183,0.622028648853302,0.6573966145515442,0.5495721697807312,0.41639894247055054,0.3394058644771576,0.3078557550907135,0.5454122424125671,0.35077977180480957,0.5142036080360413,26.543149995071683,26.195934658980757,21.370067490503686,26.154323480924457,177.80487988149324,47.98619849807016,-93.25500037843021,0.1815911288067903,0.004688426702110522,0.03839441231181105,0.1019422172434895,0.0012286236838499678,0.003262157562729519,13.876006603240967,1.5826675999284268,160.33313355767154,158.75046595774313
260,86.55346989631653,8.67202115058899,0.6563838720321655,0.3752994239330292,0.7207084894180298,0.6222261786460876,0.66051185131073,0.5538149476051331,0.416348934173584,0.33940643072128296,0.30797243118286133,0.547329843044281,0.3522736728191376,0.5142053365707397,26.744211555102183,25.684142885215973,21.35787806991858,25.883730355598146,177.83122986230632,4.188690790202026,-10.662095175947718,0.10965668201459422,0.031122277216846666,0.004504811680734786,0.04002301789890696,0.00021623569500303633,0.001921146921302041,13.876006603240967,1.5826675999284268,160.33313355767154,158.75046595774313
261,86.598468542099,8.71701979637146,0.6564160585403442,0.3753558099269867,0.7206906080245972,0.6222335696220398,0.6623588800430298,0.5552839040756226,0.41630035638809204,0.3394284248352051,0.30799728631973267,0.5478108525276184,0.35299569368362427,0.5141165852546692,26.471917853737708,25.71221648417535,21.36637745471558,25.800300732061352,177.8380125444056,-6.051153243161547,0.6238765294202107,0.05244483742843156,0.01616615542446723,0.0004299832268069701,0.01070368263104492,1.934866291549061e-05,0.0004816512232823744,13.876006603240967,1.5826675999284268,160.33313355767154,158.75046595774313
262,86.62946915626526,8.74802041053772,0.6564430594444275,0.3753708004951477,0.7206649780273438,0.6222237348556519,0.6637665629386902,0.5557593703269958,0.4162818491458893,0.33945223689079285,0.3081607222557068,0.5477296710014343,0.3534730076789856,0.5140856504440308,25.983026683443743,25.97163970574976,21.37019213911241,25.75616948852369,177.86073473113052,-15.7703704730489,8.368325226819469,0.04792849142382851,0.015429223041115218,0.0008855350057903302,0.005886582024734227,2.7452129045222635e-05,0.00018248765810682598,13.876006603240967,1.5826675999284268,160.33313355767154,158.75046595774313
263,86.66046905517578,8.779020309448242,0.6564445495605469,0.3753609359264374,0.7209219336509705,0.6226332187652588,0.6667813658714294,0.5608217120170593,0.41623347997665405,0.33945438265800476,0.30842065811157227,0.5474365949630737,0.35390138626098633,0.5147415995597839,26.60034281942082,26.88745212131187,21.40331169924306,25.732468787693517,177.86559280758,19.91348867810464,29.542432322295497,0.19006698673436337,0.02527232438463981,0.015594523603761215,0.012636814817983637,0.0004834286552743541,0.000391739981908485,13.876006603240967,1.5826675999284268,160.33313355767154,158.75046595774313
264,86.69146871566772,8.810019969940186,0.6564463973045349,0.37536707520484924,0.7210811376571655,0.6229511499404907,0.6684513092041016,0.5635115504264832,0.4161995053291321,0.33945760130882263,0.3086340129375458,0.5472083687782288,0.3543412387371063,0.5151582956314087,26.89157754065905,27.588309033686,21.4209906421124,25.711774863914737,177.86955333669331,9.394771317380062,22.60853510174013,0.10213211419461389,0.019545135947598404,0.011469949745486355,0.010078237710951284,0.00035556454796972916,0.0003124219473965902,13.876006603240967,1.5826675999284268,160.33313355767154,158.75046595774313
265,86.72246885299683,8.841020107269287,0.656453549861908,0.37537533044815063,0.7211909890174866,0.6233339309692383,0.669688880443573,0.5653170347213745,0.4161655902862549,0.33947235345840454,0.30892214179039,0.547026515007019,0.3545556366443634,0.5155316591262817,26.96349572627156,28.062292400150127,21.423372068131048,25.670341917784594,177.86997074535452,2.319931194143349,15.289718281963035,0.07060990179897755,0.013888403131099096,0.012846133056379723,0.010990867527192872,0.0003982318888956826,0.00034071840270894193,13.876006603240967,1.5826675999284268,160.33313355767154,158.75046595774313
266,86.75349235534668,8.87204360961914,0.6564767360687256,0.3753843605518341,0.7212731838226318,0.623727560043335,0.6705289483070374,0.5666989684104919,0.41614246368408203,0.3394874930381775,0.30927783250808716,0.5468791127204895,0.3547176420688629,0.515779435634613,27.039489490925853,28.350565956145527,21.416765629134172,25.611991311458702,177.87250882389773,2.4495546568955047,9.292102250239983,0.0521294063217785,0.0095424033867819,0.012961759580707291,0.012410713274046376,0.00040211917881030894,0.000385023792420736,13.876006603240967,1.5826675999284268,160.33313355767154,158.75046595774313
267,86.78475403785706,8.903305292129517,0.6568947434425354,0.3754095137119293,0.7212761640548706,0.6241051554679871,0.6704589128494263,0.5664463639259338,0.4161306917667389,0.33949679136276245,0.309381365776062,0.5464054346084595,0.3547007441520691,0.5165817737579346,26.87726225985878,29.361650156671118,21.358307315796214,25.636657388361346,177.98122158032353,-5.189331412767901,32.34260344720746,0.008385138464055314,0.025670916640814383,0.012078914349003673,0.015509750598174965,0.0003776071854485775,0.00048486089901525963,13.876006603240967,1.5826675999284268,160.33313355767154,158.75046595774313
268,86.81575393676758,8.934305191040039,0.6571598052978516,0.3754269778728485,0.7212995290756226,0.6242443919181824,0.6704359650611877,0.5663689970970154,0.4161217212677002,0.3395013213157654,0.3093894422054291,0.5457567572593689,0.3546760380268097,0.5169385671615601,26.85557898129485,30.168816237542725,21.338591320788616,25.69989004928776,178.04480057424985,-0.6994628797505664,26.03770041964963,0.0026031817708734874,0.01153706237527008,0.0045543136014552675,0.020926765834141527,0.00014118326125193078,0.0006487276253825626,13.876006603240967,1.5826675999284268,160.33313355767154,158.75046595774313
269,86.84678435325623,8.965335607528687,0.6573774814605713,0.37544766068458557,0.7213047742843628,0.6244269013404846,0.6703876256942749,0.5661660432815552,0.416107714176178,0.33950483798980713,0.30939626693725586,0.5453786849975586,0.35466206073760986,0.5173361301422119,26.75181172745825,30.822173332309312,21.312826325481378,25.734016021406905,178.05462985835433,-3.344049664127598,21.05537626301662,0.00672343935060864,0.012819957077980622,0.005884058270742771,0.012185909747530938,0.00018258477878461895,0.00037813385475895384,13.876006603240967,1.5826675999284268,160.33313355767154,158.75046595774313
270,86.87804317474365,8.996594429016113,0.6573945879936218,0.3755077123641968,0.7213805913925171,0.6240367293357849,0.6706912517547607,0.5659009218215942,0.41587406396865845,0.3394952416419983,0.31352025270462036,0.5447968244552612,0.3564230799674988,0.517921507358551,26.647825674307242,31.4373176499315,21.32899537240997,24.884939527671314,178.07037591992133,-3.3266146387775457,19.67906300848925,0.012895105907223967,0.05936764777638305,0.012715451641994611,0.13323699253414467,0.000397470033009117,0.00416483136514644,13.876006603240967,1.5826675999284268,160.33313355767154,158.75046595774313
271,86.92499947547913,9.043550729751587,0.6574236750602722,0.375557005405426,0.7214587926864624,0.6237365007400513,0.6709787845611572,0.5656473636627197,0.4156970977783203,0.3394969403743744,0.3161243796348572,0.544511079788208,0.35756611824035645,0.5184939503669739,26.523079939914826,31.97414535304984,21.344417778217107,24.329333783398617,178.0855694359521,-2.6566346249285266,11.432495633387605,0.008164241155378473,0.02722465472495617,0.00660712429344425,0.05579138528194114,0.00031024611531962193,0.002619757065747506,13.876006603240967,1.5826675999284268,160.33313355767154,158.75046595774313
272,86.95652770996094,9.075078964233398,0.657453179359436,0.3756004571914673,0.7215110659599304,0.6235702633857727,0.6711772680282593,0.5654235482215881,0.4155774712562561,0.33949747681617737,0.3177564740180969,0.5442731380462646,0.35849809646606445,0.5189757943153381,26.396069830631333,32.62924115587984,21.350173852359372,23.988343337301384,178.08435258387487,-4.02845612420081,20.77806809029926,0.009488231424873603,0.033277146365246146,0.005527182666054914,0.05231335920275021,0.00017426231111918348,0.0016493478554755413,13.876006603240967,1.5826675999284268,160.33313355767154,158.75046595774313
273,86.98786950111389,9.106420755386353,0.657427191734314,0.3750527501106262,0.7217298746109009,0.6223523020744324,0.6728048920631409,0.5653409361839294,0.41538262367248535,0.3394642174243927,0.31701168417930603,0.5442430973052979,0.3577304482460022,0.5190320014953613,26.059678550561856,32.577674367739895,21.509800925289035,24.11089990146734,178.04053567839182,-10.732994755399337,-1.6453044399500873,0.05199827972887028,0.024558367124898804,0.039482743181182924,0.023782796215682127,0.001237459890930358,0.0007453954320251764,13.876006603240967,1.5826675999284268,160.33313355767154,158.75046595774313
274,87.0200445652008,9.138595819473267,0.657410740852356,0.374830037355423,0.7220146059989929,0.6215285062789917,0.6738671064376831,0.5651340484619141,0.41516542434692383,0.33946436643600464,0.31635215878486633,0.5442010760307312,0.35666245222091675,0.5190421342849731,25.814739551586637,32.26677569185741,21.64377536549426,24.223206687169206,177.999710005207,-7.612696537715295,-9.662721262734948,0.03363395381396651,0.033194777464330597,0.02708974536161751,0.020539592936395207,0.0008716142931082263,0.0006608627190476432,13.876006603240967,1.5826675999284268,160.33313355767154,158.75046595774313
275,87.05104446411133,9.169595718383789,0.6574090719223022,0.3747534155845642,0.7223899364471436,0.6210328936576843,0.6745631694793701,0.5650283694267273,0.4149881899356842,0.33946493268013,0.31605589389801025,0.544184148311615,0.35586053133010864,0.5190492272377014,25.716029820622865,31.936796848102418,21.776886777220987,24.254441215447844,177.9671872267503,-3.1841952533034545,-10.644513542042134,0.022711030229576892,0.025869512056369264,0.020054746518617748,0.009572550353301013,0.0006216951147533025,0.0002967480932682175,13.876006603240967,1.5826675999284268,160.33313355767154,158.75046595774313
276,87.08304405212402,9.201595306396484,0.657443106174469,0.3749249279499054,0.7224346995353699,0.6218271851539612,0.6733636260032654,0.5649111270904541,0.4148424565792084,0.339799702167511,0.31364765763282776,0.5468794107437134,0.3528040647506714,0.5189878940582275,26.019464225837336,28.493702320348252,21.773316884952994,24.496473088783123,177.84592930400586,9.482447245698552,-107.59808927502988,0.03766484240397198,0.09553503918110975,0.024861314784916544,0.11295212049983905,0.0007955518305712602,0.003614421321155166,13.876006603240967,1.5826675999284268,160.33313355767154,158.75046595774313
277,87.11504411697388,9.233595371246338,0.657457709312439,0.3750113248825073,0.7225368618965149,0.6221048831939697,0.6728280186653137,0.5648193359375,0.41467222571372986,0.3401724398136139,0.31237608194351196,0.5484679937362671,0.35049331188201904,0.5188758969306946,26.194028573144475,26.020082489232937,21.796949691160957,24.61580594614069,177.74326169688817,5.455124798221737,-77.30046306848774,0.01698171234140819,0.07229564737081379,0.009246673525418077,0.06358805929707248,0.0002958941524588021,0.00203482202118265,13.876006603240967,1.5826675999284268,160.33313355767154,158.75046595774313
278,87.14604425430298,9.26459550857544,0.657466471195221,0.3750518560409546,0.7227277159690857,0.6221886873245239,0.672502875328064,0.5647556781768799,0.41456395387649536,0.3404151499271393,0.31133410334587097,0.5488748550415039,0.3491588234901428,0.5188228487968445,26.377123280840703,25.187864650319487,21.84261067130288,24.809024209141565,177.67450327441395,5.906254728889419,-26.845617813834693,0.010687575702308749,0.043081820486372914,0.006723932156803655,0.03608356057933301,0.00020844282025247538,0.001118595333282279,13.876006603240967,1.5826675999284268,160.33313355767154,158.75046595774313
279,87.17706155776978,9.295612812042236,0.6573695540428162,0.37473055720329285,0.7230284810066223,0.6192821860313416,0.6732808351516724,0.5629099011421204,0.41450557112693787,0.34036025404930115,0.31379133462905884,0.5470319986343384,0.34963807463645935,0.5186585187911987,26.39914633113689,25.656946208769703,22.05783196677237,24.459636105686286,177.70936837823552,0.7100246583253957,15.123221751122081,0.06457770579004027,0.01633416965936876,0.09420617290892823,0.09902533515223243,0.0029220214535617653,0.0030714988713180613,13.876006603240967,1.5826675999284268,160.33313355767154,158.75046595774313
280,87.20763206481934,9.326183319091797,0.6572679281234741,0.37444525957107544,0.7233874201774597,0.6171770691871643,0.6740841865539551,0.5614414215087891,0.4144493639469147,0.34029141068458557,0.31512534618377686,0.5454735159873962,0.3501216173171997,0.5186413526535034,26.25815316644258,26.691504613863717,22.245654960950407,24.32441663484428,177.74192540763363,-4.612064970519952,33.841715592639666,0.05475406678458332,0.015827257610335467,0.06985486348391734,0.06710559032717109,0.0021354985965811846,0.0020514519221617056,13.876006603240967,1.5826675999284268,160.33313355767154,158.75046595774313
281,87.25493025779724,9.373481512069702,0.6577237248420715,0.37459784746170044,0.7234966158866882,0.6171867251396179,0.6718180775642395,0.5603159666061401,0.4144555926322937,0.3401486277580261,0.32039421796798706,0.5417850613594055,0.35390374064445496,0.5194334387779236,27.091615818998118,31.28722046883644,22.223412103653438,23.47527444955149,178.18820243412472,17.621448095171,97.16472375846477,0.05349458832982618,0.08169817710140778,0.002317674291797194,0.13598020108110345,0.00010962180591335363,0.0064316177919083945,13.876006603240967,1.5826675999284268,160.33313355767154,158.75046595774313
282,87.28653073310852,9.405081987380981,0.6580184698104858,0.37469691038131714,0.7235521078109741,0.6171745657920837,0.6704914569854736,0.5594613552093506,0.41446352005004883,0.34002476930618286,0.3229634165763855,0.5395140051841736,0.35601264238357544,0.5200339555740356,27.47114384535216,34.84423420810731,22.206842447024634,23.08635040938484,178.455014177983,12.010199929447728,112.56203282490651,0.04993795106486554,0.06938930573495093,0.0017977096668065026,0.1085130408452899,5.6808479942767016e-05,0.0034290636681834252,13.876006603240967,1.5826675999284268,160.33313355767154,158.75046595774313
283,87.31926250457764,9.437813758850098,0.6582208871841431,0.37477096915245056,0.7236229777336121,0.6171607375144958,0.6696451902389526,0.5588653087615967,0.4144672453403473,0.33995887637138367,0.3245100677013397,0.5381959080696106,0.35727640986442566,0.5205132365226746,27.69761819994957,37.23817651706787,22.203447444146406,22.841752440832863,178.6021307252041,6.919098613745931,73.13818352970432,0.03162380833435237,0.04129316647295487,0.0022060040595684853,0.062084006440377086,7.220642073773829e-05,0.002032119510693562,13.876006603240967,1.5826675999284268,160.33313355767154,158.75046595774313
284,87.35326218605042,9.471813440322876,0.6583840250968933,0.3748345971107483,0.7237085700035095,0.6171430349349976,0.6691488027572632,0.5583611130714417,0.41446906328201294,0.3398973047733307,0.3253098726272583,0.5370742678642273,0.35718032717704773,0.5205211043357849,27.77881642593099,38.22166984072859,22.207583307895444,22.75357548123969,178.70874656084354,2.3882054908788413,28.92654522214116,0.020810215210781403,0.0028354465781614767,0.0025707230291890713,0.04051784421039978,8.740376414716424e-05,0.0013775937971172477,13.876006603240967,1.5826675999284268,160.33313355767154,158.75046595774313
285,87.39926195144653,9.517813205718994,0.6585316061973572,0.37489035725593567,0.723766028881073,0.6171203255653381,0.668819785118103,0.558018147945404,0.41447800397872925,0.3398406207561493,0.32580670714378357,0.5363073945045471,0.3580053746700287,0.5208471417427063,27.840456542802492,40.060847186185846,22.20728813516872,22.70275656685327,178.78097177665947,1.3400093748457074,39.9823201187992,0.010331920287458133,0.019285583614673737,0.0013431329614568843,0.01986423440982544,6.17838011228101e-05,0.0009137501226254679,13.876006603240967,1.5826675999284268,160.33313355767154,158.75046595774313
286,87.43126225471497,9.549813508987427,0.6585838794708252,0.3746142089366913,0.7259780764579773,0.6114284992218018,0.6623968482017517,0.5474554300308228,0.41514110565185547,0.33966538310050964,0.3130185306072235,0.5116701722145081,0.3613516688346863,0.519818902015686,28.938342502209714,68.87136777562066,22.957209537342962,29.090475570416903,178.78855669757667,34.308611084016036,900.3202359602499,0.38631652911793474,0.10939611087341261,0.1908281059673368,0.8674425732208734,0.006106557263095373,0.027758425411017515,13.876006603240967,1.5826675999284268,160.33313355767154,158.75046595774313
287,87.47927045822144,9.597821712493896,0.6586629152297974,0.37443292140960693,0.7274677157402039,0.6084913611412048,0.6590707898139954,0.5433362722396851,0.4155399203300476,0.3395650088787079,0.3133867383003235,0.5144441723823547,0.3631346523761749,0.5192745923995972,30.009074932569387,65.2551863724187,23.4086562009792,28.67976597215025,178.77635800295403,22.30311388792913,-75.32423917330341,0.11028007807287887,0.038831207854991154,0.06859863074595723,0.05828859111874062,0.003293297025117086,0.0027983305445339036,13.876006603240967,1.5826675999284268,160.33313355767154,158.75046595774313
288,87.50926184654236,9.62781310081482,0.6586721539497375,0.3742726147174835,0.7274654507637024,0.6056019067764282,0.6607605814933777,0.5416727066040039,0.4156518578529358,0.339555948972702,0.3094739317893982,0.5019018650054932,0.36396804451942444,0.5188575387001038,29.65565875399515,74.09776744937786,23.590666157592015,31.56074768731536,178.77238664981934,-11.783921930939167,294.83733738295507,0.07906450304640142,0.031072944109136684,0.09634283086828883,0.43807492351140714,0.002889455252507843,0.013138475144689188,13.876006603240967,1.5826675999284268,160.33313355767154,158.75046595774313
289,87.54126191139221,9.659813165664673,0.6586801409721375,0.37413445115089417,0.7274625301361084,0.6038859486579895,0.6614993810653687,0.5400275588035583,0.41573357582092285,0.3395475149154663,0.30753690004348755,0.4978960454463959,0.36427393555641174,0.5185763835906982,29.262330739371528,75.68243436452526,23.69664859499633,32.707681225623276,178.76954606686863,-12.291475547601086,49.52074074170706,0.05635686819374752,0.012983493968955527,0.05362366020191898,0.1390488128046611,0.0017159606039479163,0.004449571027044298,13.876006603240967,1.5826675999284268,160.33313355767154,158.75046595774313
290,87.57426261901855,9.692813873291016,0.6586888432502747,0.37400728464126587,0.7274591326713562,0.6029419302940369,0.6621466875076294,0.5395802855491638,0.4157990515232086,0.33951979875564575,0.30644702911376953,0.4959957003593445,0.3645747900009155,0.5184195041656494,29.148699876855186,76.14750695707579,23.75111315645432,33.30175503452736,178.766701139562,-3.443285635052137,14.092806669978295,0.02384200454683182,0.010281600425375709,0.028606188941655133,0.06638317328527722,0.0009440244775674809,0.002190691692896282,13.876006603240967,1.5826675999284268,160.33313355767154,158.75046595774313
291,87.60626196861267,9.724813222885132,0.6588218808174133,0.37414416670799255,0.7274511456489563,0.603744387626648,0.6625880599021912,0.539732038974762,0.41606563329696655,0.3396218717098236,0.30887338519096375,0.5085596442222595,0.36093682050704956,0.517590343952179,28.73640922301227,67.44494580780028,23.69489779703517,30.73558683465197,178.73088504944687,-12.884344809268407,-271.96056356331906,0.01458566921468972,0.11660436020696416,0.025078543471715647,0.39988590351931497,0.0008024970798626699,0.012796088824473585,13.876006603240967,1.5826675999284268,160.33313355767154,158.75046595774313
292,87.63826203346252,9.756813287734985,0.6589392423629761,0.37428268790245056,0.7274476289749146,0.6044234037399292,0.6630271673202515,0.5398139357566833,0.41631537675857544,0.3396894633769989,0.31004685163497925,0.515863835811615,0.3586987257003784,0.5170608758926392,28.338833407388226,60.31101794800844,23.64937248118855,29.421902527341288,178.70254826112568,-12.424219059851827,-222.93479382822238,0.013958700201946598,0.07187081068780189,0.021219495115465125,0.2311824573026221,0.0006790252197760339,0.007397853625832398,13.876006603240967,1.5826675999284268,160.33313355767154,158.75046595774313
293,87.68526196479797,9.803813219070435,0.6590573787689209,0.37440091371536255,0.7274388074874878,0.6049573421478271,0.6635518074035645,0.5401338934898376,0.41647496819496155,0.33972880244255066,0.31105244159698486,0.5206714272499084,0.35742494463920593,0.5167266130447388,28.063155569807822,54.911327918867855,23.609781431931648,28.538910019883247,178.67372403578187,-5.865494475147797,-114.88718974080554,0.013074658887396229,0.028019385633837213,0.011361958625324905,0.10450299953379234,0.0005340112752264855,0.0049116338024367216,13.876006603240967,1.5826675999284268,160.33313355767154,158.75046595774313
294,87.732262134552,9.850813388824463,0.6590667366981506,0.3744754493236542,0.7274209260940552,0.605783998966217,0.6642680764198303,0.5400999784469604,0.41662126779556274,0.33972635865211487,0.3174777925014496,0.5209416151046753,0.3574506342411041,0.5167538523674011,27.411510840261126,55.33599647540503,23.556668302089165,27.0019017502972,178.69421558663785,-13.864731403248697,9.0354685687232,0.015256785286894668,0.0007966447912515796,0.01759249373123797,0.13682991290578828,0.0008268501917648637,0.006431029134000959,13.876006603240967,1.5826675999284268,160.33313355767154,158.75046595774313
295,87.77826356887817,9.896814823150635,0.6590984463691711,0.37455853819847107,0.7274054884910583,0.6065104007720947,0.6647711992263794,0.5401272177696228,0.41676560044288635,0.3397209942340851,0.32020944356918335,0.5210465788841248,0.35746467113494873,0.5167735815048218,26.92654115103194,55.42166668587334,23.508784417370606,26.35395547589201,178.70669201287626,-10.54249060563028,1.862337810183609,0.01095312895587996,0.0005263548961505814,0.015794416829817606,0.05942568926898164,0.0007265658285170384,0.0027336669421945555,13.876006603240967,1.5826675999284268,160.33313355767154,158.75046595774313
296,87.80926179885864,9.927813053131104,0.6591421961784363,0.3746553659439087,0.7273861765861511,0.6070662140846252,0.6651670932769775,0.5402178168296814,0.4169107973575592,0.339713990688324,0.3217514157295227,0.5210581421852112,0.35910743474960327,0.5171133279800415,26.581740515871566,56.283873973611,23.469884473091813,26.00640849615081,178.7124249242545,-11.123236242121756,27.814726462798596,0.013101664664569985,0.05411689417702595,0.017941305381964586,0.04974527634298058,0.00055614871037996,0.0015420155165216834,13.876006603240967,1.5826675999284268,160.33313355767154,158.75046595774313
297,87.84226250648499,9.960813760757446,0.6602380275726318,0.37518802285194397,0.7271800637245178,0.6121749877929688,0.6671938300132751,0.5513328313827515,0.4169273376464844,0.3400110602378845,0.3217843472957611,0.5352451205253601,0.35610419511795044,0.5174169540405273,28.820668048906594,36.568168169659394,22.995597261615444,24.27942027270208,178.5771554164265,67.84483406797638,-597.4328195378929,0.34236488622414485,0.09146921542573433,0.15493394490239332,0.429900374318682,0.005112929817119782,0.014187016561346142,13.876006603240967,1.5826675999284268,160.33313355767154,158.75046595774313
298,87.87326312065125,9.991814374923706,0.6608139276504517,0.3754577934741974,0.7270404100418091,0.6145656704902649,0.6682618260383606,0.5561414957046509,0.41694968938827515,0.3402045965194702,0.3217335045337677,0.5399414300918579,0.3543000817298889,0.5176045298576355,29.691948750516268,30.06686988479287,22.76514837265154,23.770399290997265,178.50034658565835,28.105272267733085,-209.71514467420982,0.1588948129357671,0.058509757503266674,0.07724873457540908,0.15149973313116405,0.0023947582154040673,0.004696584773090538,13.876006603240967,1.5826675999284268,160.33313355767154,158.75046595774313
299,87.90426349639893,10.022814750671387,0.6611863374710083,0.3756617605686188,0.7268900275230408,0.6159822344779968,0.6688355803489685,0.5583347678184509,0.4169684052467346,0.3403681814670563,0.32170403003692627,0.5422966480255127,0.35311388969421387,0.5176966786384583,29.91053196900529,26.675548222555747,22.614930679826795,23.52875400498653,178.4475134046355,7.050986099914504,-109.39614699640691,0.07313061869453406,0.038379080602983624,0.04595182793112758,0.07597980023417317,0.0014245239321577223,0.0023554023564930837,13.876006603240967,1.5826675999284268,160.33313355767154,158.75046595774313
300,87.93626308441162,10.054814338684082,0.6612183451652527,0.37574833631515503,0.7270240783691406,0.6155927181243896,0.6695340275764465,0.550129234790802,0.41703853011131287,0.34056219458580017,0.32212406396865845,0.542516827583313,0.3520144820213318,0.5171602368354797,25.947007444954053,24.518900248021158,22.666324577258777,23.452572973881413,178.40209535095047,-123.8617360473133,-67.39611690247308,0.2573534684456171,0.038228670175620164,0.012873216980686511,0.0148203214049164,0.00041193763978000184,0.00047424417917305456,13.876006603240967,1.5826675999284268,160.33313355767154,158.75046595774313
301,87.98226356506348,10.100814819335938,0.6612545847892761,0.37582269310951233,0.7271133661270142,0.6154333353042603,0.6702197790145874,0.5462377071380615,0.4170936942100525,0.3407198190689087,0.32249313592910767,0.5433973670005798,0.35118529200553894,0.5168341398239136,24.058847530421794,22.185448930731223,22.692210217766206,23.310294639617315,178.34737348350376,-41.0465257705106,-50.72667250914503,0.08590097446220767,0.019369537802548468,0.003971453524741376,0.02075540251115144,0.00018268877102460887,0.0009547584916356942,13.876006603240967,1.5826675999284268,160.33313355767154,158.75046595774313
302,88.01426291465759,10.132814168930054,0.661300539970398,0.37590259313583374,0.7271746397018433,0.6153354644775391,0.670698881149292,0.5440115332603455,0.4171474575996399,0.34083136916160583,0.32290229201316833,0.5437383055686951,0.3507993817329407,0.516562819480896,22.989968372422936,20.83700844976058,22.70844869502249,23.209683585242175,178.30393940659434,-33.40315261268293,-42.139621525888195,0.07116222515330248,0.014742268686856737,0.003608487676291982,0.016643649639776457,0.00011546925865972718,0.0005325859633451932,13.876006603240967,1.5826675999284268,160.33313355767154,158.75046595774313
303,88.04526233673096,10.163813591003418,0.6618980169296265,0.3756779730319977,0.7288098931312561,0.6125414371490479,0.6707093715667725,0.5322120785713196,0.41723304986953735,0.3410172760486603,0.3225629925727844,0.5436095595359802,0.3503514230251312,0.5158545970916748,20.10289184350407,19.9881453391425,23.132553304827546,23.366335870878192,178.2426161296315,-93.13323719668753,-27.383191486897264,0.38063481713958125,0.027032799688220508,0.10443362573324097,0.011706813913676761,0.0032373820427564915,0.00036290446564439917,13.876006603240967,1.5826675999284268,160.33313355767154,158.75046595774313
304,88.07526302337646,10.193814277648926,0.6622852087020874,0.3755415380001068,0.7299302816390991,0.6108378171920776,0.6706971526145935,0.5270228981971741,0.4172922968864441,0.3411720097064972,0.3222830891609192,0.5434311628341675,0.34993571043014526,0.5152535438537598,19.210005171704353,19.299916885868925,23.41923200378249,23.49396161764633,178.2085050709548,-29.762207857113037,-22.94042337783047,0.17296919971907218,0.02435974614321545,0.06796568622309676,0.01106376769874312,0.0020390172550260335,0.0003319206278486834,13.876006603240967,1.5826675999284268,160.33313355767154,158.75046595774313
305,88.10626339912415,10.224814653396606,0.662499189376831,0.3754168152809143,0.7305610179901123,0.6095119714736938,0.6706564426422119,0.523879885673523,0.4173446297645569,0.3412822484970093,0.3221728205680847,0.5432632565498352,0.34979063272476196,0.5149778127670288,18.76351698215694,19.086338162310238,23.597533045127527,23.573372736243524,178.19630305075682,-14.402670250886153,-6.889552736297591,0.10139477620534357,0.010050487511865986,0.04736163874546592,0.0064798338181642524,0.0014682285971353546,0.0002008772831456201,13.876006603240967,1.5826675999284268,160.33313355767154,158.75046595774313
306,88.13826274871826,10.256814002990723,0.6626597046852112,0.3753342926502228,0.7310408353805542,0.6086277365684509,0.6706579923629761,0.5121532678604126,0.41739964485168457,0.34138232469558716,0.32210060954093933,0.543115496635437,0.3496457636356354,0.5146467685699463,15.705725410407968,18.76925882389182,23.728343867249787,23.633107400114618,178.1950001613238,-95.55792884962932,-9.90893072641447,0.3664642583131607,0.011292567971486539,0.03143907238788408,0.00513951111275783,0.0010060298682546284,0.00016446101283998303,13.876006603240967,1.5826675999284268,160.33313355767154,158.75046595774313
307,88.17026162147522,10.28881287574768,0.6628723740577698,0.3753369152545929,0.7310311794281006,0.6097754836082458,0.671012818813324,0.5233537554740906,0.41733306646347046,0.34139958024024963,0.322081059217453,0.5436087250709534,0.35244065523147583,0.5159962177276611,18.568453698932608,22.48990825197744,23.555070764914365,23.581510272670506,177.5607280219954,89.46341048536318,116.27439054947898,0.35020316687948055,0.09699141557721574,0.035869627826440445,0.015426035466968904,0.001147787656657708,0.0004936157460518593,13.876006603240967,1.5826675999284268,160.33313355767154,158.75046595774313
308,88.20126366615295,10.319814920425415,0.6629856824874878,0.3753378689289093,0.7310221195220947,0.6105102896690369,0.67109215259552,0.528205394744873,0.41729387640953064,0.341413676738739,0.3220808506011963,0.5438138842582703,0.35421302914619446,0.5168946385383606,19.924685600018076,24.85165747184532,23.435172713214182,23.56025838247877,177.2245461591725,43.74653075896999,76.18043404614815,0.1565150914737269,0.0640949837980188,0.02370365951890882,0.006617605242340749,0.0007348619114310149,0.00020515929338265712,13.876006603240967,1.5826675999284268,160.33313355767154,158.75046595774313
309,88.23226308822632,10.35081434249878,0.6630133390426636,0.37534087896347046,0.7310142517089844,0.6110158562660217,0.6711471676826477,0.530946671962738,0.4172284007072449,0.3414256274700165,0.3221309185028076,0.5440157651901245,0.35518455505371094,0.5175560712814331,20.69036984871796,26.17670744879348,23.351426982273054,23.524034041222787,177.02247618372607,24.699952369685807,42.74434451752845,0.0884477526274997,0.037913963732131066,0.016310878731253173,0.006709702119889501,0.0005056278141775773,0.00020799688800100154,13.876006603240967,1.5826675999284268,160.33313355767154,158.75046595774313
310,88.26426291465759,10.382814168930054,0.6629537343978882,0.3753913640975952,0.7310065627098083,0.6120630502700806,0.6668373942375183,0.5334081053733826,0.4170180857181549,0.34139010310173035,0.32193323969841003,0.5431895852088928,0.3530749976634979,0.5168879628181458,23.166527042365985,24.587222127056943,23.24289389673568,23.632981196905543,177.06826102841615,77.38033201417618,-49.6716857246164,0.15509910139399588,0.06915120448934935,0.03272587225065171,0.026547019379658386,0.0010472222318329144,0.0008495000124167466,13.876006603240967,1.5826675999284268,160.33313355767154,158.75046595774313
311,88.29526329040527,10.413814544677734,0.6627727150917053,0.37544283270835876,0.7288585901260376,0.6096499562263489,0.6668900847434998,0.5177982449531555,0.41696447134017944,0.34202662110328674,0.3286014497280121,0.5450496077537537,0.3529118001461029,0.5158594250679016,18.248496812692043,16.26798502085245,22.890935855141475,21.93331868178392,177.2357097015399,-158.64421353156956,-268.3592345433719,0.5035406497796342,0.0335932863792352,0.10421180346540544,0.2233123715867842,0.0032306050647710185,0.0069227674282959974,13.876006603240967,1.5826675999284268,160.33313355767154,158.75046595774313
312,88.32626342773438,10.444814682006836,0.6626207232475281,0.37547096610069275,0.7273699641227722,0.6079584956169128,0.6667007207870483,0.5189340114593506,0.4169238209724426,0.3424244523048401,0.3322787284851074,0.5455814599990845,0.35284700989723206,0.5150081515312195,18.711161080648807,11.31182234905753,22.65322427766432,21.036800912721507,177.34055620954206,14.924587689565998,-159.87550697532853,0.03714320401535008,0.027539734853229587,0.07268452343351692,0.11985563443800877,0.002253230208139325,0.0037155411272448663,13.876006603240967,1.5826675999284268,160.33313355767154,158.75046595774313
313,88.35726308822632,10.47581434249878,0.662497878074646,0.37548840045928955,0.7263609170913696,0.6069130301475525,0.666601300239563,0.5196627378463745,0.41687893867492676,0.3427191376686096,0.33407044410705566,0.5462121367454529,0.3527759909629822,0.5144488215446472,18.98092108097146,8.350860676061318,22.48844262529612,20.56591272020999,177.41037881622648,8.702030797813448,-95.51593875570832,0.02372532818798982,0.01818796202494246,0.046871092096100936,0.061273996622839104,0.0014529879418657388,0.0018994730922924962,13.876006603240967,1.5826675999284268,160.33313355767154,158.75046595774313
314,88.38826155662537,10.506812810897827,0.6624022722244263,0.37549877166748047,0.7256703972816467,0.6062010526657104,0.6666418313980103,0.512446939945221,0.41684818267822266,0.34295278787612915,0.33528950810432434,0.546786904335022,0.3527229428291321,0.5141456127166748,16.859108863480905,6.2988198806961915,22.376102617626064,20.23370586413501,177.4582665887326,-68.44893722412839,-66.19813498360315,0.23278284717759212,0.009929987014075832,0.03199614237132176,0.04347849009518787,0.0009918314081888537,0.0013477666012539963,13.876006603240967,1.5826675999284268,160.33313355767154,158.75046595774313
315,88.41926336288452,10.537814617156982,0.662126898765564,0.3755110800266266,0.7256201505661011,0.6067917346954346,0.6626513600349426,0.5075236558914185,0.4169584810733795,0.34294503927230835,0.33506566286087036,0.545915961265564,0.35272908210754395,0.5144227743148804,17.03705037290333,7.313900075340221,22.372398017124592,20.44763797572032,177.49812429987523,5.739714258419254,32.7426146127941,0.20442021695789067,0.00894236876744,0.019121960372133283,0.02900633784440691,0.0005928153107521207,0.0008992488661399066,13.876006603240967,1.5826675999284268,160.33313355767154,158.75046595774313
316,88.4512619972229,10.569813251495361,0.6619198322296143,0.37552452087402344,0.7255327701568604,0.6072742342948914,0.6603219509124756,0.5081769227981567,0.4170123040676117,0.3428659439086914,0.33496230840682983,0.5439279079437256,0.352725088596344,0.5144849419593811,17.997776437057457,8.9028079996248,22.349778480371622,20.715642878669033,177.55018209823245,30.0239708355878,49.65549177762427,0.0756056542352437,0.0019468261966810905,0.015324030202646338,0.0622132204651989,0.0004903480390447546,0.001990738092678851,13.876006603240967,1.5826675999284268,160.33313355767154,158.75046595774313
317,88.49826335906982,10.616814613342285,0.661871075630188,0.3755497634410858,0.7253120541572571,0.6084156632423401,0.6611005663871765,0.5122981667518616,0.4170362949371338,0.34277522563934326,0.33474043011665344,0.543010413646698,0.35275426506996155,0.5147994160652161,18.505417405130252,10.217369935125255,22.222844626632455,20.898090646437996,177.58828578836292,10.800558709896615,27.968592479974948,0.0892346473132432,0.006719479388191124,0.02473487551004021,0.020083282093493002,0.0011625728340860146,0.0009439416087501105,13.876006603240967,1.5826675999284268,160.33313355767154,158.75046595774313
318,88.52926349639893,10.647814750671387,0.6618682742118835,0.37627872824668884,0.7253224849700928,0.6137245297431946,0.6611937284469604,0.5362898707389832,0.4167777895927429,0.3424970507621765,0.32795652747154236,0.5427804589271545,0.3512948155403137,0.5148736238479614,24.668500690247416,15.989272688258339,22.115897565504387,22.3559567404658,177.7268104726653,198.80825751476698,186.18958657691738,0.7739283413583404,0.047139627039141686,0.17125332999877307,0.2189602857172126,0.005308876748027914,0.006787798926852906,13.876006603240967,1.5826675999284268,160.33313355767154,158.75046595774313
319,88.56026244163513,10.678813695907593,0.6618815660476685,0.37692180275917053,0.7254679203033447,0.6157768368721008,0.6613124012947083,0.5450841784477234,0.4166060984134674,0.3423103094100952,0.3252200484275818,0.5427640676498413,0.3502912223339081,0.5149245858192444,27.317445270734417,17.49694274335608,22.167110351866512,22.853481857094923,177.83552093439704,85.45273267533938,48.63617273457475,0.2837228269405277,0.032416789593357274,0.06637173450505586,0.08827810474997337,0.0020574537631542346,0.0027365281347004862,13.876006603240967,1.5826675999284268,160.33313355767154,158.75046595774313
320,88.59126281738281,10.709814071655273,0.6618847846984863,0.37740856409072876,0.7255921959877014,0.6168509125709534,0.661474347114563,0.5437301397323608,0.4164617657661438,0.3422195315361023,0.3231605887413025,0.542829155921936,0.3494173586368561,0.5151413083076477,26.347476349119532,18.53779247409789,22.22637210470171,23.218888895489254,177.81596174735267,-31.288940802191892,33.57539080214808,0.04398942984990349,0.02904277135478582,0.03487833338762311,0.06646654830013814,0.0010812414404691923,0.0020604879719556476,13.876006603240967,1.5826675999284268,160.33313355767154,158.75046595774313
321,88.62426400184631,10.742815256118774,0.6612743139266968,0.3771843910217285,0.7247208952903748,0.6170526146888733,0.6616331934928894,0.5505765080451965,0.4164411425590515,0.3419458568096161,0.32218626141548157,0.5428910851478577,0.3556734621524811,0.5184324383735657,28.686142925752065,28.726778028971538,22.171104650791815,23.398315047939978,177.8931039110625,70.86614055380583,308.7460562557255,0.20751409131478554,0.2142035911527539,0.027100317581180165,0.029583589190903266,0.0008943425795159852,0.0009762934839814322,13.876006603240967,1.5826675999284268,160.33313355767154,158.75046595774313
322,88.67026257514954,10.788813829421997,0.6607897877693176,0.3771328032016754,0.72420734167099,0.6172724962234497,0.6617759466171265,0.5537340641021729,0.41643351316452026,0.34172919392585754,0.32128748297691345,0.5429134368896484,0.35888904333114624,0.5202823877334595,29.703202160108614,33.646888854566434,22.17523468049613,23.565891599700375,177.9434511638694,22.11066912123757,106.96224844108794,0.06871476912152857,0.08064932805375409,0.012144852131785705,0.019545308996294114,0.0005586458710407447,0.0008990563286001721,13.876006603240967,1.5826675999284268,160.33313355767154,158.75046595774313
323,88.70026278495789,10.818814039230347,0.6605490446090698,0.37709853053092957,0.7239116430282593,0.6173207759857178,0.6618395447731018,0.5541805028915405,0.4164365231990814,0.34143880009651184,0.32070213556289673,0.5421761274337769,0.36109358072280884,0.5210849642753601,29.735053093182927,36.9307139295383,22.18488744972391,23.73668968285889,177.99281679765383,1.0616903440938137,109.46007031117217,0.015031429066056323,0.07820228208080114,0.009987067590797727,0.03138018540897677,0.00029961412309410047,0.0009414121460942142,13.876006603240967,1.5826675999284268,160.33313355767154,158.75046595774313
324,88.73226261138916,10.850813865661621,0.6597074866294861,0.37665799260139465,0.723908543586731,0.6171705722808838,0.6653472781181335,0.5546300411224365,0.41534408926963806,0.3413272202014923,0.31781062483787537,0.5425130128860474,0.35716256499290466,0.5210583806037903,28.172271340366933,35.53704991050329,22.255940790203077,24.22762100708091,177.90789869859617,-48.83719466955105,-43.552236823164044,0.11051377490612467,0.12284771681370338,0.0046948904588044,0.09097141770546631,0.0001502356797955871,0.002911069576781886,13.876006603240967,1.5826675999284268,160.33313355767154,158.75046595774313
325,88.76326274871826,10.881814002990723,0.6591631770133972,0.3764670193195343,0.7239052057266235,0.6170610189437866,0.6679520606994629,0.5562120676040649,0.4146703779697418,0.3411617875099182,0.3158473074436188,0.5426554083824158,0.35540539026260376,0.5210127830505371,27.538731181460427,35.190725273715884,22.294125667657003,24.577510620996446,177.80732129620546,-20.436688785625673,-11.1717129866484,0.09830836509626684,0.05670188572583694,0.0035356028566011686,0.06349889457106472,0.00010960417409580001,0.0019684744519491482,13.876006603240967,1.5826675999284268,160.33313355767154,158.75046595774313
326,88.79426312446594,10.912814378738403,0.6585732698440552,0.3761998414993286,0.7239047884941101,0.6162296533584595,0.6689788103103638,0.556950032711029,0.414302259683609,0.3409188985824585,0.3155688941478729,0.5416404008865356,0.3553331792354584,0.5210336446762085,27.590904762332112,36.413564128535825,22.38290339399898,24.699131028975785,177.8575776736818,1.6829983383536316,39.44593655163773,0.04078787675345699,0.002424618556132464,0.02681792300812175,0.0339511696621062,0.0008313656900241447,0.0010524990165985486,13.876006603240967,1.5826675999284268,160.33313355767154,158.75046595774313
327,88.8252625465393,10.943813800811768,0.658556342124939,0.3762160539627075,0.7239760160446167,0.6162149310112,0.6690043210983276,0.5568956732749939,0.4141760766506195,0.34090739488601685,0.3128284513950348,0.5410260558128357,0.3536060154438019,0.5193963646888733,27.57411367314762,35.19775595214938,22.46418299712156,25.306338071237555,177.7229494404984,-0.5416581362308017,-39.22034977004004,0.0019370646863713556,0.07677142651179325,0.0023462744641278587,0.09059716584633783,7.273315241345604e-05,0.0028084597827212074,13.876006603240967,1.5826675999284268,160.33313355767154,158.75046595774313
328,88.85620903968811,10.974760293960571,0.6585072875022888,0.3762268126010895,0.724299967288971,0.6158307790756226,0.6687083840370178,0.556491494178772,0.4140540659427643,0.3408886790275574,0.3112090229988098,0.5391165018081665,0.3528098464012146,0.518564760684967,27.777972336203103,36.28829619990556,22.621838175533654,25.805167219833628,177.65140603499765,6.587456035009949,35.239542086801436,0.016187249479002474,0.037202342981185875,0.016238053588902634,0.08090694110321002,0.0005025108141388829,0.0025037860985411544,13.876006603240967,1.5826675999284268,160.33313355767154,158.75046595774313
329,88.89072275161743,11.009274005889893,0.6585008502006531,0.3762793242931366,0.7251483201980591,0.6151391863822937,0.6677111387252808,0.5561901330947876,0.4140281081199646,0.3408759832382202,0.31009942293167114,0.5370035171508789,0.3523634076118469,0.5179383754730225,28.66542092115336,37.800746827928045,22.890354711443315,26.2468778560145,177.64877700112618,25.7129278579949,43.82173181255463,0.030184679983772632,0.02228674512501211,0.031712998218606354,0.06914967384183121,0.001094533284932059,0.002386611922983486,13.876006603240967,1.5826675999284268,160.33313355767154,158.75046595774313
330,88.93472266197205,11.053273916244507,0.6585003137588501,0.3763265907764435,0.7260829210281372,0.6142721176147461,0.6672680974006653,0.5559535622596741,0.41402381658554077,0.3408411741256714,0.3009824752807617,0.5175847411155701,0.35235291719436646,0.5176337361335754,29.38684746329251,57.45254935254973,23.167527452921117,30.909004713135413,177.64899824832906,16.39609118120616,446.63278552704617,0.0114147125596391,0.006927739284598813,0.028974318761761084,0.48755666784122953,0.0012748674281035056,0.02145244967780854,13.876006603240967,1.5826675999284268,160.33313355767154,158.75046595774313
331,88.9647228717804,11.083274126052856,0.6580969095230103,0.3759728968143463,0.7271746397018433,0.6115385890007019,0.6667100787162781,0.5563341975212097,0.4137551188468933,0.34086379408836365,0.3019358217716217,0.5187896490097046,0.35543516278266907,0.5175877809524536,31.26044546865531,56.565339116002306,23.59746638614584,30.480238801328817,177.58212463772603,62.45283007458637,-29.5734677262323,0.02251571482304256,0.10275221995541459,0.0981150524293286,0.05121457633303233,0.00294347215823708,0.0015364480352367063,13.876006603240967,1.5826675999284268,160.33313355767154,158.75046595774313
332,88.99572229385376,11.11427354812622,0.6578207612037659,0.3758336007595062,0.7279868721961975,0.6098290085792542,0.6664806008338928,0.5566340684890747,0.4135344624519348,0.34089043736457825,0.30234360694885254,0.5201278924942017,0.35558468103408813,0.5173523426055908,32.45250888969497,55.20216902670392,23.904125472445166,30.16569150714007,177.53244727758374,38.454375640245246,-43.97404848620282,0.012180912222880053,0.008997040968833449,0.06105660376308877,0.04512968192690796,0.0018927194304181492,0.0013989940580888985,13.876006603240967,1.5826675999284268,160.33313355767154,158.75046595774313
333,89.04272222518921,11.16127347946167,0.6575756072998047,0.3757562041282654,0.728584885597229,0.6089153289794922,0.6662868857383728,0.556631863117218,0.4133301377296448,0.3409264385700226,0.3027234673500061,0.5211087465286255,0.35568302869796753,0.5172280669212341,33.056750900119994,54.2649788704354,24.11562318920907,29.911046687850277,177.51605330135828,12.856231770051163,-19.940245222478758,0.004121870889252659,0.0033719734078708104,0.02323374954027237,0.02237961905364589,0.0010919846330578263,0.0010518405588348678,13.876006603240967,1.5826675999284268,160.33313355767154,158.75046595774313
334,89.07672238349915,11.195273637771606,0.6568698883056641,0.3756408989429474,0.7285917401313782,0.6075360774993896,0.6659672260284424,0.5558325052261353,0.41294002532958984,0.34046486020088196,0.30284205079078674,0.5213872790336609,0.35663363337516785,0.5172154903411865,33.27041074999319,54.24326425067061,24.28956101833194,29.722976420582857,177.59756740070532,6.2840839717723815,-0.6386623134763555,0.025320582364892465,0.027961277694687516,0.04056653207560514,0.008903633224268901,0.0013792685126556928,0.0003027249391587532,13.876006603240967,1.5826675999284268,160.33313355767154,158.75046595774313
335,89.11872243881226,11.237273693084717,0.6563205718994141,0.3755170404911041,0.7286217212677002,0.6065049767494202,0.6658849120140076,0.5552978515625,0.4125819206237793,0.34009626507759094,0.3032253682613373,0.5216567516326904,0.35693439841270447,0.5171478390693665,33.39738639409733,54.14005547467774,24.42635910116221,29.491890548939757,177.65794082461588,3.023225640003068,-2.4573485730781646,0.012879816124453167,0.007339980446868941,0.0245603613690398,0.011156157776631294,0.0010315365360096503,0.00046855924370030056,13.876006603240967,1.5826675999284268,160.33313355767154,158.75046595774313
336,89.14972424507141,11.268275499343872,0.6563558578491211,0.37400251626968384,0.7286237478256226,0.6038868427276611,0.6564871072769165,0.5469471216201782,0.41257262229919434,0.3393944799900055,0.3035106956958771,0.5103772282600403,0.3683904707431793,0.5207736492156982,34.26346496466566,66.57185269430556,24.36779278765,31.066164961748658,177.88429798984885,27.936390651836984,401.0023517889877,0.40552250135474877,0.3875954690532911,0.08445104082640184,0.3639507817810724,0.002618134806084122,0.011283131624644905,13.876006603240967,1.5826675999284268,160.33313355767154,158.75046595774313
337,89.18172216415405,11.300273418426514,0.6563736796379089,0.37309548258781433,0.7285626530647278,0.6018848419189453,0.6518743634223938,0.5435863733291626,0.41256600618362427,0.3389366865158081,0.3037341237068176,0.5059142708778381,0.3729289174079895,0.5229482054710388,35.24605225524857,70.7344008869187,24.359947547232668,31.67595214801435,178.02282251290887,30.707849721263656,130.08809047433542,0.1783613333179532,0.15727627716488368,0.06259572056771921,0.13965116242183895,0.002002932801645524,0.004468546594970842,13.876006603240967,1.5826675999284268,160.33313355767154,158.75046595774313
338,89.22748494148254,11.346036195755005,0.656396746635437,0.3724030554294586,0.7284557819366455,0.600805401802063,0.6500335931777954,0.5420758724212646,0.4125610291957855,0.3385416567325592,0.303896963596344,0.5039377212524414,0.37474673986434937,0.524171769618988,35.66080584505764,72.63422154297776,24.31285393448313,31.917372420178694,178.10825870696425,9.06312103463282,41.5145401342643,0.05203325532427001,0.047882857441600236,0.023703055720428357,0.04333753883917149,0.0010847176609387827,0.0019832461398618445,13.876006603240967,1.5826675999284268,160.33313355767154,158.75046595774313
339,89.25790405273438,11.376455307006836,0.6562091708183289,0.3724451959133148,0.7284843921661377,0.6005437970161438,0.6520971655845642,0.542175829410553,0.41260242462158203,0.3384866714477539,0.30167967081069946,0.501634418964386,0.37388184666633606,0.5240852236747742,35.035021081863704,73.0612995671191,24.39757511130977,32.8058647974739,178.05951291827876,-20.572092261777225,14.039792964550536,0.06791756241744898,0.02857455418498319,0.008651291705214774,0.10510241137364845,0.0002631646048529714,0.0031971219444107257,13.876006603240967,1.5826675999284268,160.33313355767154,158.75046595774313
340,89.28933143615723,11.407882690429688,0.6560145616531372,0.37248852849006653,0.7285352945327759,0.6002289056777954,0.6533966064453125,0.5417212247848511,0.4126151502132416,0.3384525179862976,0.3003350496292114,0.5003582239151001,0.37330588698387146,0.5240554213523865,34.43009705056262,73.25019871915227,24.484837581086687,33.320713395054796,178.02456218265118,-19.248310403761685,6.010654768536028,0.04380469543335087,0.018351200336194667,0.010149715651609268,0.05898768045689987,0.0003189790054160422,0.0018538284509436401,13.876006603240967,1.5826675999284268,160.33313355767154,158.75046595774313
341,89.32073378562927,11.439285039901733,0.6558672189712524,0.37254780530929565,0.7285906076431274,0.6000936627388,0.654505729675293,0.5415913462638855,0.41261595487594604,0.3384137451648712,0.29923051595687866,0.500018835067749,0.3729231059551239,0.5240135192871094,33.97922725626445,72.98122879000691,24.554614170903363,33.621537744809295,177.9805944201019,-14.35783633640316,-8.565280422243283,0.03556108876586384,0.012262383599476557,0.004653061121478416,0.036796598394169606,0.00014611705145145502,0.001155499642156237,13.876006603240967,1.5826675999284268,160.33313355767154,158.75046595774313
342,89.3528151512146,11.47136640548706,0.6555397510528564,0.3725740611553192,0.7287811040878296,0.6010125875473022,0.6634939908981323,0.5401567220687866,0.4125002324581146,0.3386060893535614,0.3004207909107208,0.5153340101242065,0.36546337604522705,0.5228142142295837,29.235151580228425,64.1779178759962,24.619116768497285,30.91045423909588,177.98296681463313,-147.87636341159347,-274.4057415697112,0.2837170995174135,0.23551121398348857,0.029252570614886588,0.4788249637018651,0.0009384624122067748,0.015361358711900537,13.876006603240967,1.5826675999284268,160.33313355767154,158.75046595774313
343,89.38432097434998,11.502872228622437,0.6552515625953674,0.37260958552360535,0.7289953231811523,0.6018679141998291,0.667982280254364,0.5378867387771606,0.4123532772064209,0.3388233184814453,0.3007771074771881,0.5225647687911987,0.3610042929649353,0.5215184092521667,25.80867542202621,57.736640782264196,24.665469420653018,29.778352854035855,177.97105033824252,-108.75691593516358,-204.44719270005314,0.15964250498050297,0.14738695701077195,0.02798671772954738,0.22978395383694553,0.0008817445789268108,0.007239532608934203,13.876006603240967,1.5826675999284268,160.33313355767154,158.75046595774313
344,89.41535520553589,11.53390645980835,0.6550353765487671,0.37262865900993347,0.7291840314865112,0.6023975014686584,0.6707959175109863,0.536336362361908,0.41226887702941895,0.33892831206321716,0.3009403944015503,0.5250919461250305,0.35904839634895325,0.5204355716705322,23.586447481934048,54.53848134612649,24.70920541741582,29.377973857483347,177.96796089704415,-71.60570296649927,-103.0526394218975,0.10351505594900585,0.07203774738578733,0.018115613719802377,0.08160173204552,0.0005622041442550459,0.0025324470174716,13.876006603240967,1.5826675999284268,160.33313355767154,158.75046595774313
345,89.44559526443481,11.564146518707275,0.6551371812820435,0.37071341276168823,0.7294454574584961,0.5954558253288269,0.6630009412765503,0.5122717618942261,0.41231879591941833,0.33901315927505493,0.3076134920120239,0.5247048735618591,0.35524410009384155,0.5188536047935486,20.320810549443284,53.57929864477544,25.03366641293926,27.959316554341964,178.16490691079176,-107.99042896727856,-31.718942894820877,0.8364926031083575,0.13624668935196532,0.2297150649070418,0.22104170711145238,0.006946597092759503,0.006684314242169422,13.876006603240967,1.5826675999284268,160.33313355767154,158.75046595774313
346,89.47759461402893,11.596145868301392,0.655258297920227,0.36961880326271057,0.7294840216636658,0.5924736857414246,0.6633896231651306,0.5081902742385864,0.4123361110687256,0.3390960991382599,0.3110113739967346,0.5246272683143616,0.3529936671257019,0.517715573310852,19.682026654503975,52.010633796979235,25.107327430047015,27.21197988224315,178.29044367988087,-19.96240245635377,-49.0217728701786,0.12812613731018724,0.078808402985076,0.0932015483324015,0.10621366174817921,0.0029823889278014345,0.003398768093951195,13.876006603240967,1.5826675999284268,160.33313355767154,158.75046595774313
347,89.5085940361023,11.627145290374756,0.6553476452827454,0.3689245879650116,0.729498565196991,0.5909445285797119,0.6638172268867493,0.5074888467788696,0.4123463034629822,0.339182049036026,0.31229695677757263,0.5245611667633057,0.35187381505966187,0.5168941617012024,19.73502234458962,50.68042109983414,25.12390923255654,26.947544527533818,178.36853090478263,1.7095702610269121,-42.91088698353691,0.026500163679229114,0.04480107030323962,0.04933080097328052,0.04152596931827987,0.0015292263205878513,0.001287281049902932,13.876006603240967,1.5826675999284268,160.33313355767154,158.75046595774313
348,89.54059386253357,11.65914511680603,0.656469464302063,0.3685699999332428,0.7291300892829895,0.5952388644218445,0.6656044721603394,0.5698928833007812,0.41238880157470703,0.3395494818687439,0.31369704008102417,0.5379459261894226,0.34821945428848267,0.5189541578292847,50.47488351802284,34.735627000966495,24.440978662078415,25.111480217533607,178.2923440018937,960.6258721263004,-498.2775182581712,1.9509363487205749,0.13109413214491347,0.1346918370496264,0.4205581100219978,0.004310115407297541,0.013457786524968738,13.876006603240967,1.5826675999284268,160.33313355767154,158.75046595774313
349,89.57259392738342,11.691145181655884,0.6570644378662109,0.3683454096317291,0.7288850545883179,0.5978138446807861,0.6661774516105652,0.580141007900238,0.4124452471733093,0.3398417532444,0.31414493918418884,0.5429962873458862,0.34630611538887024,0.5202627778053284,56.88117396192573,28.924036275347582,24.034054484520528,24.551792434539696,178.25379922797913,200.19617066282962,-181.61184212867357,0.3207534103426236,0.07243888997614077,0.08083148352278478,0.15844291541893615,0.002586612714638979,0.005070183568405813,13.876006603240967,1.5826675999284268,160.33313355767154,158.75046595774313
350,89.60459423065186,11.723145484924316,0.6575979590415955,0.3679110109806061,0.7281479835510254,0.6001201868057251,0.6766541600227356,0.5996834635734558,0.41243624687194824,0.3399578332901001,0.3129315674304962,0.5523189902305603,0.3434668779373169,0.5204765200614929,72.6141984236213,18.693440195812176,23.584087269449544,23.83863909727166,178.26530968320645,491.6523549705152,-319.7030976149403,0.6929187543939889,0.08897639148276715,0.07566357870358235,0.293788868501414,0.002421257464889555,0.009401332888934919,13.876006603240967,1.5826675999284268,160.33313355767154,158.75046595774313
351,89.6377215385437,11.756272792816162,0.6579611301422119,0.36755213141441345,0.7276062965393066,0.6015831828117371,0.6815983057022095,0.6062358021736145,0.4124242663383484,0.34004122018814087,0.31180283427238464,0.5558823347091675,0.34189334511756897,0.5206450819969177,79.20203242901943,15.501222152439674,23.273354693454667,23.729757759818323,178.27261835121845,198.86415240580774,-96.36213282994444,0.2477832834448043,0.04777132876717695,0.04709282081505794,0.11283265028636706,0.0015600583746359445,0.003737841946289434,13.876006603240967,1.5826675999284268,160.33313355767154,158.75046595774313
352,89.66873717308044,11.787288427352905,0.6581966280937195,0.3672751784324646,0.7272441387176514,0.602454423904419,0.6830792427062988,0.6061170101165771,0.412416934967041,0.34011515974998474,0.31076157093048096,0.5571356415748596,0.34108689427375793,0.5207136273384094,78.3786912760217,14.682059660571975,23.064226223981258,23.839774351346882,178.29544980489771,-26.546003823405364,-26.411276251571287,0.04790144670694851,0.02609518276631564,0.030420604461833017,0.052535419091772353,0.0009435143503750313,0.0016294193587850507,13.876006603240967,1.5826675999284268,160.33313355767154,158.75046595774313
353,89.70024871826172,11.81879997253418,0.6583566665649414,0.36703771352767944,0.7269876599311829,0.6029444932937622,0.6835525035858154,0.6050141453742981,0.412402868270874,0.3402157127857208,0.30998700857162476,0.557598888874054,0.3404098153114319,0.5207810401916504,76.50704450643804,14.340566369423625,22.923540331755735,23.97032597172407,178.31409632845524,-59.395588468187206,-10.83708492185526,0.03808506888804397,0.02159293164617618,0.017553150851323283,0.028640976242537204,0.0005531269061251991,0.0009025214169025182,13.876006603240967,1.5826675999284268,160.33313355767154,158.75046595774313
354,89.73190188407898,11.85045313835144,0.6584499478340149,0.3668384552001953,0.7268155217170715,0.6031646728515625,0.6830866932868958,0.6003154516220093,0.41238170862197876,0.3402981162071228,0.30955490469932556,0.5579162240028381,0.33994337916374207,0.5208780765533447,70.13772127502618,14.076434501028777,22.83364303040625,24.03807679509163,178.33296746991553,-201.22231274378908,-8.344564013588018,0.14917075406397529,0.015051349248199859,0.008829535170639955,0.016937051938245785,0.0002794827408456021,0.0005361113134568513,13.876006603240967,1.5826675999284268,160.33313355767154,158.75046595774313
355,89.77771139144897,11.896262645721436,0.6584547162055969,0.3668326139450073,0.7268980741500854,0.6064162850379944,0.6810899376869202,0.5705393552780151,0.41269025206565857,0.3404996693134308,0.30993524193763733,0.5653411746025085,0.3395044803619385,0.5207222700119019,35.98857534148214,8.971779869298373,22.545770506549452,23.435951275899406,178.4532871781606,-745.4597941367838,-111.43220970487697,0.6514580310417436,0.010166746617890425,0.0710040367454769,0.1622956866892887,0.0032526599445913277,0.00743468545551139,13.876006603240967,1.5826675999284268,160.33313355767154,158.75046595774313
356,89.8087112903595,11.927262544631958,0.6584595441818237,0.3668246865272522,0.7269157767295837,0.6089566349983215,0.6808367967605591,0.5707089900970459,0.4129260182380676,0.34064149856567383,0.30992186069488525,0.5689600110054016,0.33918654918670654,0.5207089781761169,34.51897752184995,6.955037630231878,22.318770032468787,23.23458255188432,178.5674283278932,-47.40653586884305,-65.05641340597862,0.009829816500530938,0.010264836751835989,0.08194902982261305,0.11673783688542957,0.002540411640316395,0.003618861142481377,13.876006603240967,1.5826675999284268,160.33313355767154,158.75046595774313
357,89.84071135520935,11.959262609481812,0.6585630178451538,0.3674376308917999,0.7272552847862244,0.60957270860672,0.6803202033042908,0.5455877184867859,0.41302213072776794,0.342279314994812,0.3109079599380493,0.5674169063568115,0.3386200964450836,0.5205840468406677,20.422943783336073,6.216525488405272,22.245711569122616,23.527405887652517,178.35661880929194,-440.5001616294662,-23.07845766225024,0.7852041168296112,0.018127025298887257,0.021982112889194202,0.057227189792025526,0.0007034290379910153,0.001831273784519692,13.876006603240967,1.5826675999284268,160.33313355767154,158.75046595774313
358,89.88648414611816,12.005035400390625,0.6586707234382629,0.36790475249290466,0.7273874282836914,0.6110771894454956,0.6805545687675476,0.539237380027771,0.4130650460720062,0.3433263897895813,0.31156453490257263,0.5672736763954163,0.33831411600112915,0.520583987236023,17.32114559277354,5.427725954113778,22.086600723409127,23.654237481999033,178.2235076057717,-67.7651095547527,-17.232935082829123,0.13883054986921928,0.006684767165923684,0.03299499458029772,0.01468156054864834,0.0015102729879614015,0.0006720160012083653,13.876006603240967,1.5826675999284268,160.33313355767154,158.75046595774313
359,89.91654562950134,12.035096883773804,0.6587192416191101,0.3682602047920227,0.7275365591049194,0.6122047901153564,0.6808433532714844,0.536505937576294,0.4130699634552002,0.34421470761299133,0.3118235468864441,0.5707035660743713,0.33784064650535583,0.5206716060638428,15.913587347165713,3.3889780723444494,21.980708178083145,23.460343560517217,178.23265297652753,-46.82264769394063,-67.81927078522466,0.09136828042245082,0.016017455965207372,0.03783644183464249,0.11442068652652099,0.001137419567490713,0.003439655566708911,13.876006603240967,1.5826675999284268,160.33313355767154,158.75046595774313
360,89.94854545593262,12.067096710205078,0.6588398814201355,0.36789050698280334,0.7280213236808777,0.612848699092865,0.6811932325363159,0.564126193523407,0.4133308529853821,0.34428703784942627,0.3119247257709503,0.5786056518554688,0.3375984728336334,0.5208438634872437,28.09336900198726,0.562488229461404,21.996212781645042,22.761519937940495,178.09915959948248,380.62024120599204,-88.32828668472496,0.8632069290521022,0.009287175365869985,0.025187238532596183,0.24696176157215904,0.0008059872613261847,0.007902733505470865,13.876006603240967,1.5826675999284268,160.33313355767154,158.75046595774313
361,89.97954535484314,12.0980966091156,0.6590044498443604,0.36757010221481323,0.7283134460449219,0.6136133074760437,0.6816485524177551,0.5820589065551758,0.4135536253452301,0.3442992866039276,0.3119146227836609,0.582005500793457,0.33748728036880493,0.5211648344993591,40.201547929438334,0.35262487089708877,21.9548273577385,22.509634505485305,177.9713691154135,390.5876907018278,-6.769807836150077,0.578662935110252,0.010957628515257119,0.026403690354872552,0.10967338825140349,0.000818511731865786,0.00339986394896799,13.876006603240967,1.5826675999284268,160.33313355767154,158.75046595774313
362,90.01054668426514,12.129097938537598,0.659089982509613,0.36727672815322876,0.7285600304603577,0.61402827501297,0.6816823482513428,0.5849527716636658,0.413738876581192,0.3442963659763336,0.3119214177131653,0.5831282138824463,0.3374822735786438,0.5215754508972168,42.467124074896546,0.5377315534274196,21.94408160002987,22.446505875296015,177.90651471105292,73.07996746264264,5.970927246719554,0.09335284960510251,0.013246106833357193,0.015570388246926938,0.03621566145733496,0.00048270273527137346,0.0011227336510743636,13.876006603240967,1.5826675999284268,160.33313355767154,158.75046595774313
363,90.04254722595215,12.16109848022461,0.658981204032898,0.3666771352291107,0.7284704446792603,0.6139917373657227,0.6800624132156372,0.5399196147918701,0.41396331787109375,0.3445982336997986,0.3191475570201874,0.581998884677887,0.3374800980091095,0.5216643810272217,17.47160568071503,4.870019979749731,21.901223901467578,21.118573153309075,178.08767897891437,-781.0967276321644,135.38172161881522,1.408172526777093,0.0027798509866216255,0.003023394289360667,0.2285540972349737,9.67502549929592e-05,0.007313854916305105,13.876006603240967,1.5826675999284268,160.33313355767154,158.75046595774313
364,90.08770656585693,12.206257820129395,0.6589094400405884,0.3661953806877136,0.7284241914749146,0.6139004230499268,0.6787964701652527,0.5272866487503052,0.4141581058502197,0.34475022554397583,0.3229437470436096,0.5815516114234924,0.33749356865882874,0.5218033194541931,14.135738342675447,7.380158649638014,21.876262467077716,20.402683138818567,178.24085466802097,-73.86882414740762,55.584042529866664,0.2811431118225871,0.003091053083797587,0.0022666508707693345,0.0846435852616183,0.00010236045711854963,0.0038224484375890843,13.876006603240967,1.5826675999284268,160.33313355767154,158.75046595774313
365,90.11870670318604,12.237257957458496,0.6588417291641235,0.36582979559898376,0.7283430099487305,0.6138597130775452,0.6777409315109253,0.5230358242988586,0.41427046060562134,0.34490594267845154,0.32484695315361023,0.5809663534164429,0.3375045657157898,0.5218865275382996,13.470570251569322,8.654921310995503,21.846511557695223,20.082021143950136,178.3294196152204,-21.456940143348795,41.12119400712454,0.14128700984007458,0.0027074603273903406,0.002929570252363596,0.06423070172202645,9.08170801385222e-05,0.0019911605741273803,13.876006603240967,1.5826675999284268,160.33313355767154,158.75046595774313
366,90.14970564842224,12.268256902694702,0.6588932871818542,0.3658505380153656,0.7283722162246704,0.6123478412628174,0.675376296043396,0.5254301428794861,0.41432133316993713,0.34525710344314575,0.3246140778064728,0.579848051071167,0.34073349833488464,0.5236194729804993,15.630439686662571,4.930424253423069,21.946131522224245,20.235695311825552,178.48750201524274,69.67557827001711,-120.14915440485076,0.10855705284410955,0.11821610069686145,0.04878081753087483,0.03684938351800374,0.001512153891216949,0.0011422920216625518,13.876006603240967,1.5826675999284268,160.33313355767154,158.75046595774313
367,90.18169021606445,12.300241470336914,0.6589420437812805,0.3658558130264282,0.7283989787101746,0.6113208532333374,0.6737565994262695,0.5263678431510925,0.4143602252006531,0.34553954005241394,0.32428187131881714,0.5788342356681824,0.3426181674003601,0.5246776938438416,16.949988832899813,2.407226244229057,22.013485770268176,20.400000111960566,178.6111628599702,41.255806894064584,-78.8879823988616,0.05851415266713297,0.0675774888543508,0.03211976120049894,0.03335535205844118,0.001027336674769052,0.0010668565141430044,13.876006603240967,1.5826675999284268,160.33313355767154,158.75046595774313
368,90.21205282211304,12.330604076385498,0.6589930653572083,0.36585280299186707,0.7284206748008728,0.6103757619857788,0.6732916831970215,0.5217549204826355,0.41442233324050903,0.3457390367984772,0.32385003566741943,0.5768088698387146,0.34372127056121826,0.525231659412384,16.03391553795381,0.3334008130121039,22.072587670840992,20.673443728757224,178.6876482986891,-30.17110235795209,-68.30195760859829,0.15269742983906812,0.040654885868467966,0.03113501678955653,0.06820530533433769,0.000945340249097353,0.002070890816289879,13.876006603240967,1.5826675999284268,160.33313355767154,158.75046595774313
369,90.24305319786072,12.361604452133179,0.6589856147766113,0.36584243178367615,0.7285448312759399,0.6095003485679626,0.6731244325637817,0.5179804563522339,0.41443294286727905,0.3458206355571747,0.3219958245754242,0.5721155405044556,0.34197014570236206,0.5246193408966064,15.264312069277768,0.5899062168126482,22.23655721174029,21.443268519217142,178.58117681682333,-24.825617435737726,8.274267573022405,0.1218749047830583,0.05984100345639485,0.028521392949334458,0.16278284180738362,0.0008841738982766182,0.005046329261304153,13.876006603240967,1.5826675999284268,160.33313355767154,158.75046595774313
370,90.28849339485168,12.407044649124146,0.6589775085449219,0.36583617329597473,0.7286325097084045,0.6089457869529724,0.6729665994644165,0.5159704685211182,0.41444316506385803,0.3458858132362366,0.3204177916049957,0.5692017078399658,0.3406062424182892,0.5240893959999084,14.921776994383782,1.2761100484403407,22.363911356476763,22.02209862755128,178.49617532898512,-7.538151187198409,15.101251250387518,0.04436986009076447,0.032201463438640957,0.012355800109397304,0.07292442363427282,0.0005614499909520226,0.003313700175394072,13.876006603240967,1.5826675999284268,160.33313355767154,158.75046595774313
371,90.31970071792603,12.438251972198486,0.6589666604995728,0.36582276225090027,0.7287040948867798,0.6085014939308167,0.6728157997131348,0.5148738026618958,0.4144554138183594,0.3459387719631195,0.31951260566711426,0.5675484538078308,0.3397417962551117,0.5238057374954224,14.801034459247873,1.6271497141437075,22.46514379162418,22.35036248727491,178.43378827708221,-3.869044930520982,11.248631126326801,0.03547197400973377,0.02915329528961005,0.014420430380114545,0.060397265891381335,0.000450023029743274,0.0018848369894792025,13.876006603240967,1.5826675999284268,160.33313355767154,158.75046595774313
372,90.35162019729614,12.470171451568604,0.658957839012146,0.3658124506473541,0.7287550568580627,0.6081945300102234,0.6726881861686707,0.5143067836761475,0.41446828842163086,0.3460080027580261,0.3188610076904297,0.5667918920516968,0.3391658663749695,0.5235759019851685,14.779873185581236,1.7519669642993014,22.53931470457677,22.549607611492114,178.38031663942564,-0.6629579831570863,3.9103786345728144,0.018208379212071923,0.01942689690332667,0.009748451742796966,0.031281263794046325,0.00031116550429479073,0.0009984816543452553,13.876006603240967,1.5826675999284268,160.33313355767154,158.75046595774313
373,90.38217043876648,12.50072169303894,0.6591918468475342,0.36631667613983154,0.729766845703125,0.6093865633010864,0.6734031438827515,0.5501793622970581,0.4149366319179535,0.3461650311946869,0.31487685441970825,0.5629117488861084,0.33893880248069763,0.522920548915863,27.40000201989056,6.254410563557498,22.721277113669448,23.87201318689984,178.28726992582148,413.0942417120655,147.37833099060418,1.1744490685484341,0.02270275184182923,0.051179329157074266,0.1820405796289973,0.0015635408640384733,0.005561383665065963,13.876006603240967,1.5826675999284268,160.33313355767154,158.75046595774313
374,90.41344022750854,12.531991481781006,0.65934157371521,0.36670348048210144,0.7305057048797607,0.610296905040741,0.6735729575157166,0.5593119859695435,0.4152294993400574,0.3463549315929413,0.3130011260509491,0.5614646673202515,0.3387787640094757,0.5224740505218506,31.869279226328693,8.050798546232654,22.852178635108274,24.48563325225931,178.2268621373845,142.92636395160142,57.44803706520026,0.29210949852832563,0.015168421080501884,0.03749460184119424,0.07576165219240344,0.0011724482785420015,0.0023690508588062936,13.876006603240967,1.5826675999284268,160.33313355767154,158.75046595774313
375,90.44476318359375,12.563314437866211,0.6594375371932983,0.3669639229774475,0.7310153245925903,0.6108432412147522,0.6735528111457825,0.5600464344024658,0.4154958724975586,0.3465035855770111,0.3117564022541046,0.5602430701255798,0.33866897225379944,0.5220295190811157,32.166556170117886,9.265962723911041,22.947861307770065,24.93401998380447,178.18478709195344,9.490705250824233,38.794683821440195,0.023456428971570135,0.014618323462045515,0.023852308126432957,0.05567893917452968,0.0007471247999750397,0.0017440289666345978,13.876006603240967,1.5826675999284268,160.33313355767154,158.75046595774313
376,90.47608733177185,12.594638586044312,0.6596465706825256,0.36745157837867737,0.7310165166854858,0.6108360290527344,0.6764286756515503,0.558610200881958,0.4159754812717438,0.3465682864189148,0.31534427404403687,0.5602825284004211,0.3417927622795105,0.523000180721283,29.923574163481742,10.13804155341801,22.95712007010092,24.184193591983043,178.2353250449178,-71.60552280250873,27.84046431362044,0.10262226155601407,0.1044281669823094,0.0002333668638955113,0.1145470496998235,7.310018224521628e-06,0.0035880887581615237,13.876006603240967,1.5826675999284268,160.33313355767154,158.75046595774313
377,90.50731825828552,12.625869512557983,0.6598025560379028,0.36783820390701294,0.7310170531272888,0.6108605861663818,0.6780084371566772,0.5613171458244324,0.4163269102573395,0.3466568887233734,0.3173134922981262,0.5607367753982544,0.3435909152030945,0.5238175988197327,30.602730131409846,10.620699100711002,22.963150038703493,23.735970596476637,178.2608812110676,21.74626383981248,15.454474175836609,0.10035558937239947,0.06324590335763534,0.0007864951471208758,0.06470927759553352,2.4562972143091622e-05,0.0020209306933389013,13.876006603240967,1.5826675999284268,160.33313355767154,158.75046595774313
378,90.53870177268982,12.65725302696228,0.6600440740585327,0.36811569333076477,0.731367290019989,0.6114001870155334,0.6807493567466736,0.5987436771392822,0.41627469658851624,0.34668782353401184,0.3167887330055237,0.5629205107688904,0.3435027003288269,0.5254961252212524,59.62215151237437,10.813123723031294,22.864694206802987,23.661522811224433,178.09263852583837,924.6708640441917,6.131391782366678,1.1957476076912639,0.053558146664923895,0.020498024667004514,0.07156308991684773,0.0006433000523965688,0.0022459012632213833,13.876006603240967,1.5826675999284268,160.33313355767154,158.75046595774313
379,90.56970071792603,12.688251972198486,0.6603058576583862,0.3682743310928345,0.7315519452095032,0.6119993329048157,0.6809111833572388,0.6050146818161011,0.4162445664405823,0.34670886397361755,0.3167247176170349,0.5643694996833801,0.34350675344467163,0.526538610458374,65.85221665952704,10.725183820678238,22.75306713671605,23.551920909323616,178.1098191584054,200.97668161547958,-2.836867567040472,0.20236470281139762,0.033629954447663826,0.020225062634360785,0.046788763076743574,0.0006269556090013873,0.001450402304285794,13.876006603240967,1.5826675999284268,160.33313355767154,158.75046595774313
380,90.6017005443573,12.72025179862976,0.6606450080871582,0.36838921904563904,0.73177570104599,0.6126225590705872,0.6808422803878784,0.6032047271728516,0.4162366986274719,0.346794992685318,0.31659942865371704,0.5658500790596008,0.3436242341995239,0.5270960330963135,63.28634788840747,10.431236445364627,22.6510006934599,23.466444102862106,178.1421811213539,-80.18383401642056,-9.185905303108981,0.05660236008409171,0.0178022241605255,0.020693123403166137,0.04643372044958918,0.0006621763572222589,0.0014858709949451712,13.876006603240967,1.5826675999284268,160.33313355767154,158.75046595774313
381,90.63228487968445,12.75083613395691,0.6606253385543823,0.368404358625412,0.7318707704544067,0.6121048331260681,0.6709866523742676,0.544589102268219,0.4162699282169342,0.346552312374115,0.3165986239910126,0.5659825205802917,0.34182336926460266,0.5263305306434631,25.747213255578114,8.033744823741442,22.735900963763406,23.431713941837046,178.21570039932658,-1227.3974317665632,-78.38952836405217,1.9434266566378253,0.06398081835599446,0.0172108471099352,0.004330450986070681,0.0005263823192745417,0.00013244396507576634,13.876006603240967,1.5826675999284268,160.33313355767154,158.75046595774313
382,90.66324162483215,12.781792879104614,0.6605902910232544,0.36841386556625366,0.7319154739379883,0.6115468740463257,0.6664814949035645,0.5268809795379639,0.41634517908096313,0.3463519513607025,0.31678298115730286,0.5659818053245544,0.34086188673973083,0.5258700251579285,21.349108925763165,6.590538565951169,22.807600331117175,23.380156667364826,178.27502252186963,-142.07256960737018,-46.62009041661998,0.5902500651766956,0.03443753781906424,0.018081585321874826,0.0059553597416146485,0.0005597470286757639,0.00018435855378406743,13.876006603240967,1.5826675999284268,160.33313355767154,158.75046595774313
383,90.69524121284485,12.81379246711731,0.6605823040008545,0.36842232942581177,0.7319241762161255,0.6113126277923584,0.6660906076431274,0.5242404341697693,0.4164063334465027,0.3462184965610504,0.31689199805259705,0.5661162734031677,0.34014201164245605,0.5255115032196045,20.723609726232176,5.446114679672088,22.840005995400475,23.337790894971818,178.28653162205572,-19.5471016465222,-35.76370688975901,0.08341734403976006,0.025131971781602144,0.007325339423424301,0.005409691755791942,0.00023440784360273265,0.0001731079074610165,13.876006603240967,1.5826675999284268,160.33313355767154,158.75046595774313
384,90.72624087333679,12.844792127609253,0.6606606245040894,0.36856338381767273,0.7315971255302429,0.6108278036117554,0.6668434739112854,0.5429779291152954,0.41653385758399963,0.34558698534965515,0.31972700357437134,0.5630078911781311,0.34200194478034973,0.5259033441543579,27.342063704913173,6.976559160059079,22.79860934251031,22.980238114411442,178.40485115559227,213.50085367551353,49.369717477542856,0.6049296510217319,0.061315527353271025,0.018865428710168615,0.13571287885328762,0.000584821885050188,0.004207053168836156,13.876006603240967,1.5826675999284268,160.33313355767154,158.75046595774313
385,90.75724673271179,12.875797986984253,0.6607283353805542,0.36867937445640564,0.7314578294754028,0.6103440523147583,0.6661696434020996,0.5407432317733765,0.4166714549064636,0.3451286852359772,0.32181286811828613,0.5606985688209534,0.3432143032550812,0.5262080430984497,26.855282555491986,8.068438409791865,22.79866143654583,22.719460653967104,178.48720636865383,-15.69965029944238,35.215255172484184,0.07527860775818679,0.04031695398171988,0.01623586993097365,0.10036427393980438,0.00050340709991056,0.0031118805640515516,13.876006603240967,1.5826675999284268,160.33313355767154,158.75046595774313
386,90.7876935005188,12.90624475479126,0.6607658267021179,0.36875152587890625,0.731390118598938,0.60973060131073,0.6656825542449951,0.539013683795929,0.41682082414627075,0.34474748373031616,0.32380056381225586,0.5581576228141785,0.34425103664398193,0.5262795090675354,26.56270892479815,9.12980624959314,22.825166924669077,22.50834274229964,178.55690532165093,-9.609349424161302,34.85978697407144,0.05901540495186354,0.03413149423654952,0.02027067557900675,0.10595676555249181,0.0006171765526451824,0.0032260410383581784,13.876006603240967,1.5826675999284268,160.33313355767154,158.75046595774313
387,90.81819081306458,12.936742067337036,0.6607735753059387,0.3693118691444397,0.7316266298294067,0.6084912419319153,0.6657283306121826,0.506854236125946,0.41703909635543823,0.3447393774986267,0.3245461583137512,0.5558051466941833,0.3531842827796936,0.5271569490432739,16.457052549893238,21.326000219454183,22.998400483636342,22.600145512134144,178.56626647929514,-331.3621932993721,399.91044953730255,1.054502104117186,0.29432870773457687,0.041371668517277214,0.08091872642845957,0.0012617247053116596,0.0024678036906949055,13.876006603240967,1.5826675999284268,160.33313355767154,158.75046595774313
388,90.85019397735596,12.968745231628418,0.6607797741889954,0.3697802424430847,0.7318228483200073,0.6077783107757568,0.666000485420227,0.49898210167884827,0.4171709418296814,0.34473925828933716,0.325084388256073,0.5547120571136475,0.3572251498699188,0.5277423858642578,14.553683097487443,26.319076628638413,23.12176781789193,22.60458495456396,178.57136110701092,-59.474414313410705,156.01821006583467,0.24612683382593228,0.1275828718861869,0.023105236725627795,0.038071719318361424,0.0007394406869215357,0.0012184154882008964,13.876006603240967,1.5826675999284268,160.33313355767154,158.75046595774313
389,90.88119125366211,12.99974250793457,0.6607853174209595,0.37013837695121765,0.7319949865341187,0.6072855591773987,0.6661152243614197,0.4954826533794403,0.41728702187538147,0.34473752975463867,0.3253878355026245,0.5540964007377625,0.3591732382774353,0.528130292892456,13.79491571506387,28.75623530420253,23.217971122915955,22.613770050100634,178.57597119434806,-24.478517884262377,78.62492986457617,0.11295601503385161,0.06408090061780682,0.016838696754058486,0.022143130102679272,0.0005219537359210615,0.0006863767220758289,13.876006603240967,1.5826675999284268,160.33313355767154,158.75046595774313
390,90.91419172286987,13.032742977142334,0.6615747213363647,0.37066373229026794,0.7304901480674744,0.6079232692718506,0.663563072681427,0.5196781158447266,0.41733941435813904,0.3446570038795471,0.32793423533439636,0.5529729127883911,0.36346229910850525,0.5288414359092712,20.98078906148012,32.58667399680869,22.954125512468906,22.046192003497666,178.78692970849102,217.75064170074603,116.07224941229063,0.7372528922465574,0.13174407428533522,0.049526101456413056,0.08433914764461407,0.0016343845860929385,0.0027832314448551208,13.876006603240967,1.5826675999284268,160.33313355767154,158.75046595774313
391,90.94419312477112,13.062744379043579,0.6625766158103943,0.3712082505226135,0.7303109765052795,0.6096259951591492,0.6634528636932373,0.5348151922225952,0.41735905408859253,0.34464558959007263,0.32840895652770996,0.5520426630973816,0.3638630509376526,0.529181718826294,25.927209398925434,33.9720044503982,22.795936481363622,21.981490026400607,178.817709263248,164.87297339395423,46.17552400216393,0.5045590077224843,0.01752359241900946,0.05706822377506811,0.034810961985630016,0.00171212671726601,0.001044377661099852,13.876006603240967,1.5826675999284268,160.33313355767154,158.75046595774313
392,90.97519421577454,13.093745470046997,0.6634578108787537,0.37174928188323975,0.7303574681282043,0.6105840802192688,0.6634726524353027,0.5425116419792175,0.41737645864486694,0.34462037682533264,0.3283196687698364,0.5512788891792297,0.3635689318180084,0.5294455885887146,28.847799731513085,34.913039291231314,22.710252661385613,22.048394702999975,178.79816523210806,94.20927580470139,30.35489430773129,0.24826465609431053,0.012745908683747512,0.030941246970456467,0.024804779555199382,0.0009592124130903515,0.0007689752283104575,13.876006603240967,1.5826675999284268,160.33313355767154,158.75046595774313
393,91.00519156455994,13.123742818832397,0.6641906499862671,0.372157484292984,0.7304627895355225,0.6116265654563904,0.6636082530021667,0.5474295020103455,0.41739240288734436,0.3445837199687958,0.32810157537460327,0.550907552242279,0.3629423677921295,0.529422402381897,30.692467333501497,34.93772749905255,22.629745922431276,22.114206041319886,178.72169165195606,61.49435455730027,0.8230129935099738,0.16400546508393896,0.02090161001162138,0.034929486743881084,0.014356130437231145,0.0010477919967512204,0.0004306458519343253,13.876006603240967,1.5826675999284268,160.33313355767154,158.75046595774313
394,91.0360209941864,13.154572248458862,0.6642248034477234,0.3721766173839569,0.730469822883606,0.6111124753952026,0.6686694622039795,0.5464476943016052,0.4175294041633606,0.3446221649646759,0.326834499835968,0.5487744808197021,0.35810473561286926,0.5265935063362122,28.20643361903,30.69746680248478,22.589472555955645,22.658280769721745,178.72884872046868,-80.63832982292398,-137.5393819458733,0.1672284797140027,0.18177587571839204,0.01667686289834762,0.08047579297089995,0.0005141381711148105,0.002481022796030314,13.876006603240967,1.5826675999284268,160.33313355767154,158.75046595774313
395,91.0670223236084,13.18557357788086,0.6639004349708557,0.37216007709503174,0.7302736043930054,0.61130690574646,0.6720341444015503,0.5409367680549622,0.4178560674190521,0.34468963742256165,0.3246619701385498,0.5488356947898865,0.3550932705402374,0.5224716663360596,24.1001630401995,24.559089979710098,22.588615945697647,23.21392785291795,178.7142116031501,-132.45466099001825,-198.00366426928713,0.20827775714514468,0.16466233857124232,0.008910370751617989,0.0701064102782358,0.0002762333389430369,0.002173391919629269,13.876006603240967,1.5826675999284268,160.33313355767154,158.75046595774313
396,91.09902215003967,13.217573404312134,0.6636102199554443,0.3721253275871277,0.7301821708679199,0.611369252204895,0.6742210984230042,0.5282827615737915,0.4181177616119385,0.3447650372982025,0.32337796688079834,0.5488606691360474,0.35315394401550293,0.5199944972991943,18.41162373521386,20.988439973918233,22.60837699062323,23.555271298412748,178.70949855324926,-177.76781749747425,-111.58341791198465,0.4013021247865687,0.09831322102484673,0.0034583604609719817,0.04013290877543486,0.00011066693448788559,0.0012842461149960853,13.876006603240967,1.5826675999284268,160.33313355767154,158.75046595774313
397,91.13102126121521,13.249572515487671,0.6633866429328918,0.3720356523990631,0.730131208896637,0.6114113330841064,0.6763667464256287,0.5202220678329468,0.4183017611503601,0.3448430299758911,0.32243800163269043,0.548850417137146,0.3519621193408966,0.5184274315834045,14.943320052476237,18.97196163248103,22.62561889720079,23.809694823614908,178.69999795802326,-108.38750063123919,-63.01669850688771,0.2606753066947662,0.061526451589941744,0.0020653780977528922,0.029376477035964032,6.609026336951414e-05,0.000940021154619426,13.876006603240967,1.5826675999284268,160.33313355767154,158.75046595774313
398,91.16139101982117,13.279942274093628,0.6633243560791016,0.372361958026886,0.7303476929664612,0.6114181280136108,0.6732420921325684,0.5203873515129089,0.41853266954421997,0.3451889455318451,0.32151490449905396,0.5450436472892761,0.3520721197128296,0.5181240439414978,16.43923376976823,22.727464056542356,22.701131804909913,24.497559654291123,178.5414470296886,49.25668776960806,123.65927805974343,0.10303087208568835,0.010626153507023488,0.007131788068152632,0.12897999767836726,0.00021659068205864007,0.003917091394488912,13.876006603240967,1.5826675999284268,160.33313355767154,158.75046595774313
399,91.19324111938477,13.311792373657227,0.6632733345031738,0.3726182281970978,0.7305057048797607,0.6114358305931091,0.6714317798614502,0.5208929777145386,0.41873645782470703,0.3454129993915558,0.32067108154296875,0.5428215861320496,0.35221385955810547,0.5179985165596008,17.39903145771361,25.381976641003533,22.75736082816502,24.990887586385288,178.42863898476367,30.13484105532682,83.34393364016387,0.059013879226842945,0.005944529346828814,0.004992149522398041,0.07462730967665698,0.00015900045932474896,0.002376887243365033,13.876006603240967,1.5826675999284268,160.33313355767154,158.75046595774313
400,91.22520279884338,13.343754053115845,0.6632297039031982,0.3728075325489044,0.7306336164474487,0.6114587187767029,0.6701949834823608,0.5211474895477295,0.4188782572746277,0.3455806076526642,0.3201541304588318,0.5415756702423096,0.3523029685020447,0.5179209113121033,18.019831193384793,26.920051759522472,22.802455066658744,25.28705834490539,178.36076412265328,19.423251411896366,48.12247493159225,0.039507059897679296,0.003697085040184818,0.004065593962701181,0.042203822531961845,0.00012994321104474837,0.0013489050476949713,13.876006603240967,1.5826675999284268,160.33313355767154,158.75046595774313
401,91.2566909790039,13.375242233276367,0.663183331489563,0.37296628952026367,0.7307308912277222,0.611493706703186,0.6694102883338928,0.5212668180465698,0.4189828038215637,0.3457142412662506,0.3196995258331299,0.5410211086273193,0.35231655836105347,0.5178151726722717,18.389709269950707,27.623130099278175,22.83798646479343,25.48249577064625,178.3015197481747,11.746568861087757,22.328325618422678,0.025206805317552046,0.003385663061373845,0.003283000532017082,0.022772994584766136,0.00010337571221924497,0.0007170801562797185,13.876006603240967,1.5826675999284268,160.33313355767154,158.75046595774313
402,91.2880208492279,13.406572103500366,0.6631758213043213,0.37297070026397705,0.7306064963340759,0.6121219396591187,0.674190878868103,0.5286364555358887,0.41900938749313354,0.344912588596344,0.31935063004493713,0.5411130785942078,0.35385581851005554,0.5178478956222534,18.302764800224207,29.082118533572647,22.75044220527178,25.509002869126576,177.98584010440754,-2.775130222528016,46.568607653435826,0.28038403412639296,0.04914185489347178,0.020441518390195968,0.011516613439480843,0.0006404301183463291,0.0003608140044788978,13.876006603240967,1.5826675999284268,160.33313355767154,158.75046595774313
403,91.32008123397827,13.438632488250732,0.6631715297698975,0.37297385931015015,0.7305089235305786,0.6125580668449402,0.6775394082069397,0.5348967909812927,0.4190283715724945,0.34430426359176636,0.31904059648513794,0.5411764979362488,0.3551831543445587,0.517872154712677,18.597749146195003,30.26132586997365,22.672140929935185,25.55904369977041,177.7732339731803,9.200898500365842,36.780822987083255,0.22144491098301092,0.041408034005273806,0.01393959212032282,0.00987054609510937,0.0004469086866407227,0.00031645350550543115,13.876006603240967,1.5826675999284268,160.33313355767154,158.75046595774313
404,91.35168838500977,13.470239639282227,0.6631680727005005,0.3729694187641144,0.7303826808929443,0.6130378842353821,0.6803913116455078,0.5467654466629028,0.4190409779548645,0.3437689542770386,0.31871354579925537,0.5412256717681885,0.3561159372329712,0.5178923010826111,21.387154056368587,31.107097149401348,22.59360968138588,25.609587044876637,177.60309542163097,88.25233591582337,26.758858417354688,0.3861938598790541,0.029518649881372427,0.015697304900803292,0.010463670093092747,0.0004961470867871028,0.0003307268009761108,13.876006603240967,1.5826675999284268,160.33313355767154,158.75046595774313
405,91.38284850120544,13.501399755477905,0.6631438732147217,0.3730655014514923,0.7308031916618347,0.6132534742355347,0.6775075793266296,0.5494900345802307,0.4187343716621399,0.34365642070770264,0.3154248595237732,0.5409346222877502,0.3531814217567444,0.5123382806777954,24.157836977531883,25.22028088119465,22.631943075484056,26.3742335134862,177.71218919158963,88.91760556231606,-188.9215120777721,0.1273190881662216,0.20159109692037028,0.015165384214093486,0.10595403776872213,0.0004725551342632647,0.0033015401282747124,13.876006603240967,1.5826675999284268,160.33313355767154,158.75046595774313
406,91.43008518218994,13.548636436462402,0.6630877256393433,0.37309062480926514,0.7311351895332336,0.6132718920707703,0.6750523447990417,0.5503993630409241,0.4185512959957123,0.34353214502334595,0.31453806161880493,0.5404672026634216,0.35276955366134644,0.5124472379684448,25.914906500018272,25.920984007467673,22.671302337973827,26.62671207510988,177.8139663925048,37.19714183693504,14.833877225688052,0.055427602227197864,0.009019185875633585,0.007039198007656132,0.02122170334848679,0.00033250835067436007,0.0010024428310201037,13.876006603240967,1.5826675999284268,160.33313355767154,158.75046595774313
407,91.46130466461182,13.579855918884277,0.6630424857139587,0.3730991780757904,0.7313042283058167,0.6133346557617188,0.6731919050216675,0.5507343411445618,0.4184616506099701,0.3433890640735626,0.3141353726387024,0.5402032136917114,0.35268375277519226,0.5127827525138855,27.008532052362625,26.64782375265036,22.680358722458028,26.73904979127698,177.89053399184596,35.03022688095773,23.281607790954343,0.06055052920294675,0.011092807622365626,0.005775710431806318,0.015423272525601227,0.0001803146902996174,0.0004815065855007952,13.876006603240967,1.5826675999284268,160.33313355767154,158.75046595774313
408,91.49221348762512,13.610764741897583,0.6620757579803467,0.37313327193260193,0.7291523218154907,0.6143613457679749,0.6680382490158081,0.5583394169807434,0.41782158613204956,0.34401175379753113,0.313285768032074,0.5466233491897583,0.3511892259120941,0.5145768523216248,31.94992577512698,22.495146723626085,22.243690972465842,26.1448773147189,177.76297343516973,159.87000607034372,-134.35248010694636,0.2972226719899333,0.0755460170957045,0.07713915812394057,0.20952293960519355,0.0023842805858482786,0.006476107457484459,13.876006603240967,1.5826675999284268,160.33313355767154,158.75046595774313
409,91.52381086349487,13.642362117767334,0.6615417003631592,0.3731994032859802,0.7276962995529175,0.6153640151023865,0.666594386100769,0.5635343790054321,0.41743555665016174,0.34460803866386414,0.31295859813690186,0.5508386492729187,0.3499549329280853,0.515822172164917,34.41448302308715,19.707952683399217,21.91636560727476,25.74799707069609,177.66993150812996,77.99879515689643,-88.20966816092867,0.17064328632260922,0.05549094928254423,0.05594974080770318,0.13380787247216816,0.001767864990116142,0.004227977640834802,13.876006603240967,1.5826675999284268,160.33313355767154,158.75046595774313
410,91.55557322502136,13.674124479293823,0.6610711812973022,0.37326687574386597,0.7268285751342773,0.6158360242843628,0.6658505201339722,0.5641288161277771,0.41719675064086914,0.345102459192276,0.3121475279331207,0.5524885058403015,0.34659355878829956,0.516162097454071,34.53562910560213,16.61403192751662,21.74281098221644,25.766072218346952,177.63624338817135,3.8141396512330825,-97.40839809100216,0.029978998732013686,0.10636860893772145,0.03109953526517464,0.057881086100406536,0.000987794682398279,0.0018384399822669647,13.876006603240967,1.5826675999284268,160.33313355767154,158.75046595774313
411,91.58584594726562,13.704397201538086,0.6562061309814453,0.37276649475097656,0.7266228199005127,0.6110746264457703,0.6550463438034058,0.5207912921905518,0.4148655831813812,0.3453276455402374,0.3120153546333313,0.5541477799415588,0.3475383222103119,0.5167114734649658,21.945655701831505,17.276136582915523,22.577856465275943,25.297052021061788,178.04030751683166,-415.88507641253466,21.87132858606348,1.4753870079444162,0.036101226185643404,0.15743022373726726,0.05498448562576629,0.004765841436050423,0.0016645300610924777,13.876006603240967,1.5826675999284268,160.33313355767154,158.75046595774313
412,91.61704421043396,13.735595464706421,0.6527753472328186,0.37234511971473694,0.7263089418411255,0.610578715801239,0.6426368355751038,0.5062859654426575,0.4135211110115051,0.3457995355129242,0.31151044368743896,0.5557848811149597,0.3451809585094452,0.5158042311668396,21.58595912307691,14.192652424283677,22.951985152049428,25.077412196091604,178.34685994388832,-11.52937831230529,-98.83512239109079,0.6118697805070313,0.08096335679110686,0.018811813401896797,0.0549131362706116,0.0005868959051859869,0.0017131944767691805,13.876006603240967,1.5826675999284268,160.33313355767154,158.75046595774313
413,91.64794993400574,13.766501188278198,0.6509450674057007,0.37206384539604187,0.7250909805297852,0.6106507778167725,0.6453617215156555,0.49763160943984985,0.41277092695236206,0.34606271982192993,0.31149423122406006,0.5590410232543945,0.34221193194389343,0.5151604413986206,17.937285119184587,9.56085646341315,22.906543681808557,24.63280124532345,178.5014685124493,-118.05819706561539,-149.86854943270816,0.29357655173926606,0.09829968990720633,0.03947784170618812,0.10535855900211108,0.001220091262981833,0.0032561825004400386,13.876006603240967,1.5826675999284268,160.33313355767154,158.75046595774313
414,91.67811417579651,13.79666543006897,0.6494236588478088,0.37235066294670105,0.7144891619682312,0.6107986569404602,0.647057831287384,0.5271298885345459,0.40836048126220703,0.34580135345458984,0.31448864936828613,0.5800729393959045,0.34105512499809265,0.5151078701019287,23.603674990394584,0.40555048542279415,21.06773446008551,21.17317679179051,178.00126681784073,187.85122830249907,-303.5152032494101,0.9795373287533465,0.03838985556636361,0.3515039406104941,0.704277996763279,0.010602849854983925,0.021244011782287724,13.876006603240967,1.5826675999284268,160.33313355767154,158.75046595774313
415,91.70945596694946,13.828007221221924,0.6485111713409424,0.37298786640167236,0.7091444134712219,0.6123567223548889,0.6473744511604309,0.5472999215126038,0.40629783272743225,0.3455645442008972,0.3181401789188385,0.5953141450881958,0.3400931656360626,0.5159815549850464,29.301147964568845,3.974345484631218,20.087510800878615,18.800597405773736,177.74803823545312,181.78517450931483,113.86697658063008,0.6436300274893612,0.04146209988151551,0.17762918850410844,0.500051967609146,0.005567216928764483,0.015672524334429623,13.876006603240967,1.5826675999284268,160.33313355767154,158.75046595774313
416,91.7574553489685,13.876006603240967,0.6485460996627808,0.37537848949432373,0.7096158266067505,0.6189016103744507,0.6936424970626831,0.7821390628814697,0.4057385325431824,0.35159340500831604,0.31727877259254456,0.6033203601837158,0.3401588499546051,0.5250122547149658,160.33313355767154,3.0747472424631277,20.320868584139976,18.810691939020817,176.85304483075876,2729.8681791594295,-18.741871339326604,4.986597906226197,0.18814697653590445,0.13670683203337167,0.16776095274952907,0.006561843455382948,0.008052422058903263,13.876006603240967,1.5826675999284268,160.33313355767154,158.75046595774313
