Frame,Timestamp,Rep Duration,Left Shoulder X,Left Shoulder Y,Left Elbow X,Left Elbow Y,Left Wrist X,Left Wrist Y,Right Shoulder X,Right Shoulder Y,Right Elbow X,Right Elbow Y,Right Wrist X,Right Wrist Y,Left Elbow Angle,Right Elbow Angle,Left Shoulder Angle,Right Shoulder Angle,Torso Angle,Left Angular Velocity,Right Angular Velocity,Left Wrist Velocity,Right Wrist Velocity,Left Elbow Velocity,Right Elbow Velocity,Left Elbow Drift,Right Elbow Drift,Rep Tempo,Rep Min Angle,Rep Max Angle,Rep ROM
0,90.28269815444946,0.0,0.6664531826972961,0.39321407675743103,0.7846147418022156,0.4798283576965332,0.6467949151992798,0.48644787073135376,0.367050439119339,0.39372438192367554,0.25216156244277954,0.48996153473854065,0.19554415345191956,0.4929593801498413,38.99181644267401,143.07956703860904,66.64708503360477,60.071972527147885,169.08411937547208,-116.36698847259106,-701.4354765001688,0.22933545757893636,0.10967008159090472,0.20831076191717965,0.512280455676295,0.00967452403727937,0.02379171165548894,11.368044137954712,0.33734214558709474,152.5523631482081,152.215021002621
1,90.33074140548706,0.048043251037597656,0.6678487062454224,0.39387670159339905,0.7833004593849182,0.4807980954647064,0.6487321257591248,0.47611698508262634,0.36844971776008606,0.3965045213699341,0.252060204744339,0.49276190996170044,0.19547851383686066,0.4654494524002075,34.983089423034954,114.64130428482909,66.43823048146231,59.92176786385756,168.5982343361058,-83.43996155676281,-591.9304405841468,0.21878090347768775,0.5726091691247288,0.03399683729127453,0.05832679615067015,0.0016333185884690635,0.0028022089096854308,11.368044137954712,0.33734214558709474,152.5523631482081,152.215021002621
2,90.3797857761383,0.09708762168884277,0.6675853729248047,0.3940683901309967,0.7861474752426147,0.4808877110481262,0.6492819786071777,0.4658551812171936,0.3678542375564575,0.39801424741744995,0.2519487142562866,0.49591028690338135,0.1954231560230255,0.45455819368362427,29.94623250537269,103.62704062211911,67.23750810615336,59.22347929835585,168.75309162891318,-102.70000105576621,-224.57753084512981,0.2095352516240644,0.22207236542538553,0.05807854982278138,0.06423469880121413,0.0028484259243952963,0.003150350376677836,11.368044137954712,0.33734214558709474,152.5523631482081,152.215021002621
3,90.4258291721344,0.14313101768493652,0.6737792491912842,0.3945474624633789,0.7868314981460571,0.48477059602737427,0.6450067162513733,0.4581839442253113,0.36889901757240295,0.39861220121383667,0.2510252892971039,0.4954428970813751,0.1952180415391922,0.44587162137031555,27.974659596485413,98.98427798612838,66.16705905264307,59.809119686555974,167.66904200280086,-42.81988472471804,-100.83449614326058,0.19073585412466457,0.18871313580899604,0.08562953549583713,0.022478184114319753,0.003942674611796395,0.0010349719324487282,11.368044137954712,0.33734214558709474,152.5523631482081,152.215021002621
4,90.473317861557,0.19061970710754395,0.6734240055084229,0.3965177834033966,0.773022472858429,0.48487651348114014,0.640271008014679,0.4407332241535187,0.371830552816391,0.3981511890888214,0.237813800573349,0.4923344552516937,0.19503921270370483,0.42189523577690125,23.184520952638813,86.16995027934088,63.64246754568008,63.53204982803975,167.015332526698,-100.86904275707829,-269.83957364565885,0.3807619282588166,0.5049002778702335,0.2907941164842208,0.28579953572699474,0.013809431483640687,0.013572245389264647,11.368044137954712,0.33734214558709474,152.5523631482081,152.215021002621
5,90.52196717262268,0.23926901817321777,0.6731377840042114,0.3971649706363678,0.7705148458480835,0.4850236475467682,0.6319608688354492,0.419333279132843,0.3778313398361206,0.39781439304351807,0.23333148658275604,0.4788714051246643,0.1961313635110855,0.4104125201702118,16.692148211765655,89.22918424830297,63.59174243364614,67.96707321769969,166.42367412126967,-133.4525114262938,62.88339756409493,0.471883976457068,0.23709559422649504,0.05163361544849084,0.29167121876219954,0.0025119398193990125,0.014189603850466446,11.368044137954712,0.33734214558709474,152.5523631482081,152.215021002621
6,90.57201170921326,0.28931355476379395,0.6649202108383179,0.3981795608997345,0.7688125371932983,0.48466768860816956,0.6305755376815796,0.40708908438682556,0.37821146845817566,0.39914414286613464,0.23389141261577606,0.45877590775489807,0.20856350660324097,0.3999961018562317,10.475513153890123,90.86097409337835,64.36927694856607,74.47753440361242,168.32744175269272,-124.2220526235461,32.60675302931379,0.24622697814266303,0.32409378026419355,0.03475157876325594,0.4017081165645996,0.001739126654998052,0.020103296538148543,11.368044137954712,0.33734214558709474,152.5523631482081,152.215021002621
7,90.63325333595276,0.3505551815032959,0.6633248329162598,0.39836058020591736,0.7619954943656921,0.4855155646800995,0.6246055364608765,0.3924795091152191,0.3832515776157379,0.3989567160606384,0.23417870700359344,0.4440152049064636,0.24560701847076416,0.3688192069530487,7.349303877526098,64.54043040299916,62.56151875306637,78.63735255220456,168.4816663781323,-51.04712991478333,-429.7819161848285,0.2577052327510415,0.7905921830112396,0.11217154946371513,0.24106966521776582,0.006869568163048422,0.014763498455483111,11.368044137954712,0.33734214558709474,152.5523631482081,152.215021002621
8,90.68229675292969,0.3995985984802246,0.6631162166595459,0.39822882413864136,0.7543932795524597,0.4893791377544403,0.6246762871742249,0.3833457827568054,0.38459014892578125,0.3972794711589813,0.23970907926559448,0.4406442940235138,0.2877441644668579,0.35605087876319885,5.696916242227808,43.74744371597678,59.01481091239059,78.13041021643988,169.08813682489404,-33.692343175754154,-423.9710030156329,0.18624314817784052,0.8977593603489519,0.1738796682742695,0.1320611900603185,0.008527653074985042,0.006476732010597634,11.368044137954712,0.33734214558709474,152.5523631482081,152.215021002621
9,90.74431586265564,0.46161770820617676,0.6615973114967346,0.39802923798561096,0.750757098197937,0.4899839460849762,0.6218315958976746,0.37760868668556213,0.3837544918060303,0.395512193441391,0.24074876308441162,0.44752979278564453,0.27301353216171265,0.3741072714328766,4.807742199104488,46.28881104302859,57.86286577072697,74.78432867017095,169.8685536652271,-14.337097824402374,40.97716555883361,0.10325260902865564,0.3757373103049922,0.05943550761113573,0.11228072341800154,0.003686137268152691,0.006963550505770322,11.368044137954712,0.33734214558709474,152.5523631482081,152.215021002621
10,90.8049840927124,0.5222859382629395,0.6595243215560913,0.3969818949699402,0.739837110042572,0.48990970849990845,0.6160817742347717,0.36050522327423096,0.38170620799064636,0.393689900636673,0.2403724044561386,0.45227786898612976,0.279918909072876,0.363136351108551,2.8864923732242707,43.56036561180855,54.45588351730423,72.26339168405411,169.90988528695937,-31.668137080687014,-44.973216272623034,0.2974222651221153,0.21367410325495212,0.17999932563880366,0.07850845437491023,0.010920240497917084,0.004762968971417912,11.368044137954712,0.33734214558709474,152.5523631482081,152.215021002621
11,90.8514518737793,0.568753719329834,0.6592352390289307,0.39646047353744507,0.7288998961448669,0.48992347717285156,0.6160816550254822,0.36120203137397766,0.3780142068862915,0.39262157678604126,0.2405446320772171,0.46431490778923035,0.26963239908218384,0.36425650119781494,4.533232396171218,46.24742918635558,50.45592751939402,67.43112071075664,169.73623017167122,35.438318446415984,57.82638018972251,0.01499551073765916,0.2226772920052743,0.23537217214075432,0.2590670480060868,0.010937222564275983,0.012038270868393498,11.368044137954712,0.33734214558709474,152.5523631482081,152.215021002621
12,90.89849400520325,0.6157958507537842,0.656504213809967,0.3922497034072876,0.7189443707466125,0.48947325348854065,0.6175442337989807,0.3611021935939789,0.36811044812202454,0.3887750208377838,0.23697660863399506,0.4758094251155853,0.2639954388141632,0.37164369225502014,5.595253609379383,41.886401697521954,45.84265427279097,62.94015970812759,170.33857747844309,22.57595863667576,-92.70471717217583,0.031163178746221848,0.19753038106248924,0.2118462799572536,0.2558464141210773,0.00996570054342407,0.012035560637430104,11.368044137954712,0.33734214558709474,152.5523631482081,152.215021002621
13,90.94676971435547,0.6640715599060059,0.6526697278022766,0.38737377524375916,0.7191359400749207,0.4891251027584076,0.6215160489082336,0.3596286177635193,0.36333414912223816,0.38751330971717834,0.23421558737754822,0.48186415433883667,0.24898213148117065,0.36637601256370544,3.8570664092187816,46.556852383740754,45.506991098850285,61.19148095601945,171.05264941681148,-36.00542033841069,96.74535637564762,0.08775343702362862,0.3295781840008539,0.008231387456489778,0.13784460669906412,0.0003973760667687463,0.006654546141206408,11.368044137954712,0.33734214558709474,152.5523631482081,152.215021002621
14,90.99446368217468,0.7117655277252197,0.6470194458961487,0.3852611184120178,0.7184924483299255,0.485527902841568,0.6233133673667908,0.3566359281539917,0.3573246896266937,0.3876423239707947,0.23330990970134735,0.4880020022392273,0.24489760398864746,0.36641645431518555,0.9613223548413333,45.5741609636406,47.17719143143363,58.93517415588572,171.19794621402858,-60.71510060462775,-20.604102888337763,0.07319422880433195,0.08564453505258289,0.07661981074873901,0.1300857858945591,0.0036543027881646155,0.006204307286192247,11.368044137954712,0.33734214558709474,152.5523631482081,152.215021002621
15,91.04250764846802,0.7598094940185547,0.6474888920783997,0.3849192261695862,0.7192208170890808,0.48551616072654724,0.626764178276062,0.35745662450790405,0.35581016540527344,0.3877376317977905,0.23417986929416656,0.4928567111492157,0.24447739124298096,0.36794763803482056,0.33734214558709474,44.45194319335531,47.515850643431584,56.525387395441506,170.58663556781372,-12.987691429231605,-23.35814165369964,0.07382946930420907,0.03304885241654939,0.015162432604752476,0.10265682388758918,0.0007284634009876909,0.004932040986636158,11.368044137954712,0.33734214558709474,152.5523631482081,152.215021002621
16,91.08955931663513,0.806861162185669,0.6476522088050842,0.38283005356788635,0.7188122868537903,0.48535433411598206,0.6268972158432007,0.3557669520378113,0.3549085855484009,0.3885059654712677,0.23421987891197205,0.49324697256088257,0.2449328899383545,0.36651724576950073,0.5839564015529503,44.214593956006944,46.958120626170064,55.87746803530292,170.12906593329978,5.2413498941196135,-5.044438307806026,0.03602214008504155,0.03190464092420661,0.009338970928845728,0.008337790350504921,0.000439414161166376,0.00039230694481892485,11.368044137954712,0.33734214558709474,152.5523631482081,152.215021002621
17,91.13739156723022,0.8546934127807617,0.6463710069656372,0.38115066289901733,0.7191973924636841,0.48695483803749084,0.6287660598754883,0.3585227131843567,0.34842437505722046,0.3884117305278778,0.23410660028457642,0.49564382433891296,0.24525019526481628,0.36837059259414673,0.6099137653016831,41.82797258437107,46.54220862683318,54.725877385272874,170.2909634314291,0.5426749405639684,-49.895652869002255,0.06961170036940817,0.039310570066699295,0.03441575884915666,0.050165465970397234,0.001646183201693143,0.0023995271395156393,11.368044137954712,0.33734214558709474,152.5523631482081,152.215021002621
18,91.18508791923523,0.9023897647857666,0.6453688144683838,0.38153713941574097,0.7143604159355164,0.4900532066822052,0.6299724578857422,0.359383761882782,0.34380778670310974,0.388526976108551,0.23537059128284454,0.49708977341651917,0.24968552589416504,0.368202269077301,0.4077737670811637,38.62923532560974,44.3794040474551,53.48717881194379,170.37279584492308,-4.238059929600242,-67.06461027513542,0.031074932713881235,0.0930579233818517,0.12043341421468985,0.040265798346061935,0.005744234517548406,0.0019205316916763133,11.368044137954712,0.33734214558709474,152.5523631482081,152.215021002621
19,91.23213267326355,0.9494345188140869,0.6455670595169067,0.38175004720687866,0.7099593877792358,0.4950883686542511,0.630246639251709,0.36112600564956665,0.34150993824005127,0.38986676931381226,0.24152544140815735,0.5024114847183228,0.2527751922607422,0.3707121014595032,1.1515179951370103,36.73547373368833,41.482149757405146,50.69814745063822,170.54086448669779,15.80929145910982,-40.254468984605424,0.037489538763628955,0.08461336903605948,0.1421506810582262,0.17295254143666935,0.006687443825342463,0.008136509770460987,11.368044137954712,0.33734214558709474,152.5523631482081,152.215021002621
20,91.28036212921143,0.9976639747619629,0.6445394158363342,0.38331905007362366,0.7077641487121582,0.49797746539115906,0.6312482357025146,0.36217164993286133,0.33989909291267395,0.3903246223926544,0.24509896337985992,0.5056585073471069,0.25849729776382446,0.3707963824272156,0.524704315486158,33.745297136626256,40.59973338339284,48.75856472675415,170.74508778980083,-12.996490782070643,-61.99897009606972,0.030022168160370948,0.11865624533172855,0.07523394102556208,0.10011259613711339,0.0036284920444774453,0.004828376045222409,11.368044137954712,0.33734214558709474,152.5523631482081,152.215021002621
21,91.32794690132141,1.0452487468719482,0.6446011066436768,0.3846220374107361,0.7041288614273071,0.49917563796043396,0.6312806010246277,0.362734317779541,0.3392067849636078,0.39048001170158386,0.24793732166290283,0.5116819143295288,0.2654055655002594,0.3736645579338074,0.63985556694878,29.76776463801432,39.29622480418051,46.089704948986025,170.45586557242765,2.4199181031374155,-83.58834816773825,0.0118440816012009,0.157193417694925,0.08043862161094566,0.13993251270425938,0.003827653478198192,0.006658656727809812,11.368044137954712,0.33734214558709474,152.5523631482081,152.215021002621
22,91.37556862831116,1.0928704738616943,0.6478593945503235,0.3885548710823059,0.6998142004013062,0.503521203994751,0.6316884756088257,0.36356785893440247,0.3396761417388916,0.3906777501106262,0.25024840235710144,0.513266921043396,0.27456942200660706,0.3874817490577698,1.6367998895202454,25.167120970672762,37.15371682196666,44.499548710324895,169.04598939527477,20.934652848396855,-96.60808118807132,0.01948654751631615,0.3481570137192233,0.12859139432036726,0.058846693591139455,0.006123744273555316,0.002802381176446484,11.368044137954712,0.33734214558709474,152.5523631482081,152.215021002621
23,91.42226505279541,1.1395668983459473,0.6497054696083069,0.3893652558326721,0.6958039999008179,0.5074657797813416,0.629608690738678,0.3642927408218384,0.3401709496974945,0.3903547525405884,0.25144514441490173,0.5149294137954712,0.2818131446838379,0.3869752287864685,3.490873507657687,22.10834180166871,34.757320183428064,43.36217038501369,167.92486321029912,39.70483047931596,-65.50349845383856,0.04716612171809995,0.1555024925584829,0.12046035051029602,0.043866999103358034,0.005625067660950677,0.0020484320109807495,11.368044137954712,0.33734214558709474,152.5523631482081,152.215021002621
24,91.46930384635925,1.18660569190979,0.6513016819953918,0.3891933858394623,0.6941257119178772,0.5081785321235657,0.6282259225845337,0.364867627620697,0.3410218060016632,0.38992464542388916,0.2544993460178375,0.517129123210907,0.2905687689781189,0.38969746232032776,4.900417601361323,18.41879325162873,33.845832269952865,41.80869671309665,166.7818146352716,29.965566438062478,-78.4362920582219,0.031835683342632155,0.19492531962144713,0.03876304328818299,0.08001672341528197,0.0018233667911391406,0.0037638901343865533,11.368044137954712,0.33734214558709474,152.5523631482081,152.215021002621
25,91.516352891922,1.2336547374725342,0.6522270441055298,0.39012232422828674,0.6941982507705688,0.5138610601425171,0.6273916959762573,0.36933478713035583,0.34117284417152405,0.3899765610694885,0.2545071542263031,0.5207436084747314,0.30108633637428284,0.3908514082431793,6.071974440291815,13.806604108005105,33.162941221321034,40.53715119673414,166.07353271244838,24.900756751125066,-98.02938802388363,0.09658828114227384,0.22488620322988317,0.12078865618144154,0.07682395369431139,0.00568299098814328,0.0036144936976738027,11.368044137954712,0.33734214558709474,152.5523631482081,152.215021002621
26,91.56528973579407,1.2825915813446045,0.6517606377601624,0.38977283239364624,0.6951062679290771,0.5157199501991272,0.6208342909812927,0.37291210889816284,0.3396638333797455,0.38737013936042786,0.25428423285484314,0.520922839641571,0.31503739953041077,0.3907293677330017,8.486909743028193,7.575061145788635,33.4905932463543,39.42705463930936,165.69923003996095,49.34799859691506,-127.33847279785434,0.15264010488644233,0.28509392581080945,0.042275064033622446,0.0058450442979793935,0.002068808208295157,0.0002860380202355524,11.368044137954712,0.33734214558709474,152.5523631482081,152.215021002621
27,91.62780523300171,1.345107078552246,0.6512320041656494,0.38758620619773865,0.6957570910453796,0.5154775381088257,0.617734968662262,0.3747071325778961,0.33775362372398376,0.3844255208969116,0.2541849911212921,0.521389365196228,0.3149467408657074,0.3903060853481293,9.802000505996196,6.520102161434444,33.50279662400596,38.50580522516485,165.85559357194197,21.036236160771548,-16.875159464063863,0.05729150659122921,0.006924397736687377,0.011109292622630912,0.007629538212158022,0.0006945029519289562,0.00047696437479775975,11.368044137954712,0.33734214558709474,152.5523631482081,152.215021002621
28,91.6754584312439,1.3927602767944336,0.6511644124984741,0.38677093386650085,0.6965046525001526,0.5151322484016418,0.6138772964477539,0.37529456615448,0.3377755284309387,0.3818976581096649,0.25427383184432983,0.5225169062614441,0.3168780207633972,0.3899758756160736,11.12359103214926,5.41928477408593,33.65997830746185,37.77699348399591,165.87397095348138,27.73351159845253,-23.100598237999435,0.08188625870941763,0.041115941890532116,0.017280098257933415,0.02373472592468772,0.0008234519479297798,0.001131035599713131,11.368044137954712,0.33734214558709474,152.5523631482081,152.215021002621
29,91.7235016822815,1.4408035278320312,0.6509315371513367,0.3854103982448578,0.697323203086853,0.5150169134140015,0.6112639904022217,0.3755066990852356,0.336310476064682,0.3809090256690979,0.25417786836624146,0.5228928327560425,0.31969401240348816,0.389875203371048,11.974614365858779,3.825896034395304,33.809513833755595,37.32867611647358,165.72375295457988,17.71369162847712,-33.16571433610254,0.0545737790193893,0.05865112228504234,0.017206081403224476,0.008075673214196069,0.000826636088228454,0.0003879815955272249,11.368044137954712,0.33734214558709474,152.5523631482081,152.215021002621
30,91.7865583896637,1.5038602352142334,0.6512705683708191,0.3852539360523224,0.6988983154296875,0.5148941874504089,0.6106289625167847,0.37484169006347656,0.336275577545166,0.38101834058761597,0.2544105350971222,0.5223602652549744,0.3306928873062134,0.39143621921539307,12.049029855440743,0.14767720159387712,34.31314535393519,37.36417610315691,165.63119541986376,1.1801359866590229,-58.33192035395762,0.014582260502084771,0.1761762818851413,0.025055007040139656,0.009216670735392857,0.0015798862473891011,0.0005811729095997733,11.368044137954712,0.33734214558709474,152.5523631482081,152.215021002621
31,91.83318185806274,1.5504837036132812,0.6512272953987122,0.38460198044776917,0.6996081471443176,0.5137340426445007,0.6109943389892578,0.3732301592826843,0.3363630473613739,0.3810345530509949,0.25490814447402954,0.5218795537948608,0.3282524645328522,0.39332863688468933,11.699994003740738,0.3353039945998996,34.69563360327306,37.31889376332668,165.51578292409238,-7.486269548044466,4.0242993378385,0.035442064465454316,0.06623678081752654,0.029171412673899517,0.014839747120330381,0.0013600724369571382,0.0006918804809145849,11.368044137954712,0.33734214558709474,152.5523631482081,152.215021002621
32,91.88090252876282,1.5982043743133545,0.6513350605964661,0.3844376504421234,0.7008872628211975,0.511485755443573,0.6107731461524963,0.37122324109077454,0.33689069747924805,0.38108041882514954,0.25471773743629456,0.5214277505874634,0.32521405816078186,0.39091140031814575,11.412298956359848,1.9738595658648332,35.48747467523537,37.53653918243968,165.47744050058913,-6.0287301741642985,34.33639023146459,0.04231019328791718,0.08136194877134548,0.05420467906062739,0.010274093416082748,0.002586683639855355,0.0004902866286506754,11.368044137954712,0.33734214558709474,152.5523631482081,152.215021002621
33,91.92852091789246,1.6458227634429932,0.6518445611000061,0.38326722383499146,0.7016789317131042,0.5085058808326721,0.6110089421272278,0.3696923851966858,0.33752721548080444,0.38123413920402527,0.25528278946876526,0.5210353136062622,0.32434511184692383,0.40454062819480896,11.453342361819884,0.19290224687946336,35.973036280176686,37.55189834084631,165.27659689384546,0.8619234335772442,-37.400620884860324,0.03252754164625943,0.28679886793364007,0.06474901517030471,0.014447384538429343,0.0030832438001404472,0.0006879611788564537,11.368044137954712,0.33734214558709474,152.5523631482081,152.215021002621
34,91.97612595558167,1.6934278011322021,0.6518892645835876,0.38077640533447266,0.7045152187347412,0.505107045173645,0.612549364566803,0.36898136138916016,0.3395375609397888,0.3808974623680115,0.25628623366355896,0.5182867050170898,0.32002344727516174,0.3985292613506317,11.101082643273926,3.191097658977386,37.20863613196236,38.0392702079452,165.27279479801658,-7.399631124035568,62.98063309332382,0.03563911372070417,0.15552138840317772,0.09299027633614873,0.061465064741186445,0.004426805609712319,0.002926046723573851,11.368044137954712,0.33734214558709474,152.5523631482081,152.215021002621
35,92.02288103103638,1.740182876586914,0.6503627896308899,0.3774205148220062,0.705023467540741,0.4980863332748413,0.6122581958770752,0.3631567358970642,0.33902329206466675,0.37856441736221313,0.25709348917007446,0.5159794092178345,0.31929904222488403,0.3879828155040741,10.13870446623205,4.884849801272881,38.31667531113681,37.872495797141575,165.60944437762197,-20.583394801149662,36.22605943468327,0.12473295246407887,0.22609941528735436,0.15055231032317407,0.05228176005681651,0.007039084629041207,0.0024444376363615995,11.368044137954712,0.33734214558709474,152.5523631482081,152.215021002621
36,92.07147789001465,1.7887797355651855,0.6503615379333496,0.3766080439090729,0.7041482329368591,0.49414360523223877,0.610887885093689,0.3580982983112335,0.3389171361923218,0.3753443956375122,0.2607004642486572,0.5128098726272583,0.31278014183044434,0.387959361076355,9.841198353315672,6.996715729318476,38.67913603150457,36.967651127422386,165.45468681551682,-6.12192061732626,43.456840060174414,0.10784149270182178,0.13414329083896825,0.08310630206692927,0.09880660141066484,0.004038705241752194,0.0048016904748763595,11.368044137954712,0.33734214558709474,152.5523631482081,152.215021002621
37,92.11715888977051,1.834460735321045,0.6498960256576538,0.37621384859085083,0.7010815739631653,0.4916532635688782,0.6075842380523682,0.35543981194496155,0.33877992630004883,0.37573227286338806,0.26412057876586914,0.5111656785011292,0.2971251606941223,0.3850758671760559,10.553446151425883,14.19795819013814,37.944556408388294,36.77083588939569,165.6787892049176,15.59177342695641,157.64196272643926,0.09282799519484759,0.34846702051909634,0.08647945981143759,0.0830718829856261,0.003950468182533131,0.0037948066663851645,11.368044137954712,0.33734214558709474,152.5523631482081,152.215021002621
38,92.1650002002716,1.8823020458221436,0.6500476598739624,0.3757037818431854,0.7017013430595398,0.4905897378921509,0.6077673435211182,0.3563881814479828,0.33894017338752747,0.3759690821170807,0.2642301321029663,0.5107616782188416,0.28436222672462463,0.380694180727005,10.780907876969382,20.199286927180573,38.22404897447996,37.00374392904934,165.58112160920135,4.754504489133414,125.4423985083899,0.020189334492365853,0.2820602974048095,0.025729538640079746,0.008749565612671168,0.0012309348471300702,0.0004185906852255367,11.368044137954712,0.33734214558709474,152.5523631482081,152.215021002621
39,92.21241545677185,1.9297173023223877,0.6493713855743408,0.375825434923172,0.7021130919456482,0.4897751212120056,0.6078607439994812,0.3569210469722748,0.3388483226299286,0.3761761784553528,0.26408299803733826,0.5100334882736206,0.27951470017433167,0.3795768916606903,10.516417588433695,22.439156325337247,38.415307458288815,37.47161177934198,166.35660410778803,-5.578168464285846,47.23942383703316,0.011409601921694608,0.10491602927664428,0.019250421011786468,0.015668075132850116,0.0009127636500115447,0.000742905801289185,11.368044137954712,0.33734214558709474,152.5523631482081,152.215021002621
40,92.2604570388794,1.9777588844299316,0.6490622758865356,0.3758516013622284,0.7045577168464661,0.48919403553009033,0.6075454354286194,0.3572640120983124,0.3388473689556122,0.37714383006095886,0.26486581563949585,0.5100336074829102,0.27715829014778137,0.37968534231185913,10.24062302247359,23.717946274099422,39.39947080348929,37.88898617968477,166.9625719098018,-5.740746950063433,26.618397909950733,0.00969744140091927,0.04910130457227857,0.05230339498236103,0.016294584334919343,0.0025127378445483992,0.000782817611234327,11.368044137954712,0.33734214558709474,152.5523631482081,152.215021002621
41,92.30750250816345,2.0248043537139893,0.6466407775878906,0.3769300878047943,0.7085908651351929,0.48784542083740234,0.6078250408172607,0.357497900724411,0.33886706829071045,0.38010111451148987,0.264771431684494,0.5100497603416443,0.27705472707748413,0.3773575723171234,8.52111798699705,24.40263975216926,41.605277725104145,39.05885570224234,168.41361445447484,-36.54985403789419,14.553866471938083,0.007748488801350375,0.049528098343634454,0.09039450113621945,0.002035396402821773,0.004252651726651724,9.575617894983308e-05,11.368044137954712,0.33734214558709474,152.5523631482081,152.215021002621
42,92.35554957389832,2.0728514194488525,0.6466588973999023,0.3767825663089752,0.7119905352592468,0.4877147674560547,0.6078976392745972,0.3573562204837799,0.340954452753067,0.38246774673461914,0.26473888754844666,0.5104621052742004,0.2760481536388397,0.3762539029121399,8.112557201547615,25.955381435698584,42.62806948213784,40.18442143234959,168.34859967133886,-8.503345192898644,32.317096991890665,0.0033133645702217852,0.03108921816684724,0.07080931433389298,0.008608792192504596,0.0034021797804411526,0.0004136272043710461,11.368044137954712,0.33734214558709474,152.5523631482081,152.215021002621
43,92.40302991867065,2.1203317642211914,0.646699845790863,0.3787883520126343,0.7135531306266785,0.48810821771621704,0.6072697639465332,0.3573971390724182,0.3423236012458801,0.38411977887153625,0.2650665044784546,0.511446475982666,0.2750991880893707,0.37648090720176697,7.6677546609866205,26.996545722407873,43.27970722034288,40.79495844702519,168.77305439270447,-9.368140494635323,21.928321955148306,0.013251951919716029,0.02055037693982102,0.033937583665562265,0.021850256909649108,0.001611368173180992,0.0010374577314343192,11.368044137954712,0.33734214558709474,152.5523631482081,152.215021002621
44,92.45075273513794,2.1680545806884766,0.6469310522079468,0.3811039626598358,0.715765118598938,0.4883887469768524,0.6081427931785583,0.35744866728782654,0.3422677218914032,0.3870142698287964,0.2679653763771057,0.5134642124176025,0.2742261588573456,0.3775414526462555,6.7331965333409345,27.801360486191992,44.24493249125049,40.48949806009461,169.2232733683699,-19.583046367063066,16.86436013967939,0.018325585794393202,0.028784096153110613,0.04672200538744032,0.0740098139359026,0.0022297056880883227,0.003531956767241003,11.368044137954712,0.33734214558709474,152.5523631482081,152.215021002621
45,92.49834823608398,2.2156500816345215,0.6469122767448425,0.3838113248348236,0.7175877690315247,0.4885801076889038,0.6063299179077148,0.3602696657180786,0.3421168625354767,0.3888697326183319,0.2680828869342804,0.5148376822471619,0.2730194330215454,0.38031262159347534,6.925496881549434,28.342047663628353,45.54684190514526,40.74496368869084,169.1429561832823,4.04030516301309,11.36004804423202,0.07045391261367437,0.06350410414174189,0.038505076722989015,0.02896256131892962,0.0018326684155965558,0.0013784876146549988,11.368044137954712,0.33734214558709474,152.5523631482081,152.215021002621
46,92.54597806930542,2.263279914855957,0.6487470269203186,0.38375943899154663,0.7186662554740906,0.49081018567085266,0.6056720018386841,0.36687150597572327,0.344246506690979,0.3943271040916443,0.2690143585205078,0.5159180164337158,0.27340030670166016,0.38771143555641174,9.205069723301905,29.787065980176717,45.02361543902912,41.882256756401745,168.71528578681261,47.86018945635447,30.338513045601868,0.1392938335268055,0.15554559443366542,0.05200883082832515,0.02994867897325256,0.0024771719383949826,0.001426450584698333,11.368044137954712,0.33734214558709474,152.5523631482081,152.215021002621
47,92.59359455108643,2.310896396636963,0.6503879427909851,0.3847913146018982,0.7198149561882019,0.4944985806941986,0.6032494902610779,0.3754841685295105,0.3475210666656494,0.39700251817703247,0.27095139026641846,0.5167396068572998,0.27236995100975037,0.3957345187664032,12.0771935895406,31.926514423277013,44.535860887267845,42.48766023001749,168.20560854846002,60.317851273597896,44.93083829544329,0.18789443626948257,0.16987760312889802,0.0811300954717048,0.044187812248613456,0.0038631297129196975,0.00210406815687861,11.368044137954712,0.33734214558709474,152.5523631482081,152.215021002621
48,92.64124155044556,2.3585433959960938,0.6503836512565613,0.3848722577095032,0.7211551070213318,0.4982093572616577,0.601679801940918,0.3831643760204315,0.3484630286693573,0.3961418867111206,0.2712816894054413,0.5166947841644287,0.2726438641548157,0.40155184268951416,14.10021892784809,31.95071494959353,44.202269162247866,42.45404120839193,168.1387337330033,42.4586094721158,0.5079129146015879,0.16452187538145566,0.12222740437032839,0.08280395907477846,0.006995751330290458,0.003945360184969467,0.0003333265591509883,11.368044137954712,0.33734214558709474,152.5523631482081,152.215021002621
49,92.68889594078064,2.4061977863311768,0.6526282429695129,0.3848629593849182,0.7266075015068054,0.5025318264961243,0.6001878380775452,0.3904987871646881,0.35103145241737366,0.3955356478691101,0.2710866928100586,0.5156763195991516,0.26938673853874207,0.40263205766677856,16.29478579402109,34.50238386286202,44.79424787545958,43.14325002638189,167.55679300570458,46.05172473599707,53.545306011185275,0.15706045925261994,0.07200970517352012,0.14600749367751317,0.02176008770906248,0.0069578980955553775,0.0010369637134133055,11.368044137954712,0.33734214558709474,152.5523631482081,152.215021002621
50,92.73793911933899,2.4552409648895264,0.6546680927276611,0.3905676007270813,0.7308314442634583,0.5026935935020447,0.5984744429588318,0.3945702314376831,0.354181706905365,0.3963765501976013,0.26902440190315247,0.5099001526832581,0.24791288375854492,0.4088953733444214,16.567446215901764,48.68033240142046,47.33891302114376,45.820078434545806,166.82418965958274,5.559599314230261,289.09114285262086,0.09006924605667785,0.456100718520036,0.08619015717472416,0.12505881908280683,0.004227039268292214,0.006133281994574435,11.368044137954712,0.33734214558709474,152.5523631482081,152.215021002621
51,92.80099844932556,2.5183002948760986,0.6590147018432617,0.3924430310726166,0.7333433628082275,0.5038332343101501,0.5962409377098083,0.40410980582237244,0.3564280867576599,0.39743295311927795,0.2662917971611023,0.5078373551368713,0.23533345758914948,0.4154540002346039,20.254727240957195,57.75524366595878,47.61112367748222,47.98738237688454,166.1062949394015,58.47320334422508,143.91068326401052,0.15537037896401384,0.22497110328145478,0.04374220036769838,0.05429456615905231,0.002758353847325455,0.003423778963901459,11.368044137954712,0.33734214558709474,152.5523631482081,152.215021002621
52,92.84804129600525,2.565343141555786,0.6639866232872009,0.3938200771808624,0.7348093390464783,0.5042038559913635,0.5963464975357056,0.4143196940422058,0.3605971336364746,0.39763376116752625,0.2655533254146576,0.5068535208702087,0.22674205899238586,0.42623504996299744,24.325680207335253,66.73707072671175,47.56417097940861,49.0793662879985,165.11562834899615,86.53713058856712,190.9286468548513,0.21704540894849111,0.2930437957346478,0.03214304029242593,0.02614957725645199,0.0015121001162956107,0.0012301505536139142,11.368044137954712,0.33734214558709474,152.5523631482081,152.215021002621
53,92.89522767066956,2.6125295162200928,0.6704853177070618,0.393501341342926,0.7429832816123962,0.5051776170730591,0.6028072237968445,0.43286052346229553,0.3626711964607239,0.3979182839393616,0.2613734006881714,0.507803201675415,0.22198909521102905,0.43879613280296326,29.7198929716656,72.38615632691074,49.10121012275917,50.27829840779857,163.80991823147116,114.31716894348978,119.71857639811742,0.4160997554128008,0.2846212402741961,0.1744516360705863,0.09084086845525935,0.008231740260427957,0.004286451253760862,11.368044137954712,0.33734214558709474,152.5523631482081,152.215021002621
54,92.94227194786072,2.659573793411255,0.6718551516532898,0.3932138979434967,0.7433177828788757,0.5052274465560913,0.5999680757522583,0.437836229801178,0.3655300736427307,0.4009097218513489,0.26126909255981445,0.516158401966095,0.21941830217838287,0.44695255160331726,32.28381416563018,73.29698777477161,48.835113340697056,49.19636909213255,163.6152509620553,54.50017190286959,19.36115298699889,0.1217732795054033,0.18178549648886722,0.007188809852817143,0.1776167446250964,0.000338192363390487,0.008355851367934888,11.368044137954712,0.33734214558709474,152.5523631482081,152.215021002621
55,92.99031567573547,2.7076175212860107,0.6780298352241516,0.3931623101234436,0.7450121641159058,0.5054101943969727,0.6009545922279358,0.4466342329978943,0.3692772090435028,0.40353065729141235,0.26191970705986023,0.5206515789031982,0.21455542743206024,0.45451661944389343,36.97834013523603,78.11889296537115,48.29651726015495,48.92751601194842,162.47598771726882,97.71360752529249,100.36492595182573,0.18427252974949312,0.18717047758152658,0.03547201623383612,0.09449802188783446,0.0017042078951073447,0.0045400372482818415,11.368044137954712,0.33734214558709474,152.5523631482081,152.215021002621
56,93.03835940361023,2.7556612491607666,0.6775767803192139,0.38739290833473206,0.753648042678833,0.5058247447013855,0.6120818257331848,0.4608887732028961,0.3695562481880188,0.40497368574142456,0.2634332776069641,0.5220299959182739,0.20616430044174194,0.46739843487739563,39.676024978551695,88.54554754567431,49.829556361760396,48.685519704945776,162.6834807598799,56.150614505772715,217.02426188667502,0.3763933890820291,0.3199949383372543,0.17995736597924392,0.042610680222108135,0.008645822720164642,0.0020471759251492047,11.368044137954712,0.33734214558709474,152.5523631482081,152.215021002621
57,93.08595085144043,2.803252696990967,0.6769803762435913,0.3804355263710022,0.7566678524017334,0.5010759830474854,0.6218894124031067,0.46534091234207153,0.370658278465271,0.40465742349624634,0.2721113860607147,0.521560788154602,0.21067418158054352,0.47600874304771423,41.70407694935076,93.57538797440142,50.312337013366204,46.43800426644259,162.75044226964846,42.613790150593346,105.68790524450733,0.2263181353625384,0.20423625137725782,0.11824833444825485,0.18261230011553004,0.005627609439902185,0.008690783754101108,11.368044137954712,0.33734214558709474,152.5523631482081,152.215021002621
58,93.1339955329895,2.851297378540039,0.6762943267822266,0.38077205419540405,0.7630012631416321,0.50003582239151,0.6324541568756104,0.47626903653144836,0.3733501434326172,0.40582674741744995,0.2788321077823639,0.5250059366226196,0.2032686173915863,0.49164727330207825,43.664169905926045,104.59725748363927,53.02682633857038,44.14906283870861,162.30135324950393,40.79729313167103,229.40873274350335,0.31637060843244075,0.36015125904075995,0.13358933844147952,0.15719313783958083,0.006418257223772122,0.007552294249202083,11.368044137954712,0.33734214558709474,152.5523631482081,152.215021002621
59,93.18197870254517,2.899280548095703,0.6757978200912476,0.3810853362083435,0.7642782330513,0.49994903802871704,0.639623761177063,0.48951229453086853,0.3747570812702179,0.4065268635749817,0.286272257566452,0.5283660888671875,0.20433662831783295,0.49722594022750854,48.550589668198356,105.17913963236197,54.14109792257317,41.277653647584295,161.06541378861024,101.83611894590871,12.12679683545439,0.3138486389204803,0.11837442133243098,0.026674259066901202,0.17013731888561584,0.0012799154955788299,0.00816372781983459,11.368044137954712,0.33734214558709474,152.5523631482081,152.215021002621
60,93.22995352745056,2.9472553730010986,0.6754408478736877,0.38069504499435425,0.763494610786438,0.49374356865882874,0.6442248821258545,0.4977019727230072,0.3762068450450897,0.4062679708003998,0.28680089116096497,0.5252342224121094,0.2067100554704666,0.5193076729774475,53.985763858718144,122.69367752581326,55.46730756527104,41.83585842973762,160.7423580741571,113.29221526577201,365.0776824717814,0.1958042724197523,0.4629286072616648,0.13037569856079448,0.06620488268158659,0.00625475131037274,0.003176167654531368,11.368044137954712,0.33734214558709474,152.5523631482081,152.215021002621
61,93.28700542449951,3.004307270050049,0.6751670241355896,0.37981244921684265,0.7665846943855286,0.48738914728164673,0.6495859026908875,0.5068109631538391,0.3759908974170685,0.4050275683403015,0.2884807586669922,0.5134889483451843,0.20717602968215942,0.536356508731842,59.06758958727386,144.60674156492254,57.81482141680388,43.67007056429613,161.1282670908188,89.07373797221041,384.09001580277,0.18526108094093857,0.2989419000759553,0.12385082301994829,0.20796499381534106,0.007065924404361841,0.011864797416938402,11.368044137954712,0.33734214558709474,152.5523631482081,152.215021002621
62,93.34305667877197,3.0603585243225098,0.6748709678649902,0.3796916902065277,0.7666701078414917,0.4819156229496002,0.6506461501121521,0.5168961882591248,0.37701237201690674,0.4038505554199219,0.29130199551582336,0.5049509406089783,0.20852121710777283,0.53748619556427,64.85328640129563,151.74671494231453,59.36011411902976,44.66644038980202,161.23244412200586,103.2215405189318,127.38293674366514,0.18092018377050847,0.0313395698565792,0.09766401830023842,0.16042548155303832,0.005474190723016942,0.008992049458311342,11.368044137954712,0.33734214558709474,152.5523631482081,152.215021002621
63,93.40392875671387,3.1212306022644043,0.6736384630203247,0.37953272461891174,0.7663742303848267,0.4815487265586853,0.6503587365150452,0.5259695649147034,0.3770836293697357,0.40381115674972534,0.2917059063911438,0.5064358115196228,0.2166949361562729,0.5407921671867371,68.67937168602344,154.36710038693184,59.61346289206142,43.690776366981915,161.3500957071412,62.854520727549364,43.04741242969564,0.14913122669619822,0.14484440193344986,0.007743036700289878,0.025279670144875803,0.0004713347335269953,0.0015388260514042642,11.368044137954712,0.33734214558709474,152.5523631482081,152.215021002621
64,93.45097303390503,3.1682748794555664,0.6729151606559753,0.3793871998786926,0.7661290764808655,0.4803553819656372,0.649571418762207,0.5362879037857056,0.3765679597854614,0.4044665992259979,0.2919538915157318,0.5065675377845764,0.21885661780834198,0.5532578825950623,72.92172643095108,162.2176532190487,60.05068715668064,43.55522123564609,161.37829160206942,90.17791319630734,166.87583061838828,0.21997006129277744,0.26893294336957196,0.025896154702403203,0.00596883711321092,0.0012182658800050723,0.0002807996276627904,11.368044137954712,0.33734214558709474,152.5523631482081,152.215021002621
65,93.49726247787476,3.214564323425293,0.6710186004638672,0.37932074069976807,0.7583706378936768,0.4813818335533142,0.6456279158592224,0.5432243347167969,0.3765315115451813,0.40582606196403503,0.29364895820617676,0.5100445747375488,0.22627851366996765,0.5632878541946411,78.18643265566305,166.81394769973116,57.65810173752853,42.42297513878038,161.51742051530468,113.73448832427337,99.29465741019564,0.1723730610707839,0.2695511803936569,0.16906758446282083,0.08356567233809103,0.007826044478088759,0.0038682085074865937,11.368044137954712,0.33734214558709474,152.5523631482081,152.215021002621
66,93.5446445941925,3.261946439743042,0.6684061884880066,0.37912479043006897,0.7489269375801086,0.4820905029773712,0.6395049691200256,0.5581546425819397,0.37509995698928833,0.40579837560653687,0.29633206129074097,0.5129685997962952,0.22626160085201263,0.5716818571090698,86.77895720471997,166.27534304665593,55.19588382102795,40.41842662921578,160.81728528935918,181.34530951371238,-11.367256149203863,0.34057271073357864,0.17715586819040172,0.19986977216433854,0.08375515570323847,0.009470252793092685,0.003968496529742026,11.368044137954712,0.33734214558709474,152.5523631482081,152.215021002621
67,93.59223651885986,3.3095383644104004,0.6635414958000183,0.37913480401039124,0.7464050650596619,0.48253604769706726,0.64098060131073,0.5617668628692627,0.37170520424842834,0.4062213897705078,0.2962290942668915,0.519108235836029,0.2255067676305771,0.5792249441146851,88.2184182981108,164.1324957900209,55.5829739648582,38.20389942669475,160.2296527468241,30.2459104869551,-45.02543806774722,0.08198875789126973,0.1592867042739309,0.053810132712487226,0.1290239771792631,0.0025609277823932497,0.006140499402198458,11.368044137954712,0.33734214558709474,152.5523631482081,152.215021002621
68,93.63890314102173,3.3562049865722656,0.6620831489562988,0.3790532648563385,0.7393969297409058,0.49015483260154724,0.6408431529998779,0.5803373456001282,0.3699973225593567,0.40603455901145935,0.2959417402744293,0.5212278962135315,0.22005963325500488,0.5821643471717834,97.62691971884499,161.50208059839255,51.58128290912091,37.367693808592264,160.07419293974704,201.61093700119073,-56.36609357550314,0.397950194834919,0.13263478450657223,0.2218245809196883,0.0458368170578909,0.010351803903993194,0.002139049422743134,11.368044137954712,0.33734214558709474,152.5523631482081,152.215021002621
69,93.69953346252441,3.416835308074951,0.661006510257721,0.3788257837295532,0.7336000204086304,0.49362775683403015,0.6406036019325256,0.5931128263473511,0.36901146173477173,0.4049624800682068,0.2956167757511139,0.522510290145874,0.21379472315311432,0.5856302380561829,104.62406634155886,159.62755104612975,48.97657083094713,36.59127107624888,159.9682865029599,115.4067214109023,-30.917361244402603,0.21074812281546693,0.11808800248433023,0.11145603116881998,0.021819562844058425,0.006757615003178897,0.0013229271102833142,11.368044137954712,0.33734214558709474,152.5523631482081,152.215021002621
70,93.74715328216553,3.4644551277160645,0.6594340205192566,0.37817493081092834,0.7312105894088745,0.49435776472091675,0.6415072083473206,0.5987805724143982,0.36693960428237915,0.4009621739387512,0.2950982451438904,0.522529125213623,0.21046532690525055,0.5901020765304565,107.62874977148098,159.1861477772212,48.24114397103729,35.66189281154986,160.19982702686124,63.09732906522784,-9.269318368594837,0.12052386840923555,0.11707610348571176,0.05246676587048293,0.010896147448270959,0.0024984579279049147,0.0005188725762696397,11.368044137954712,0.33734214558709474,152.5523631482081,152.215021002621
71,93.79619884490967,3.513500690460205,0.6575098037719727,0.37657007575035095,0.7303330302238464,0.4942604899406433,0.6416968107223511,0.6082876324653625,0.3654465079307556,0.3997814357280731,0.2924553155899048,0.5250347852706909,0.21055839955806732,0.600818395614624,110.39320762971377,163.0111696175621,48.897703345112745,35.252483390096245,158.44183377066034,56.36509611795722,77.98915184835681,0.1938799349366724,0.2185054600478476,0.01800232239782042,0.07425536859819248,0.0008829340327025495,0.003641896339671939,11.368044137954712,0.33734214558709474,152.5523631482081,152.215021002621
72,93.85725545883179,3.574557304382324,0.6566489934921265,0.3737581968307495,0.7290497422218323,0.4942629039287567,0.6424598097801208,0.614533543586731,0.36223334074020386,0.39844751358032227,0.28890669345855713,0.5284856557846069,0.21598565578460693,0.6095921397209167,113.24967963887576,167.4600228820422,47.969343234271506,35.034526128356454,158.81545956776293,46.78398990166025,72.86439549620044,0.10305750727265557,0.16896893076758746,0.021018038670158185,0.08107019088222009,0.0012832902724840187,0.004949871345288215,11.368044137954712,0.33734214558709474,152.5523631482081,152.215021002621
73,93.90498280525208,3.6222846508026123,0.6558570861816406,0.3734225928783417,0.7289525270462036,0.4944257438182831,0.6427887082099915,0.623992919921875,0.35786038637161255,0.39760875701904297,0.28708505630493164,0.5299044251441956,0.23035083711147308,0.6129541397094727,115.24030388098379,173.80744590811898,47.85799610379206,34.66164509457682,159.23563342793628,41.70825305430863,132.99341996056555,0.19831591626561218,0.30911743324603325,0.003973640393389117,0.04837800839060228,0.0001896513116049322,0.0023089539655818786,11.368044137954712,0.33734214558709474,152.5523631482081,152.215021002621
74,93.95060968399048,3.6679115295410156,0.6559209823608398,0.37258487939834595,0.729220449924469,0.49516206979751587,0.6475961208343506,0.6347864866256714,0.3574126660823822,0.39712971448898315,0.2869335114955902,0.5300073027610779,0.24285617470741272,0.6178314685821533,118.81063481466677,178.70945864970534,47.51896178640915,34.34755498892558,159.41021598425155,78.25060649344613,107.4369511377605,0.25896500371636105,0.2941864426257201,0.017173103562725205,0.00401442296478553,0.000783555113818505,0.00018316558981893092,11.368044137954712,0.33734214558709474,152.5523631482081,152.215021002621
75,93.99865317344666,3.7159550189971924,0.6561734676361084,0.3715232312679291,0.7295287251472473,0.49436986446380615,0.6557573676109314,0.6352818608283997,0.35706573724746704,0.3957446813583374,0.2875593900680542,0.5299616456031799,0.24092446267604828,0.6268017292022705,121.52404912369079,178.3358176559414,46.75517980632621,33.79636709708988,161.0965087221805,56.478293723837005,-7.777141044360392,0.17018470650333792,0.19099147813402878,0.017693808315423616,0.013061950532987972,0.0008500722932416671,0.00062754168270871,11.368044137954712,0.33734214558709474,152.5523631482081,152.215021002621
76,94.04595446586609,3.763256311416626,0.656883955001831,0.3709246814250946,0.7296576499938965,0.49434852600097656,0.6625262498855591,0.639164388179779,0.35616475343704224,0.39398062229156494,0.28819844126701355,0.5251964926719666,0.2398686408996582,0.6284704804420471,124.60463181164758,177.69554128241566,46.232723963555316,33.77965915347868,161.79384902669284,65.12681853680479,-13.53612852368269,0.16497052200029153,0.04174754257848211,0.002762689622702693,0.1016423245804005,0.00013067878970759474,0.004807813317168507,11.368044137954712,0.33734214558709474,152.5523631482081,152.215021002621
77,94.09351396560669,3.8108158111572266,0.6574087142944336,0.3708295226097107,0.7301653623580933,0.4942292869091034,0.6716405749320984,0.6433280110359192,0.3558153212070465,0.3937428295612335,0.28882962465286255,0.5234239101409912,0.2388191819190979,0.6297808885574341,128.04516246796152,177.86528019579177,46.0557849931203,33.547056118031875,162.31969476287176,72.34160735666501,3.5689802100926036,0.21069004595263316,0.035299969402069704,0.010965767552550227,0.03956320087127624,0.0005215264190709988,0.0018816060415747912,11.368044137954712,0.33734214558709474,152.5523631482081,152.215021002621
78,94.13917303085327,3.8564748764038086,0.6581548452377319,0.3707958161830902,0.7312750816345215,0.49459758400917053,0.6751725077629089,0.6468772888183594,0.35481563210487366,0.39341065287590027,0.2891042232513428,0.5233017206192017,0.23813940584659576,0.6316216588020325,129.20819992155526,178.36242950997502,46.079333626628056,33.04183781643629,162.53772796789903,25.472213399743396,10.888293737473363,0.10966468624351433,0.04297672065176592,0.02560803430200501,0.006582641658136095,0.0011692389090319575,0.0003005572649637049,11.368044137954712,0.33734214558709474,152.5523631482081,152.215021002621
79,94.18786644935608,3.905168294906616,0.6585901379585266,0.3705957233905792,0.732511043548584,0.4939655065536499,0.6859604716300964,0.6446489691734314,0.35474127531051636,0.3931232690811157,0.28933918476104736,0.5231992602348328,0.23767751455307007,0.6312166452407837,131.9032705298159,178.86726680075907,46.411373071998646,32.87949028034051,162.74036538558119,55.3477387935957,10.36766992966297,0.22622557618121308,0.012615919730228718,0.02850916767072722,0.005264160008778384,0.0013882088325574335,0.00025632994637318925,11.368044137954712,0.33734214558709474,152.5523631482081,152.215021002621
80,94.23556900024414,3.9528708457946777,0.6586366295814514,0.37063267827033997,0.7325912714004517,0.49539539217948914,0.6950612664222717,0.6487736105918884,0.3533916771411896,0.3931499421596527,0.2894325256347656,0.5245489478111267,0.23721098899841309,0.6366866827011108,135.59262893179377,179.01622823115363,46.141289551200295,32.38963682654038,162.75472366069448,77.34090385722334,3.1227141446610727,0.2094616143071735,0.11508600062730315,0.03002217990368683,0.0283614043029889,0.001432134564626159,0.0013529113320202152,11.368044137954712,0.33734214558709474,152.5523631482081,152.215021002621
81,94.29804587364197,4.015347719192505,0.6587691307067871,0.3706683814525604,0.7327045202255249,0.49785691499710083,0.7052591443061829,0.6483337879180908,0.35201403498649597,0.3930482268333435,0.29019320011138916,0.5247231721878052,0.2402801811695099,0.6360141634941101,139.4938086625066,179.00595113390443,45.65069619164625,31.84166086866643,162.78591644372034,62.441980824996236,-0.1644944231405541,0.1633781820993822,0.05029075824420335,0.039440619566190195,0.012490567006893834,0.0024641265953687292,0.0007803715735567829,11.368044137954712,0.33734214558709474,152.5523631482081,152.215021002621
82,94.34474754333496,4.062049388885498,0.6588053703308105,0.3705845773220062,0.7328168749809265,0.49899575114250183,0.7096781134605408,0.6470410227775574,0.3510451912879944,0.39281564950942993,0.2905312478542328,0.5251511931419373,0.24219352006912231,0.6382531523704529,141.15923865264583,178.56747759788317,45.38732902228962,31.328460966330415,162.92454191811765,35.661037412310925,-9.388819262859224,0.09858718498474632,0.06306315904018528,0.02450372873010182,0.011678718071704302,0.0011443650453999222,0.0005454156338223243,11.368044137954712,0.33734214558709474,152.5523631482081,152.215021002621
83,94.39138174057007,4.1086835861206055,0.6584813594818115,0.37023767828941345,0.7328972220420837,0.5016302466392517,0.7137463688850403,0.6502580642700195,0.34891918301582336,0.39221227169036865,0.2905573844909668,0.5257365703582764,0.24200798571109772,0.6419156789779663,143.132230326557,179.0697369547837,44.780953475342066,30.64194623404445,163.25165363462733,42.307829680529984,10.770194121030656,0.1112172377054982,0.07863806316414786,0.056519047906905644,0.012565037050073495,0.002635720427631123,0.0005859604160595597,11.368044137954712,0.33734214558709474,152.5523631482081,152.215021002621
84,94.43896842002869,4.156270265579224,0.6583282351493835,0.37128010392189026,0.7329279780387878,0.5064000487327576,0.7125712037086487,0.6566035151481628,0.347251832485199,0.3920153081417084,0.29056212306022644,0.526515543460846,0.24247600138187408,0.6455228328704834,143.37874818405413,179.14702949451294,44.00662882673509,30.008316844157406,163.50749124752272,5.180396285298983,1.6242473862132507,0.1356125851492536,0.07643712321363152,0.10023605986135282,0.016369864926231138,0.004769901250817059,0.0007789875150254373,11.368044137954712,0.33734214558709474,152.5523631482081,152.215021002621
85,94.48664450645447,4.203946352005005,0.6572789549827576,0.3712838292121887,0.7327888607978821,0.5058078765869141,0.7123342156410217,0.6532889008522034,0.34590944647789,0.3913416564464569,0.290584921836853,0.5269978642463684,0.24298451840877533,0.6465234160423279,142.7978240295918,179.5275961486928,44.05202285022627,29.63716723055204,164.10072006435806,-12.184812093724998,7.982338373605767,0.06970109805204842,0.023541962443551993,0.012758888909457616,0.010127914384395378,0.0006082938903442432,0.00048285932150334714,11.368044137954712,0.33734214558709474,152.5523631482081,152.215021002621
86,94.53468918800354,4.251991033554077,0.6573269367218018,0.3714703917503357,0.7330191135406494,0.5058073997497559,0.7132575511932373,0.6515668034553528,0.34561705589294434,0.3913622200489044,0.2907159626483917,0.5278310179710388,0.24512510001659393,0.6468396782875061,142.88002848510018,179.04645428872632,44.15997475739025,29.39522252593308,164.06152200175774,1.7110001119359386,-10.014466626759466,0.040670751464403784,0.04503763256048002,0.004792481271410964,0.017554409332633802,0.00023025323651483276,0.0008433960061684533,11.368044137954712,0.33734214558709474,152.5523631482081,152.215021002621
87,94.58187937736511,4.299181222915649,0.657336950302124,0.3720039129257202,0.7330603003501892,0.5064724087715149,0.7137528657913208,0.6542264223098755,0.3444488048553467,0.391215443611145,0.29123225808143616,0.5287026166915894,0.24613729119300842,0.6484996676445007,143.16998088212657,179.46804040046507,44.11323704874934,28.848571305354607,164.10159978926868,6.144336374765552,8.933766052696791,0.057328615515724095,0.041200233192152,0.014119104973078722,0.02146712431797724,0.0006662832372955015,0.0010130376616137588,11.368044137954712,0.33734214558709474,152.5523631482081,152.215021002621
88,94.62964272499084,4.346944570541382,0.657569408416748,0.372435986995697,0.7330909371376038,0.5066072940826416,0.7131831645965576,0.6539645791053772,0.3440608084201813,0.3912963271141052,0.2916274964809418,0.529457151889801,0.24686715006828308,0.649609386920929,142.93197506991166,179.6496687489567,44.097372192573246,28.5185778995179,164.15609044759213,-4.983022004234117,3.802672080584875,0.013127092274583065,0.027808371906855128,0.002895962393605592,0.017833432900831836,0.00013832085851683202,0.0008517844550026047,11.368044137954712,0.33734214558709474,152.5523631482081,152.215021002621
89,94.6922607421875,4.409562587738037,0.657697319984436,0.3724435865879059,0.7330639958381653,0.5061290860176086,0.714172899723053,0.6501696109771729,0.34391871094703674,0.3913312256336212,0.29180967807769775,0.530150830745697,0.24672292172908783,0.6498538851737976,143.1156215758296,179.93560892620604,44.030055409725215,28.361345517198945,164.42991934986117,2.9328061497251987,4.566420178258269,0.06263225363538796,0.0045333325570525995,0.00764901852666358,0.011453624266565196,0.00047896637364015483,0.0007172032412878076,11.368044137954712,0.33734214558709474,152.5523631482081,152.215021002621
90,94.7393090724945,4.456610918045044,0.658743679523468,0.37247368693351746,0.7327435612678528,0.5059977173805237,0.715156078338623,0.6468894481658936,0.3439536690711975,0.3914434611797333,0.2918757200241089,0.5307243466377258,0.24663421511650085,0.6492787003517151,143.88908320504768,179.61372302866144,43.724112924142624,28.28625585688378,164.43050750236526,16.43972536689332,-6.84160086966287,0.07278346619033514,0.012369937729791683,0.007360895021041434,0.012270484893858171,0.0003463178203051594,0.000577305826313377,11.368044137954712,0.33734214558709474,152.5523631482081,152.215021002621
91,94.78746891021729,4.504770755767822,0.659200131893158,0.37247416377067566,0.7322062849998474,0.5058597922325134,0.7150080800056458,0.6462540030479431,0.34397315979003906,0.3914533257484436,0.2921261489391327,0.5308656096458435,0.24680224061012268,0.6489107012748718,144.32282141904244,179.3955147446178,43.512642157927054,28.180798952507978,164.5025602518613,9.006222497913676,-4.5309181750094245,0.013547643252127607,0.008400029308440048,0.011517840638043763,0.0059701966436578385,0.0005546973360450091,0.0002875237015316373,11.368044137954712,0.33734214558709474,152.5523631482081,152.215021002621
92,94.83451652526855,4.551818370819092,0.6591998934745789,0.372478187084198,0.7312827706336975,0.5058547854423523,0.7151248455047607,0.6458886861801147,0.34393051266670227,0.39139577746391296,0.29259681701660156,0.5308495759963989,0.24711820483207703,0.6485153436660767,145.0291511314728,179.07708042990893,43.28421853697511,27.995122832822315,164.54982313524044,15.013082207474966,-6.768341272174098,0.008151824861158546,0.01075726733010843,0.019629644076191943,0.010009882471609145,0.0009235279380901118,0.0004709410972327175,11.368044137954712,0.33734214558709474,152.5523631482081,152.215021002621
93,94.8837251663208,4.601027011871338,0.6591148972511292,0.37273454666137695,0.7310344576835632,0.5060097575187683,0.7154479622840881,0.645783543586731,0.34384819865226746,0.3913530707359314,0.2933541536331177,0.5308363437652588,0.24850644171237946,0.6482670307159424,145.28438706562116,178.99840170211846,43.30537560336268,27.676854411668657,164.7572141418214,5.1868112731945395,-1.5988803207741455,0.006905153071602502,0.0286589872621613,0.00594822478161667,0.015392666585980826,0.0002927040581766496,0.0007574522048664328,11.368044137954712,0.33734214558709474,152.5523631482081,152.215021002621
94,94.94678258895874,4.664084434509277,0.6591209769248962,0.3728071451187134,0.7309993505477905,0.5062351822853088,0.7159250378608704,0.6458534598350525,0.34380924701690674,0.39130353927612305,0.2947288155555725,0.5308265089988708,0.25108543038368225,0.6481282711029053,145.5261810570178,178.97224180024602,43.319210092943486,27.15079247569577,164.9650668889623,3.8345048256246774,-0.41485840648192074,0.007646546803745857,0.04095820553426421,0.0036180061146087374,0.021800718218587332,0.00022814214067553237,0.001374697102520088,11.368044137954712,0.33734214558709474,152.5523631482081,152.215021002621
95,94.99382996559143,4.711131811141968,0.6590627431869507,0.37260809540748596,0.7307021021842957,0.5062008500099182,0.7169697880744934,0.6460272669792175,0.34335315227508545,0.3905991017818451,0.29564815759658813,0.5307161808013916,0.25268104672431946,0.6480082273483276,146.18846854320694,178.68283452153668,43.37185523342337,26.595569936626138,165.1005659437443,14.077033271371798,-6.151400979672389,0.022511542690554814,0.03401094253429741,0.006360067452786961,0.019680980384029753,0.00029922448886058424,0.0009259384966280401,11.368044137954712,0.33734214558709474,152.5523631482081,152.215021002621
96,95.04287791252136,4.760179758071899,0.6583000421524048,0.3721068501472473,0.7303590178489685,0.5057055354118347,0.7173964381217957,0.6457899212837219,0.343114972114563,0.390013188123703,0.2960716784000397,0.5306060314178467,0.2536991834640503,0.6479036211967468,146.37219981407065,178.63887174661787,43.477173140217104,26.328081980852033,165.31761776504212,3.745952325510991,-0.8963224287779945,0.009954026867856033,0.02086726270265447,0.012284527221686324,0.008922091707220345,0.0006025308392285714,0.00043761028055972666,11.368044137954712,0.33734214558709474,152.5523631482081,152.215021002621
97,95.10514640808105,4.822448253631592,0.6582799553871155,0.37198343873023987,0.7302079200744629,0.5056813359260559,0.7182888984680176,0.645532488822937,0.3428022265434265,0.38980433344841003,0.29638800024986267,0.5305627584457397,0.25470489263534546,0.6478307843208313,146.84890237782116,178.68181639723556,43.5120732991131,26.13459075311213,165.51555259131456,7.655597898515571,0.6896689928301016,0.014916806565248339,0.016193474079142765,0.0024574766301851776,0.005127279983887095,0.00015302337263473352,0.0003192680109099732,11.368044137954712,0.33734214558709474,152.5523631482081,152.215021002621
98,95.15318989753723,4.8704917430877686,0.6582319736480713,0.37182924151420593,0.7300620079040527,0.5053182244300842,0.7200915813446045,0.6414368152618408,0.3421666622161865,0.38919514417648315,0.2963947355747223,0.5304076671600342,0.25503024458885193,0.647777795791626,147.5261095027946,178.54545390473348,43.69355340543821,25.904126435394396,165.25202654772454,14.095710628828682,-2.838313662176252,0.0931414779588264,0.006861256578805661,0.008145359031070814,0.0032311863659229946,0.0003913314707260248,0.0001552374681021635,11.368044137954712,0.33734214558709474,152.5523631482081,152.215021002621
99,95.20023393630981,4.917535781860352,0.6581657528877258,0.37181612849235535,0.7300260066986084,0.505309522151947,0.722129762172699,0.6386595368385315,0.3414311707019806,0.388683944940567,0.2964065372943878,0.5303024649620056,0.2559584975242615,0.6477695107460022,148.31738729748918,178.63658006423526,43.7327266675764,25.68341878362657,165.68653716824886,16.819937559351672,1.9370394608825798,0.07322750304091682,0.019732359989521685,0.0007873057115690838,0.0022502764916976564,3.703804042093203e-05,0.0001058620945244566,11.368044137954712,0.33734214558709474,152.5523631482081,152.215021002621
100,95.24827766418457,4.965579509735107,0.6580836176872253,0.37181583046913147,0.7299807667732239,0.5053926706314087,0.7228013873100281,0.6385594606399536,0.34047219157218933,0.38828447461128235,0.2964211106300354,0.5302085280418396,0.25683510303497314,0.6478441953659058,148.62285379342634,178.64476401589283,43.950269384847374,25.319407640934283,165.95555145790797,6.35809312577662,0.17034381009953695,0.01413379463657849,0.018312093369927708,0.0019702669541941677,0.0019786276731389597,9.465896938792867e-05,9.506064949374956e-05,11.368044137954712,0.33734214558709474,152.5523631482081,152.215021002621
101,95.29564070701599,5.012942552566528,0.6579442024230957,0.37180882692337036,0.7299080491065979,0.5053849816322327,0.7234570980072021,0.6376648545265198,0.3398899435997009,0.3880600929260254,0.2964135408401489,0.5301855206489563,0.25737398862838745,0.6479731202125549,148.89457832292447,178.671683295901,43.97645653195344,25.18269140585253,166.49235239019657,5.737058120722474,0.5683604430565463,0.02341864638984965,0.011698851869772535,0.001543884026172529,0.0005113837500510649,7.312304525835603e-05,2.4220690456961227e-05,11.368044137954712,0.33734214558709474,152.5523631482081,152.215021002621
102,95.34330129623413,5.060603141784668,0.6579393148422241,0.37181246280670166,0.7299720644950867,0.5054149627685547,0.7234959006309509,0.637766420841217,0.3393287658691406,0.3876599967479706,0.2962607443332672,0.529981791973114,0.2576581835746765,0.6481914520263672,148.86701600547266,178.75137534509176,44.1436169141737,25.014161858536667,166.4201362081763,-0.5783041692090543,1.6720743595092482,0.0022812575150849964,0.007519400468418703,0.0014831608369108619,0.005343216459983092,7.06883193924408e-05,0.00025466084480285645,11.368044137954712,0.33734214558709474,152.5523631482081,152.215021002621
103,95.3909797668457,5.10828161239624,0.6577786207199097,0.3718813359737396,0.7299551963806152,0.5054864287376404,0.7234508395195007,0.6378565430641174,0.3390767276287079,0.3874284625053406,0.2961803078651428,0.529847264289856,0.2579895555973053,0.6482670307159424,148.80793423961646,178.88757896369248,44.34570214022529,24.913171521560916,166.47224916311654,-1.239170743070478,2.856711149783793,0.0021133167035746947,0.007128619576291797,0.0015401014307608466,0.0032874574248416026,7.342968080537142e-05,0.00015674094221710538,11.368044137954712,0.33734214558709474,152.5523631482081,152.215021002621
104,95.43762016296387,5.154922008514404,0.6577585339546204,0.37197330594062805,0.7299516201019287,0.506147563457489,0.723405122756958,0.6403353810310364,0.3386264741420746,0.38724514842033386,0.2960124611854553,0.5298365354537964,0.25848960876464844,0.6485395431518555,148.92429732798433,179.09687787629537,44.3057023015717,24.820970529292413,166.72208237175266,2.494899230123795,4.487502894971735,0.05315691354352748,0.012210180659603673,0.01417535971804713,0.0036060848574416223,0.0006611443923671847,0.00016818922618679045,11.368044137954712,0.33734214558709474,152.5523631482081,152.215021002621
105,95.48566365242004,5.202965497970581,0.6576971411705017,0.3719758689403534,0.7300392389297485,0.506308913230896,0.7233781814575195,0.6418320536613464,0.33816638588905334,0.38716235756874084,0.2958737909793854,0.5298206806182861,0.2590256333351135,0.648837685585022,148.88243155361118,179.31028218380496,44.354386140761825,24.705778209970223,166.87443288374436,-0.8714141051585831,4.441898578250652,0.0311575014645867,0.012766779168069406,0.0038216423429793113,0.00290515207625566,0.00018360503361020518,0.00013957364314417882,11.368044137954712,0.33734214558709474,152.5523631482081,152.215021002621
106,95.53370714187622,5.251008987426758,0.6575174927711487,0.37197524309158325,0.7301518321037292,0.5064211487770081,0.7233246564865112,0.6431313753128052,0.3377726376056671,0.3871617019176483,0.2955971360206604,0.5298916697502136,0.2596748471260071,0.6489591598510742,148.76096458131406,179.67356726942498,44.389690756944745,24.664373353261237,167.13374356829993,-2.5282712324200562,7.561588255395021,0.027067635332241775,0.01374755554573298,0.00330904593957352,0.005944980684266893,0.00015897811370790493,0.00028561761682175096,11.368044137954712,0.33734214558709474,152.5523631482081,152.215021002621
107,95.58075022697449,5.298052072525024,0.6573858857154846,0.3721269369125366,0.7301938533782959,0.5069128274917603,0.7232906818389893,0.6441237330436707,0.3374151587486267,0.38730576634407043,0.2951359450817108,0.530157744884491,0.2600574493408203,0.6492596864700317,148.74303127343907,179.92409757533426,44.42435010362544,24.66938332047509,167.19807972847073,-0.3812102849446044,5.325550086393269,0.021107015864711007,0.010341986801375809,0.010489769511265103,0.011318149342121775,0.0004934711197796467,0.0005324406626563248,11.368044137954712,0.33734214558709474,152.5523631482081,152.215021002621
108,95.62819838523865,5.345500230789185,0.6576265096664429,0.37218043208122253,0.7304758429527283,0.5075609087944031,0.7228010296821594,0.646719753742218,0.33740636706352234,0.3874182403087616,0.29485413432121277,0.5303278565406799,0.26075512170791626,0.6496140956878662,148.55819684762955,179.37181751874957,44.387326658937724,24.66091432330264,167.28764938486802,-3.8955026405975572,-11.639652133808015,0.05567751104481874,0.016492307835989477,0.014895680180801424,0.006937542878328655,0.0007067725906709797,0.0003291736324553352,11.368044137954712,0.33734214558709474,152.5523631482081,152.215021002621
109,95.67589950561523,5.3932013511657715,0.6577737331390381,0.37226608395576477,0.7305589318275452,0.5078235864639282,0.7227686047554016,0.6466871500015259,0.33743157982826233,0.38747748732566833,0.294399231672287,0.5307298302650452,0.26074621081352234,0.6496022343635559,148.5562523510463,179.0868988480748,44.258433955089146,24.81696841953879,167.80494687334638,-0.040764170063169784,-5.972997456357487,0.0009639686699872481,0.00031101158121478494,0.005775662457784422,0.012726281817617204,0.00027550557015330857,0.0006070579009285276,11.368044137954712,0.33734214558709474,152.5523631482081,152.215021002621
110,95.72251558303833,5.439817428588867,0.6576533913612366,0.3722691833972931,0.7310081124305725,0.5083025693893433,0.7224971652030945,0.6481935381889343,0.3371337950229645,0.3875182867050171,0.2933533489704132,0.5309402942657471,0.26074305176734924,0.6506698131561279,148.18307692648355,178.26074075301617,44.30161470406288,25.12905405549465,168.3029778668581,-8.005294421831211,-17.72260002831832,0.03283520568857359,0.02290161518310881,0.014086319496022744,0.022885848806730984,0.0006566489602330587,0.001066848499867834,11.368044137954712,0.33734214558709474,152.5523631482081,152.215021002621
111,95.77055859565735,5.487860441207886,0.657217800617218,0.37222710251808167,0.7312177419662476,0.50846928358078,0.7224745750427246,0.6480848789215088,0.3370143175125122,0.38748782873153687,0.29222163558006287,0.5307454466819763,0.25960010290145874,0.6505257487297058,147.90804030445835,177.87170002414715,44.37815955389971,25.520657877535385,168.60132235133503,-5.724799654139928,-8.097758813630522,0.0023100687926320552,0.0239783563736031,0.005575000306192666,0.023902838940831245,0.00026783981006144655,0.0011483643928647236,11.368044137954712,0.33734214558709474,152.5523631482081,152.215021002621
112,95.81779646873474,5.535098314285278,0.6572543382644653,0.3730913996696472,0.7315034866333008,0.5111673474311829,0.7224532961845398,0.6518852114677429,0.33701035380363464,0.3883862793445587,0.29139310121536255,0.5307408571243286,0.25903406739234924,0.6504232287406921,148.05136440657677,177.36160276795061,44.06423106745109,25.912152242733114,169.66697902471628,3.0340930440199285,-10.798480603917294,0.08045222764228852,0.01217761793222848,0.05743596619052643,0.01753988954736019,0.002713152880985499,0.0008285470762296854,11.368044137954712,0.33734214558709474,152.5523631482081,152.215021002621
113,95.86683940887451,5.584141254425049,0.6572616696357727,0.3738192915916443,0.7315239310264587,0.5137616991996765,0.7208526730537415,0.6588184237480164,0.337086021900177,0.3889084756374359,0.28930696845054626,0.5306674838066101,0.25784802436828613,0.6504630446434021,147.83931276094935,176.0878544560521,43.889642759473546,26.64130845627501,169.8245936425117,-4.323795535566845,-25.972103390791442,0.14508869858501355,0.024197390078555633,0.052901239491536745,0.04256316404950756,0.0025944323217031,0.0020874227066392313,11.368044137954712,0.33734214558709474,152.5523631482081,152.215021002621
114,95.91588425636292,5.633186101913452,0.6572816371917725,0.374266117811203,0.7316904664039612,0.5157433152198792,0.7194629311561584,0.6618582606315613,0.3370817303657532,0.3892143964767456,0.28795668482780457,0.5306161642074585,0.2568804919719696,0.6520872712135315,147.47460907400017,175.19232511571204,43.772090143453305,27.151899120398845,169.88361848672352,-7.436126435818127,-18.25939698460292,0.06815094726890092,0.03854765056939693,0.04054659442292081,0.027551487669598394,0.0019886015396462955,0.0013512585108340779,11.368044137954712,0.33734214558709474,152.5523631482081,152.215021002621
115,95.98194694519043,5.699248790740967,0.6574323773384094,0.376062273979187,0.7318974137306213,0.5171610116958618,0.7177703976631165,0.6621753573417664,0.33703917264938354,0.38989123702049255,0.28458717465400696,0.5308161377906799,0.25652188062667847,0.6520811915397644,146.61300567032694,172.61579316486666,43.91207653496808,28.299030104249816,169.83218695359295,-13.042209134460434,-39.001318241413614,0.026065869139155498,0.005429129262804497,0.021687300122781215,0.05109448359831487,0.0014327213595202158,0.003375438970758026,11.368044137954712,0.33734214558709474,152.5523631482081,152.215021002621
116,96.04129028320312,5.758592128753662,0.6579384207725525,0.377447247505188,0.7324668765068054,0.5185083150863647,0.7161723971366882,0.6627642512321472,0.3370514512062073,0.39054685831069946,0.2810128927230835,0.5310660004615784,0.25577878952026367,0.6518073678016663,145.70608590428856,170.06256301532238,44.05503392239635,29.59645185813933,169.928824566584,-15.282587673857641,-43.024714063069126,0.02869836163117521,0.013344998556007435,0.024648223499935933,0.06037753890165587,0.001462707858569158,0.0035830046994156247,11.368044137954712,0.33734214558709474,152.5523631482081,152.215021002621
117,96.08933353424072,5.80663537979126,0.6583231091499329,0.3786086142063141,0.7336646914482117,0.5198400020599365,0.7160052061080933,0.6642575860023499,0.33705222606658936,0.3912421464920044,0.27971431612968445,0.5325076580047607,0.2550630271434784,0.6519984006881714,144.9502139727916,169.56512864743243,44.29800140433876,29.91490844309078,170.28120824015534,-15.733155337581659,-10.353886490751213,0.03127733432748815,0.015419786494641605,0.037281639366841056,0.04038606215597557,0.0017911311591943281,0.001940277722579557,11.368044137954712,0.33734214558709474,152.5523631482081,152.215021002621
118,96.13747024536133,5.854772090911865,0.6593198180198669,0.37918952107429504,0.7344614863395691,0.521096408367157,0.7153018116950989,0.6654180288314819,0.337245374917984,0.3922557234764099,0.27920207381248474,0.5336332321166992,0.2515548765659332,0.6531469821929932,144.53597439200317,170.7042883142523,44.19770675744091,30.092243012253903,170.36683192240343,-8.60548157830236,23.66509136791097,0.02819010051457969,0.07668554600267577,0.030907035822134145,0.02569042249738281,0.0014877630549642762,0.00123665244632282,11.368044137954712,0.33734214558709474,152.5523631482081,152.215021002621
119,96.18519186973572,5.902493715286255,0.6596211194992065,0.379389226436615,0.7347344160079956,0.5219382643699646,0.7136157155036926,0.6672037839889526,0.3375958800315857,0.3926682472229004,0.2780214250087738,0.5342598557472229,0.247564896941185,0.6540234684944153,143.942220030215,171.44932487733232,44.14675115913678,30.530743683044747,170.4385597490265,-12.442040051486943,15.612137534024365,0.05146473668059665,0.0856030192947324,0.01854489955633099,0.02800896637228659,0.0008849927306880127,0.0013366333723331717,11.368044137954712,0.33734214558709474,152.5523631482081,152.215021002621
120,96.24664950370789,5.963951349258423,0.6596269011497498,0.37954840064048767,0.7350031137466431,0.5223466753959656,0.7130306959152222,0.6683130860328674,0.3377668559551239,0.39299073815345764,0.2765656113624573,0.5347464084625244,0.24601055681705475,0.6567820310592651,143.6121243130347,170.7049635188469,44.15288653066806,31.015630684320996,170.68497642536536,-5.371110077712622,-12.111780268379706,0.020406135581012168,0.05152051913043486,0.007954654730403183,0.024976035551384154,0.0004888742587960933,0.0015349680509928218,11.368044137954712,0.33734214558709474,152.5523631482081,152.215021002621
121,96.29425692558289,6.011558771133423,0.6595975756645203,0.3796347677707672,0.735044538974762,0.5227223634719849,0.7134047150611877,0.6695994734764099,0.338051438331604,0.3935686945915222,0.2758244276046753,0.534858763217926,0.24529360234737396,0.6592697501182556,143.81704394777256,170.01841397686556,44.03441305053739,31.360885316229776,170.85496900339294,4.304363199416548,-14.421061148490303,0.028139683489969387,0.05438166367396716,0.007939204359157667,0.01574652001624439,0.0003779650512782581,0.0007496512214764786,11.368044137954712,0.33734214558709474,152.5523631482081,152.215021002621
122,96.34197115898132,6.05927300453186,0.6592998504638672,0.37981924414634705,0.7351007461547852,0.5228900909423828,0.7134870290756226,0.6693869233131409,0.33786794543266296,0.39413982629776,0.2746015787124634,0.5353492498397827,0.24471166729927063,0.6600434184074402,143.69203684570778,169.3458766568211,44.0918414654982,31.774463998650997,171.20936325719572,-2.619912197287419,-14.095108988306174,0.004777031121074325,0.020289471892331244,0.0037073789958868733,0.02761334199303226,0.00017689474670621114,0.0013175494447664165,11.368044137954712,0.33734214558709474,152.5523631482081,152.215021002621
123,96.40352249145508,6.120824337005615,0.6592997312545776,0.38023531436920166,0.73512202501297,0.5233350992202759,0.7135007381439209,0.6694318056106567,0.3375086188316345,0.3948988616466522,0.2745320200920105,0.5353891849517822,0.24505621194839478,0.6592226624488831,143.66457823679306,169.24391695225978,44.113872145519075,31.859467588789077,171.18008037394182,-0.44610908994410003,-1.6564987379403828,0.0007624416557462297,0.014461769807465465,0.0072381329963715916,0.0013030964715390243,0.00044551673054892346,8.020732416507536e-05,11.368044137954712,0.33734214558709474,152.5523631482081,152.215021002621
124,96.45056533813477,6.167867183685303,0.659292995929718,0.3814832866191864,0.7356019020080566,0.5232496857643127,0.7135154604911804,0.6677849292755127,0.33730170130729675,0.3957238793373108,0.2742915451526642,0.5350474119186401,0.24435260891914368,0.6558659672737122,143.0194936265156,169.58235722521977,44.48527803582077,32.09728916434614,171.2877187541467,-13.712703541726565,7.194298322642107,0.035009406439309484,0.0729046921674863,0.010361173791217588,0.008883304321630276,0.00048741911008184544,0.00041789592321145845,11.368044137954712,0.33734214558709474,152.5523631482081,152.215021002621
125,96.49961042404175,6.216912269592285,0.6592774987220764,0.38288620114326477,0.7363570928573608,0.5235298275947571,0.7135106325149536,0.6662176847457886,0.3370935320854187,0.3963935673236847,0.27379879355430603,0.5352256894111633,0.2441703826189041,0.653552770614624,142.1784020862949,169.54885362081353,44.72993092057373,32.47499522526016,171.93281996354628,-17.149354000845136,-0.6831184773491258,0.03195533124545136,0.04731081860843193,0.016423188051146002,0.010684260988022337,0.0008054766688349829,0.0005240104980101764,11.368044137954712,0.33734214558709474,152.5523631482081,152.215021002621
126,96.56266665458679,6.279968500137329,0.6592949628829956,0.383975088596344,0.7366446852684021,0.5239335894584656,0.712074339389801,0.6652734875679016,0.33724483847618103,0.39643436670303345,0.271818071603775,0.5335140228271484,0.23820190131664276,0.6436309218406677,141.21057299805597,171.46154895041195,44.8121909037717,33.710861569212,172.49709473531857,-15.348667052775678,30.333169507049668,0.02725900764370397,0.183624692325205,0.007861470138087837,0.04151588718951012,0.0004957146734502451,0.0026178353539037867,11.368044137954712,0.33734214558709474,152.5523631482081,152.215021002621
127,96.62572407722473,6.3430259227752686,0.658510684967041,0.383908748626709,0.7371537089347839,0.5237981081008911,0.7109127044677734,0.6637496948242188,0.33746570348739624,0.39551371335983276,0.2699676752090454,0.5299829840660095,0.23280392587184906,0.6425192356109619,140.0364810519647,171.62042381459298,45.15994126051096,35.087786215377626,172.66070764375706,-18.61940905565741,2.5195267667892334,0.030386178752364518,0.0874006520283377,0.008353417794782683,0.0632201928644533,0.0005267449963568957,0.003986502420705876,11.368044137954712,0.33734214558709474,152.5523631482081,152.215021002621
128,96.6877806186676,6.40508246421814,0.6584251523017883,0.38386720418930054,0.7375918626785278,0.5237816572189331,0.7080703973770142,0.6634373068809509,0.3376101851463318,0.39523106813430786,0.2693423330783844,0.5294731855392456,0.23134076595306396,0.6430662870407104,138.56195235002141,171.54192760201917,45.33476879625378,35.37488768868219,172.73135463896122,-23.76105189975384,-1.2649143949808035,0.0460776933784049,0.025171925741530918,0.007065531795204584,0.013001257305346707,0.00043846246666503667,0.0008068130627786785,11.368044137954712,0.33734214558709474,152.5523631482081,152.215021002621
129,96.73582434654236,6.4531261920928955,0.6583951115608215,0.38383379578590393,0.7388139367103577,0.5237423181533813,0.7063231468200684,0.6628753542900085,0.3376401364803314,0.395099937915802,0.2652192711830139,0.527416467666626,0.22463589906692505,0.6414312124252319,136.96555547922864,170.89987810613093,45.718426984297245,37.17266540209494,172.73418755737896,-33.22799752247339,-13.363856725730965,0.03820259573602892,0.14364737903974772,0.025449878523648863,0.09590373351641694,0.0012227070382357793,0.0046075728752358385,11.368044137954712,0.33734214558709474,152.5523631482081,152.215021002621
130,96.78386759757996,6.501169443130493,0.6575294733047485,0.38309699296951294,0.7402231097221375,0.5223472118377686,0.7056994438171387,0.6596448421478271,0.337915301322937,0.39432817697525024,0.2613334059715271,0.5263897776603699,0.221279576420784,0.6415393948554993,135.18159571452287,169.07055991227313,46.40061952268629,38.62582273694407,172.75343051551576,-37.132369816307396,-38.07648638153598,0.06848348615598165,0.06989672039763217,0.04127426501612368,0.08365813910257056,0.001982949875561965,0.004019208978243062,11.368044137954712,0.33734214558709474,152.5523631482081,152.215021002621
131,96.83191108703613,6.54921293258667,0.6573324799537659,0.3829592168331146,0.7418752312660217,0.5201799273490906,0.7042293548583984,0.6571940779685974,0.33808544278144836,0.39401426911354065,0.25939351320266724,0.5256804823875427,0.22145213186740875,0.6418505907058716,132.99903795114392,167.22196902235257,47.29834265073797,39.40928043879992,172.682040851095,-45.42879353860816,-38.47744847107254,0.05948501088429834,0.0074065096344417625,0.0567232729601948,0.04299226486632171,0.002725183966382955,0.0020654984238022856,11.368044137954712,0.33734214558709474,152.5523631482081,152.215021002621
132,96.87995481491089,6.597256660461426,0.6573306918144226,0.3828853666782379,0.7439192533493042,0.5187129974365234,0.7040717005729675,0.6557942628860474,0.33788102865219116,0.39325854182243347,0.2570350766181946,0.5252417922019958,0.21640998125076294,0.6409675478935242,131.27456707576877,167.85400368493595,48.13018829813398,40.093129930241325,172.50883100825067,-35.89377743273028,13.15540426486089,0.02932047704211851,0.10654650375523794,0.052367526000438855,0.0499313831666834,0.0025159311686392865,0.0023988897852703027,11.368044137954712,0.33734214558709474,152.5523631482081,152.215021002621
133,96.92900228500366,6.646304130554199,0.6572491526603699,0.38287368416786194,0.7456785440444946,0.517432689666748,0.7008140087127686,0.650104820728302,0.33790943026542664,0.39270973205566406,0.2549491226673126,0.5243935585021973,0.2098611444234848,0.6400367021560669,128.00438174759913,169.08948727180015,48.55747102903482,40.81480705990442,173.29891203071895,-66.67388393293437,25.189547687725476,0.1336682482367271,0.13486242600075946,0.044361977494788915,0.04591108235087746,0.0021758427644319477,0.0022518224385315207,11.368044137954712,0.33734214558709474,152.5523631482081,152.215021002621
134,96.97704267501831,6.694344520568848,0.6565364599227905,0.38174912333488464,0.7479090094566345,0.5131871700286865,0.6975036263465881,0.6455379128456116,0.33864670991897583,0.3922996520996094,0.2539367377758026,0.5225239992141724,0.20746470987796783,0.6376873850822449,124.34472296454337,168.93191323673145,49.59235681799247,41.80846822458371,174.14942068065102,-76.1787900127343,-3.2800323856791804,0.11741169118254266,0.06985618848133866,0.09982788061184508,0.044255892626087395,0.004795770318928799,0.0021260703422036425,11.368044137954712,0.33734214558709474,152.5523631482081,152.215021002621
135,97.02508354187012,6.742385387420654,0.655571699142456,0.3802746832370758,0.7494528293609619,0.509844183921814,0.6932709217071533,0.643761396408081,0.3392218053340912,0.391909658908844,0.2527276277542114,0.5206030011177063,0.20491564273834229,0.6367191076278687,121.3149703261166,168.47505343739928,50.564359346825526,42.79634272552779,174.23811107045287,-63.06615256907741,-9.509815897815836,0.09555204241720863,0.056759497847162554,0.0766482017510479,0.04724813921789068,0.0036822460547525047,0.0022698415651623096,11.368044137954712,0.33734214558709474,152.5523631482081,152.215021002621
136,97.07152819633484,6.788830041885376,0.6549109220504761,0.3794766664505005,0.7502129077911377,0.5075161457061768,0.6902328133583069,0.6370822191238403,0.33986181020736694,0.3914673924446106,0.25032544136047363,0.5181330442428589,0.200137659907341,0.6356039047241211,118.49819592306909,167.878507627005,51.23015702785644,44.208383501859466,174.30981570101056,-60.64797844899594,-12.844229702417056,0.15798755776149312,0.10563979375332769,0.052728899797898784,0.07418418444422314,0.002448975531418342,0.0034454588132591247,11.368044137954712,0.33734214558709474,152.5523631482081,152.215021002621
137,97.11928725242615,6.836589097976685,0.6548647880554199,0.37874355912208557,0.7504583597183228,0.506526529788971,0.6850242018699646,0.634393572807312,0.34104466438293457,0.39037373661994934,0.24936871230602264,0.516589343547821,0.19264814257621765,0.6297003626823425,116.0996306243932,170.63934504038312,51.36572766894611,44.811824301399675,174.20477109743362,-50.22220904220074,57.807620990242775,0.1227329190953138,0.1996792382207885,0.021348852737740585,0.03802700560350467,0.0010196010553868396,0.0018161338936022859,11.368044137954712,0.33734214558709474,152.5523631482081,152.215021002621
138,97.16584825515747,6.883150100708008,0.654880166053772,0.3779686391353607,0.7505123019218445,0.5031076073646545,0.6809083223342896,0.6264752149581909,0.3418029844760895,0.38987866044044495,0.2474782019853592,0.515179455280304,0.19130544364452362,0.6266591548919678,113.18098421192306,169.7708211968443,51.95014767701645,45.74110391492506,174.09837738870888,-62.684354744505136,-18.653460891952037,0.19166624446181924,0.07139929013844491,0.07343802184306433,0.05065075386603142,0.003419347935617894,0.00235834988909987,11.368044137954712,0.33734214558709474,152.5523631482081,152.215021002621
139,97.21355700492859,6.930858850479126,0.654879629611969,0.3771539032459259,0.7504881620407104,0.5005798935890198,0.6756663918495178,0.6182678937911987,0.3429034650325775,0.3897363543510437,0.24686822295188904,0.5115165114402771,0.19039426743984222,0.6139059662818909,109.79111233719848,170.62024247335248,52.2905974863189,46.87217586026206,173.7674491908126,-71.05346275028006,17.804308027002378,0.2041235236534567,0.26799481457339974,0.052984600394914455,0.07783447553386307,0.0025278290419636622,0.003713385516811292,11.368044137954712,0.33734214558709474,152.5523631482081,152.215021002621
140,97.26123476028442,6.978536605834961,0.6549320220947266,0.3761887848377228,0.7504919767379761,0.5013493895530701,0.6628734469413757,0.6115061640739441,0.34620681405067444,0.38857027888298035,0.24717110395431519,0.5046753287315369,0.18820148706436157,0.5966089963912964,104.13962853962013,172.21396078340524,51.89592790328791,48.5456381177735,172.8444089486745,-118.53502236838638,33.426873772859366,0.3034954894378641,0.3656927197984605,0.016139715759146245,0.1436284936206259,0.0007695054194772888,0.006847884180971305,11.368044137954712,0.33734214558709474,152.5523631482081,152.215021002621
141,97.32276058197021,7.040062427520752,0.6560861468315125,0.3762091100215912,0.7504331469535828,0.501430094242096,0.6557192802429199,0.6057063937187195,0.3484576940536499,0.3882453739643097,0.24798224866390228,0.5015980005264282,0.18643778562545776,0.5922457575798035,100.75524245960565,172.620495457653,51.68746415903511,49.387985045198555,171.7910221076705,-55.00757222387623,6.607545630579333,0.14968913235030296,0.07649176724074841,0.0016232350207018675,0.05172522386052854,9.987086843783439e-05,0.0031824368999005016,11.368044137954712,0.33734214558709474,152.5523631482081,152.215021002621
142,97.3692536354065,7.086555480957031,0.6571760773658752,0.3762308359146118,0.7502936720848083,0.5017839074134827,0.6492287516593933,0.5839647650718689,0.34873464703559875,0.38770192861557007,0.24814388155937195,0.4996201694011688,0.18408729135990143,0.5902226567268372,92.55343552090397,173.31175550268767,51.312441094880555,49.926975825944105,171.49623411209745,-176.40929843299287,14.868028532092064,0.48802481316072227,0.06670354360811809,0.00817996851534553,0.04268217494034488,0.0003803117132910419,0.0019844246402780756,11.368044137954712,0.33734214558709474,152.5523631482081,152.215021002621
143,97.41725325584412,7.134555101394653,0.6590810418128967,0.3763940930366516,0.7504844665527344,0.5019676089286804,0.6453292369842529,0.5725226998329163,0.34881913661956787,0.3874712884426117,0.25094521045684814,0.49302923679351807,0.18174587190151215,0.5807566046714783,87.80966822781147,175.4295189461757,50.85937063720281,51.27619435749857,171.1713233634608,-98.82926677008349,44.12042062374578,0.25184163919164404,0.20315426118830865,0.005517879913641895,0.14920019316298025,0.0002648561414751898,0.007161552641042947,11.368044137954712,0.33734214558709474,152.5523631482081,152.215021002621
144,97.46371364593506,7.181015491485596,0.6604862809181213,0.37698349356651306,0.750480592250824,0.5023019909858704,0.6403758525848389,0.5730660557746887,0.35001635551452637,0.3878121078014374,0.25557076930999756,0.4924796223640442,0.1822284460067749,0.5763273239135742,87.04570039430035,179.115304975775,50.67491951587452,50.55018941733155,170.79968740845254,-16.443422709445898,79.3317925739466,0.1072547321893181,0.09589871364321918,0.007197625773054905,0.10025953978715323,0.0003344045011447516,0.004658097328849497,11.368044137954712,0.33734214558709474,152.5523631482081,152.215021002621
145,97.50927710533142,7.226578950881958,0.6603375673294067,0.37639936804771423,0.7504673004150391,0.500646710395813,0.637421727180481,0.5693074464797974,0.3537183105945587,0.3875274360179901,0.26048871874809265,0.48968976736068726,0.18432742357254028,0.5657724142074585,85.31598491547743,177.35283075055156,51.01064350752172,50.341625269137374,170.77567706481807,-37.96277766742667,-38.68174736012562,0.10492148485905733,0.23618905236392368,0.03633029575843715,0.12409416218305817,0.0016553339556473847,0.00565415931995337,11.368044137954712,0.33734214558709474,152.5523631482081,152.215021002621
146,97.55699300765991,7.274294853210449,0.6605321764945984,0.3757171034812927,0.7504620552062988,0.4988093972206116,0.639013946056366,0.5589479207992554,0.35677024722099304,0.38764435052871704,0.26324042677879333,0.48911336064338684,0.19070255756378174,0.5578759908676147,82.20029256384521,176.13809186949788,51.24576432510412,50.3866888074312,170.5699656415415,-65.29672917390974,-25.45773676647743,0.21965780596881687,0.212689813487497,0.03850541585938457,0.05892020106801766,0.0018373206622643305,0.002811430559336594,11.368044137954712,0.33734214558709474,152.5523631482081,152.215021002621
147,97.60464906692505,7.321950912475586,0.6616992354393005,0.37565118074417114,0.7506052255630493,0.49914589524269104,0.6395764946937561,0.5497877597808838,0.3596915304660797,0.3890436589717865,0.2647257447242737,0.49024486541748047,0.1907242387533188,0.5461398363113403,78.76766902497212,170.24394909644144,51.02010322881403,50.531208512190794,170.4278619642462,-72.02911008179518,-123.68086795142051,0.1925761103681561,0.24626825557918822,0.007673511271036383,0.03918095270589413,0.00036568930790420445,0.0018672098042166096,11.368044137954712,0.33734214558709474,152.5523631482081,152.215021002621
148,97.65169167518616,7.368993520736694,0.6625921726226807,0.3756136894226074,0.7506638169288635,0.49875524640083313,0.638665497303009,0.5441420078277588,0.3647536039352417,0.391076922416687,0.2701973617076874,0.4908512830734253,0.19141700863838196,0.5456594824790955,76.48740982744624,168.28855974879585,51.01478879683311,50.18363501616333,170.27402857057945,-48.47221023267626,-41.56634633845705,0.12156593875766,0.01792018848089383,0.008397032505368562,0.11702410145970868,0.00039501831070584687,0.005505118962077279,11.368044137954712,0.33734214558709474,152.5523631482081,152.215021002621
149,97.69889330863953,7.4161951541900635,0.662725031375885,0.3756813108921051,0.7522853016853333,0.49702662229537964,0.635594367980957,0.5363197326660156,0.3657774329185486,0.3928719162940979,0.2762906551361084,0.4914283752441406,0.19632141292095184,0.5409468412399292,72.18022584121093,164.00523029203825,51.870127823793354,48.81130863889895,170.25862235357818,-91.25074009335749,-90.74536500922439,0.17803536835936276,0.14409734085558884,0.05021215642725175,0.12966840337149238,0.0023700958025823704,0.006120560446424799,11.368044137954712,0.33734214558709474,152.5523631482081,152.215021002621
150,97.74660801887512,7.463909864425659,0.6630025506019592,0.37716373801231384,0.75770103931427,0.4937388300895691,0.6363052129745483,0.5285207033157349,0.3665812313556671,0.3952258229255676,0.27842849493026733,0.5009896755218506,0.20185787975788116,0.5370549559593201,66.89956610061057,155.03150212593414,54.69580437140644,46.267641171690684,169.84319268025615,-110.67152487202836,-188.07047390197937,0.16412878554771224,0.14183284887221229,0.13278079549967087,0.20533266325027533,0.006335597182118685,0.009797388528890038,11.368044137954712,0.33734214558709474,152.5523631482081,152.215021002621
151,97.79430103302002,7.511602878570557,0.6588366627693176,0.38147830963134766,0.7635008692741394,0.49003225564956665,0.6369339227676392,0.5175699591636658,0.3704410195350647,0.3996082544326782,0.2813431918621063,0.5116643309593201,0.21345826983451843,0.5248352289199829,58.3199113851735,139.46884603170741,59.56372075648859,44.196961285580585,168.95091944002044,-179.89332126023714,-326.3089232931555,0.22998708315899427,0.35328148147620303,0.14432040283040676,0.23201363046632276,0.006883075013587889,0.011065429359639344,11.368044137954712,0.33734214558709474,152.5523631482081,152.215021002621
152,97.84187841415405,7.55918025970459,0.6588729023933411,0.388500839471817,0.7702450752258301,0.49046626687049866,0.6358243227005005,0.5090849995613098,0.3713526725769043,0.4029974937438965,0.2807328999042511,0.5186744928359985,0.21412672102451324,0.5191037058830261,50.36119044284629,128.44387276511722,63.61688994192343,43.595487755023775,168.04169959263282,-167.27950872088138,-231.72719901356183,0.1798586737213591,0.12128391731117859,0.14204557642825733,0.14789963250695004,0.006758156528130641,0.007036677185366608,11.368044137954712,0.33734214558709474,152.5523631482081,152.215021002621
153,97.88858985900879,7.605891704559326,0.6613675355911255,0.3901323676109314,0.7712777853012085,0.4908141791820526,0.6477881669998169,0.493316650390625,0.37518447637557983,0.4036603271961212,0.28007715940475464,0.5164652466773987,0.21627967059612274,0.508723258972168,43.65174304108024,123.21552383204435,64.20705499109509,44.898568536583355,167.05210198382815,-143.6360494228161,-111.92864937772814,0.42373538231835317,0.22695426644403124,0.023329184434870885,0.049335008606461256,0.0010897399122354445,0.002304509533928657,11.368044137954712,0.33734214558709474,152.5523631482081,152.215021002621
154,97.93563413619995,7.652935981750488,0.6673107743263245,0.390874445438385,0.7704823017120361,0.4954083263874054,0.647584855556488,0.48484688997268677,0.3785049021244049,0.4042869508266449,0.27533257007598877,0.5167689919471741,0.2158336043357849,0.5037649869918823,40.46404235319241,120.199483953223,62.570232074925315,46.238272547963554,165.07477047035096,-67.75958476170781,-64.1106646524896,0.18008992285755046,0.10582151128673592,0.099108934713563,0.10106015970620179,0.004662508196785646,0.004754302166201669,11.368044137954712,0.33734214558709474,152.5523631482081,152.215021002621
155,97.98339462280273,7.7006964683532715,0.6672208309173584,0.39252522587776184,0.7701324224472046,0.4969377815723419,0.6476855278015137,0.48164528608322144,0.37786754965782166,0.4078467786312103,0.26889270544052124,0.5256603360176086,0.21698611974716187,0.5038550496101379,38.29593881710839,109.98147157647192,62.50022503144551,46.10041766083213,164.6382481803259,-45.39534017138079,-213.94280300644238,0.067067706198402,0.02420471570023745,0.03285067452567185,0.2298661238443058,0.0015689642005757417,0.010978517928299672,11.368044137954712,0.33734214558709474,152.5523631482081,152.215021002621
156,98.03059840202332,7.7479002475738525,0.6686487793922424,0.3939633071422577,0.7699973583221436,0.49792176485061646,0.6475005745887756,0.47553640604019165,0.3778335154056549,0.40760183334350586,0.2632923126220703,0.5233696699142456,0.21646037697792053,0.4914526343345642,35.372210553357334,100.41951844348858,62.50632033388731,47.81259256080757,164.2357853222926,-61.93843611734165,-202.56753359303656,0.1294743627708168,0.2629779583342725,0.02104089263354666,0.12818354935620946,0.000993209650477887,0.0060507479635209666,11.368044137954712,0.33734214558709474,152.5523631482081,152.215021002621
157,98.0782117843628,7.79551362991333,0.6687136888504028,0.3949035704135895,0.7675350904464722,0.49818840622901917,0.6349298357963562,0.4663321375846863,0.37896427512168884,0.40724092721939087,0.26334789395332336,0.5153723955154419,0.21506386995315552,0.478736937046051,32.75674778261638,99.72659444484158,62.03054195833757,49.77654354476055,164.1058664066781,-54.93125340462116,-14.553135370777508,0.32722272530855334,0.26866718562095676,0.05201611606901006,0.1679668015502305,0.0024766632222084175,0.007997467542550273,11.368044137954712,0.33734214558709474,152.5523631482081,152.215021002621
158,98.12725377082825,7.844555616378784,0.666037917137146,0.39793190360069275,0.7635807991027832,0.4983242154121399,0.6320992708206177,0.4618350863456726,0.3787282109260559,0.40690019726753235,0.26188087463378906,0.507381021976471,0.21889841556549072,0.4672638773918152,30.314209621823732,96.28149525872409,62.043315102874494,52.19339475481124,164.66884164294348,-49.80504128871711,-70.24795352741812,0.10835032307586998,0.2466640240437883,0.08067827403316513,0.16567257346506892,0.003956622823190681,0.00812491210557086,11.368044137954712,0.33734214558709474,152.5523631482081,152.215021002621
159,98.18981504440308,7.907116889953613,0.6628575921058655,0.4016999900341034,0.7568811178207397,0.4999828636646271,0.6325019598007202,0.45598453283309937,0.3784695863723755,0.40666627883911133,0.2619868814945221,0.49892377853393555,0.22442039847373962,0.46146881580352783,26.787915683714083,96.70498039898004,61.214348030734,54.560610585733684,165.18763533943113,-56.36544361412135,6.769125947370955,0.09373842930574336,0.12794957322731476,0.11032296017401298,0.13519398346260408,0.006901944893031402,0.008457907785074895,11.368044137954712,0.33734214558709474,152.5523631482081,152.215021002621
160,98.2517101764679,7.969012022018433,0.6628437638282776,0.40185272693634033,0.7460952401161194,0.49997761845588684,0.6245447397232056,0.4415898621082306,0.37800681591033936,0.4065934419631958,0.2624959349632263,0.49384576082229614,0.2292221486568451,0.4544306695461273,24.030264572241947,93.10474290707614,57.770679640515525,55.96454975398423,165.6249779999474,-44.553602512459314,-58.166730917280674,0.2657335095327906,0.1376539908896257,0.1742605374636925,0.08245348496189783,0.010785878980001645,0.005103469340921261,11.368044137954712,0.33734214558709474,152.5523631482081,152.215021002621
161,98.31340384483337,8.030705690383911,0.6626743674278259,0.401202529668808,0.7375855445861816,0.49967747926712036,0.6074235439300537,0.4263797402381897,0.3782956004142761,0.4064563810825348,0.27312007546424866,0.49204471707344055,0.27248460054397583,0.44032225012779236,23.35424218839469,51.56636735656399,54.646959401370474,53.80934410373366,166.66043640390328,-10.957727134046298,-673.3004642297375,0.37121470924559397,0.7375927839364022,0.1380204339330657,0.17466490947401236,0.008514986878725993,0.010775719000176045,11.368044137954712,0.33734214558709474,152.5523631482081,152.215021002621
162,98.37594699859619,8.093248844146729,0.6625581979751587,0.40482237935066223,0.7359734773635864,0.4992316961288452,0.5804566144943237,0.4135625958442688,0.37808722257614136,0.40640348196029663,0.27364543080329895,0.48959988355636597,0.29433101415634155,0.4166402816772461,23.28146599235687,35.630670618754735,55.34269183785028,54.30502618480772,166.9453069074665,-1.16361570626591,-254.79522184382083,0.477396851814328,0.5151576045446489,0.02674262147567375,0.03998266155254561,0.0016725678869738856,0.0025006417493275467,11.368044137954712,0.33734214558709474,152.5523631482081,152.215021002621
163,98.42299270629883,8.140294551849365,0.6566840410232544,0.40784522891044617,0.7367963790893555,0.4978826642036438,0.5734478831291199,0.4086431860923767,0.3743380308151245,0.4062730371952057,0.2749132812023163,0.48769131302833557,0.3688647747039795,0.4075033366680145,19.689995004412985,1.1670676704781555,58.21770873069423,54.04172721975527,168.42318024446107,-76.34003532574341,-732.5557342257822,0.18201192104259367,1.5961437453636964,0.03358876181507733,0.04870384030142235,0.0015802070704456135,0.002291306634816614,11.368044137954712,0.33734214558709474,152.5523631482081,152.215021002621
164,98.4700357913971,8.187337636947632,0.6565693616867065,0.41187793016433716,0.7377636432647705,0.497227281332016,0.5782760381698608,0.4062943756580353,0.37391331791877747,0.406368225812912,0.27491214871406555,0.4840030372142792,0.3379840552806854,0.406678169965744,16.73925587079527,12.693899519075167,60.3319483050089,55.141143923890496,168.68601699470534,-62.72418416976744,245.0271240612521,0.11413304336778168,0.6566691379041895,0.024836516581631086,0.07840208566716723,0.0011683863630941808,0.0036882759879221364,11.368044137954712,0.33734214558709474,152.5523631482081,152.215021002621
165,98.51789784431458,8.235199689865112,0.6553670763969421,0.41362056136131287,0.7377830147743225,0.49720022082328796,0.5790101885795593,0.4031349718570709,0.3718222677707672,0.4049125015735626,0.27660804986953735,0.4694291949272156,0.3476548194885254,0.40770354866981506,14.756970634865866,6.862832431506256,61.24707470395906,59.23079874842036,169.2693044045854,-41.41663625141789,-121.83069325551753,0.0677693390003733,0.20318752501689782,0.0006953216363620322,0.30655148080063294,3.32795209542287e-05,0.014672183196011893,11.368044137954712,0.33734214558709474,152.5523631482081,152.215021002621
166,98.57945895195007,8.29676079750061,0.6548946499824524,0.4124016761779785,0.7375246286392212,0.4971526563167572,0.5774291753768921,0.3988018333911896,0.3704637289047241,0.4048895239830017,0.2840096950531006,0.4743364155292511,0.32381001114845276,0.4027802646160126,14.16250238629865,22.142453160736412,61.183100675894345,54.28913661110618,168.80118978822975,-9.65655543573142,248.2024985596499,0.07492649533782957,0.3955056189134336,0.004267752516171464,0.14425676346185357,0.0002627275720096991,0.008880606142623749,11.368044137954712,0.33734214558709474,152.5523631482081,152.215021002621
167,98.62710046768188,8.344402313232422,0.654453456401825,0.41158637404441833,0.7349461317062378,0.49718549847602844,0.5755804777145386,0.3980392515659332,0.36926716566085815,0.40488213300704956,0.28846487402915955,0.4706764221191406,0.2939979135990143,0.39358046650886536,14.873982643156205,46.74038206298447,60.57177706834005,53.58918590931692,168.40743792769317,14.934039060862226,516.3128948440102,0.041976068170380805,0.6548766879120391,0.05412728875618563,0.12102419054133652,0.0025787060787981226,0.005765775877604839,11.368044137954712,0.33734214558709474,152.5523631482081,152.215021002621
168,98.67414283752441,8.391444683074951,0.6569802165031433,0.41341432929039,0.7353515625,0.49841320514678955,0.5781697630882263,0.39736559987068176,0.36929574608802795,0.4052557647228241,0.2880459725856781,0.4632489085197449,0.2645394802093506,0.40287989377975464,14.587291540341138,75.75707760762381,60.653560099297856,57.22104839534841,168.06262280038302,-6.0943167568884,616.8204459462925,0.056873883574274114,0.6566718669792055,0.02748412400197286,0.15814077767140478,0.0012929183260987438,0.007439316950403422,11.368044137954712,0.33734214558709474,152.5523631482081,152.215021002621
169,98.72140574455261,8.43870759010315,0.656879723072052,0.4131789803504944,0.7345463633537292,0.4991305470466614,0.5798256993293762,0.39669591188430786,0.36882442235946655,0.40528398752212524,0.287652850151062,0.4597359895706177,0.28998255729675293,0.3997165262699127,14.391718088062378,53.922394093401756,60.10625155014203,59.001744377234985,168.1519195627675,-4.137990330600607,-461.9835064566582,0.03779342184069094,0.5424756353640074,0.022816836760318447,0.0747911508489854,0.0010783900344805068,0.003534847209107547,11.368044137954712,0.33734214558709474,152.5523631482081,152.215021002621
170,98.76807308197021,8.485374927520752,0.6566884517669678,0.413772314786911,0.7341312170028687,0.5009714961051941,0.5799371004104614,0.39442119002342224,0.36779341101646423,0.4069726765155792,0.287361741065979,0.4785507321357727,0.2852194309234619,0.38909217715263367,13.746270396884263,49.70518375318811,59.78948667856817,51.4116357567481,168.18376813211216,-13.830823160154344,-90.36749413140828,0.04880175736235701,0.2494936127521082,0.040438942365646637,0.40321551536230765,0.001887177768188614,0.01881699450742531,11.368044137954712,0.33734214558709474,152.5523631482081,152.215021002621
171,98.81465792655945,8.531959772109985,0.6565704941749573,0.4134710729122162,0.731540322303772,0.5059276223182678,0.5806428790092468,0.3948068618774414,0.36763429641723633,0.4116562306880951,0.2874208092689514,0.5202456712722778,0.2808452248573303,0.39560365676879883,14.594693498326244,39.472641917705594,57.51793538727043,39.40330214789211,168.10544158423693,18.212427430488123,-219.6538794045358,0.017264840945222633,0.16838738566314126,0.1200495156900394,0.8950331667814898,0.005592488031433222,0.04169498097672512,11.368044137954712,0.33734214558709474,152.5523631482081,152.215021002621
172,98.86269903182983,8.580000877380371,0.6572666764259338,0.4123854339122772,0.728117048740387,0.5103195309638977,0.5809198617935181,0.390837699174881,0.367095947265625,0.41147342324256897,0.2876046299934387,0.5287972688674927,0.2806539833545685,0.3981564939022064,15.04948325069269,37.16462520511719,54.659673900000286,36.65895067812155,168.0422704485265,9.466679623767837,-48.042539812487384,0.08282106296248551,0.053287499629471206,0.11591016664396322,0.17804696575109322,0.0055684525176505914,0.008553573024721034,11.368044137954712,0.33734214558709474,152.5523631482081,152.215021002621
173,98.91074204444885,8.62804388999939,0.6551421284675598,0.41224029660224915,0.7253202199935913,0.5144165754318237,0.5814290642738342,0.3909699320793152,0.35903677344322205,0.41136547923088074,0.2875329256057739,0.5339325666427612,0.2745625972747803,0.40029022097587585,14.890567599987003,35.80200191334318,53.20425824550007,33.89372323934037,167.88475500177225,-3.3077786350720615,-28.362569653564808,0.01095043566320527,0.13434385472235896,0.10325429879152383,0.10690000640362898,0.004960647579809092,0.005135798356622712,11.368044137954712,0.33734214558709474,152.5523631482081,152.215021002621
174,98.95861220359802,8.67591404914856,0.6552293300628662,0.41200417280197144,0.7230254411697388,0.5178117156028748,0.5837413668632507,0.392728716135025,0.3567245304584503,0.41119617223739624,0.2873081564903259,0.5360479354858398,0.27428174018859863,0.4051693379878998,15.425126851818696,34.75759610374103,51.694849448343916,32.41273339456133,167.58960237561394,11.166857627649279,-21.817471012528767,0.060688725134410135,0.10209270066414136,0.08560499372794453,0.04443847310156275,0.004097924673720397,0.0021272767797179157,11.368044137954712,0.33734214558709474,152.5523631482081,152.215021002621
175,99.0066590309143,8.723960876464844,0.6551530361175537,0.4120195209980011,0.7195891737937927,0.5196921825408936,0.5853767395019531,0.3922150433063507,0.3570450246334076,0.41277769207954407,0.28738269209861755,0.5386141538619995,0.2742215692996979,0.4072679579257965,15.576148164532416,34.69069797086442,50.048152629442214,31.646057532303885,167.08130586483466,3.143210928779376,-1.392352765276888,0.035676612131122214,0.04369658679225412,0.08152782281926092,0.0534333010475282,0.003917153224469642,0.002567300588369614,11.368044137954712,0.33734214558709474,152.5523631482081,152.215021002621
176,99.05370020866394,8.771002054214478,0.6543131470680237,0.4118271470069885,0.7112564444541931,0.5241387486457825,0.5875832438468933,0.39355358481407166,0.35625597834587097,0.4126974940299988,0.28778305649757385,0.5370548367500305,0.2745330035686493,0.40475642681121826,16.557266976408116,34.55706563759773,45.820694737126594,31.608579078667123,167.3563859821301,20.856595408760516,-2.8407522868138573,0.0548618559788653,0.053798964489734806,0.20077962830036683,0.03422309881955934,0.009444910183382959,0.001609894874714173,11.368044137954712,0.33734214558709474,152.5523631482081,152.215021002621
177,99.10374355316162,8.821045398712158,0.6543228030204773,0.4120829403400421,0.7039327025413513,0.5258257985115051,0.5876498818397522,0.3943113088607788,0.3546910285949707,0.41261735558509827,0.2897859215736389,0.5347818732261658,0.27654266357421875,0.4048992395401001,17.91772810286436,33.80332363203188,42.38409701189211,30.89380453343037,167.47732013267705,27.185655557439738,-15.061783202774958,0.01519979624298588,0.04025965880757655,0.15018059845678008,0.0605373934722654,0.007515539425440495,0.003029493636524222,11.368044137954712,0.33734214558709474,152.5523631482081,152.215021002621
178,99.16680121421814,8.884103059768677,0.6540462970733643,0.41482657194137573,0.6993043422698975,0.5309484601020813,0.5876224637031555,0.39442211389541626,0.35428792238235474,0.41252580285072327,0.29235589504241943,0.5319490432739258,0.2865842878818512,0.39607545733451843,17.990850442421266,29.843262340542484,40.21692243989432,30.217022734981466,167.3048008247421,1.159610717108064,-62.80063714922756,0.0018101984244399585,0.21199047059935772,0.10948498498384927,0.060656827466312194,0.006903867073889591,0.0038248776671344392,11.368044137954712,0.33734214558709474,152.5523631482081,152.215021002621
179,99.21384501457214,8.93114686012268,0.6533809900283813,0.41644996404647827,0.6943371891975403,0.5351808667182922,0.5866420865058899,0.3945498764514923,0.3544413149356842,0.4108984172344208,0.2948218882083893,0.5309763550758362,0.2923906445503235,0.3920700252056122,18.413001044553905,27.40740985119382,37.94094465192235,29.048232667808353,167.39618575533305,8.973565038452719,-51.7783952618392,0.021015885952307845,0.1499428802644696,0.13871722470526324,0.05634950920669186,0.006525785424695902,0.002650895061165717,11.368044137954712,0.33734214558709474,152.5523631482081,152.215021002621
180,99.26135516166687,8.978657007217407,0.6521101593971252,0.4154552221298218,0.6946237087249756,0.5372506976127625,0.5866252779960632,0.3985794484615326,0.3511434495449066,0.4073844254016876,0.29695647954940796,0.5155143141746521,0.35894975066185,0.3927355110645294,18.669890458849764,0.17329320122865183,37.87712542884517,29.741953074573697,167.99167022313588,5.407043126674992,-573.2273696325399,0.08481571438687514,1.4010150883986476,0.04398150448393562,0.32853380783302194,0.002089567747479157,0.015608689535737501,11.368044137954712,0.33734214558709474,152.5523631482081,152.215021002621
181,99.30939507484436,9.026696920394897,0.6521220803260803,0.4149208664894104,0.6927853226661682,0.5408521890640259,0.5868071913719177,0.4059365391731262,0.349648118019104,0.40700599551200867,0.29670652747154236,0.5305858254432678,0.34841054677963257,0.4153246283531189,20.254854788118266,0.9698244066860079,36.55787036218578,26.417847690001068,168.07089050737247,32.99265599029347,16.580612927306078,0.15319218750329086,0.5188759058281671,0.08417091142558289,0.3137720862219105,0.004043563276955223,0.01507358377962056,11.368044137954712,0.33734214558709474,152.5523631482081,152.215021002621
182,99.35644102096558,9.073742866516113,0.6564918756484985,0.41481003165245056,0.6940990686416626,0.5413123965263367,0.585972785949707,0.4091336131095886,0.35096773505210876,0.4076405465602875,0.2965777814388275,0.5348474979400635,0.36258113384246826,0.4149378836154938,22.727816809696428,5.680128716645329,35.876245965891044,26.12707676119054,167.48678249533282,52.56482705664955,100.12136428977382,0.07023275022095272,0.3013195563607204,0.029588519581202972,0.09062665601016395,0.0013920198980238144,0.004263616775800133,11.368044137954712,0.33734214558709474,152.5523631482081,152.215021002621
183,99.40348625183105,9.120788097381592,0.6582269072532654,0.4109030067920685,0.6948581337928772,0.5418717265129089,0.5831359028816223,0.41138046979904175,0.35079896450042725,0.40747949481010437,0.2963099777698517,0.5378006100654602,0.35021743178367615,0.4134247601032257,24.943015505824043,0.7426051736107682,34.90128787280482,25.654206223126607,167.818032588958,47.086572971908055,-104.95269025574456,0.07692335447298124,0.26476539718343645,0.020042070655828793,0.06302934701602433,0.000942883841025698,0.002965230181669224,11.368044137954712,0.33734214558709474,152.5523631482081,152.215021002621
184,99.45152974128723,9.168831586837769,0.660332441329956,0.4077145457267761,0.6945333480834961,0.5432621836662292,0.5801094174385071,0.4124418795108795,0.3576476275920868,0.40661075711250305,0.2885386049747467,0.4666936993598938,0.3617776334285736,0.3886762857437134,27.01395575814279,5.805958048091837,33.58365010608121,50.56127397916375,168.4084356592726,43.1055336687767,105.39103074724923,0.06675642001129117,0.5685534826183845,0.02972068565444383,1.4888660867057415,0.001427885447869616,0.07153032213830644,11.368044137954712,0.33734214558709474,152.5523631482081,152.215021002621
185,99.49857139587402,9.21587324142456,0.6617797613143921,0.4075382351875305,0.6940341591835022,0.5439856052398682,0.5791440606117249,0.41534730792045593,0.3618532121181488,0.40492570400238037,0.27695658802986145,0.4231957793235779,0.3653198182582855,0.37557756900787354,28.468999351623623,16.17481829910827,32.98094923211493,78.57198294374352,168.3435123715993,30.93096121430581,220.41869789860084,0.06508286104364056,0.2884509458384059,0.01868420479945349,0.9568852726226865,0.0008789359084047722,0.04501346647390471,11.368044137954712,0.33734214558709474,152.5523631482081,152.215021002621
186,99.54661583900452,9.263917684555054,0.6617224216461182,0.4065585434436798,0.6920143961906433,0.5432504415512085,0.5739060640335083,0.41477736830711365,0.36165711283683777,0.40323182940483093,0.26677897572517395,0.41634660959243774,0.372241348028183,0.3715009093284607,30.097810735930775,15.166634277552882,32.36147888138329,82.87325975616274,168.35140625917538,33.90218052654184,-20.98440435280033,0.10966747022318857,0.1671962988828567,0.044737685160322234,0.25533935306220634,0.0021493971704750095,0.012267637027174087,11.368044137954712,0.33734214558709474,152.5523631482081,152.215021002621
187,99.59366464614868,9.310966491699219,0.6601673364639282,0.40646892786026,0.6914880871772766,0.5428124070167542,0.571104884147644,0.4143909513950348,0.3598923981189728,0.4036555290222168,0.26874056458473206,0.4458354413509369,0.36575812101364136,0.37492769956588745,30.21206361594503,11.330119118223896,32.579411364122514,66.27671314001215,168.86483201655926,2.428390578833735,-81.54330348000731,0.06010156590258209,0.1558626631965794,0.014553924618169334,0.6281562426623121,0.0006847447925509648,0.029554001917422457,11.368044137954712,0.33734214558709474,152.5523631482081,152.215021002621
188,99.64170360565186,9.359005451202393,0.6649623513221741,0.40649330615997314,0.6925550103187561,0.5436075925827026,0.5715445280075073,0.4140987992286682,0.3616662621498108,0.4037288725376129,0.27758902311325073,0.4798559248447418,0.3558128774166107,0.38007575273513794,31.678970735283,9.745895452579624,31.92143141231391,48.58988270728939,167.95523890621087,30.535780427156265,-32.97789298578804,0.010988232395691475,0.2331165185623014,0.027699515038236217,0.7317469365104661,0.001330655881179384,0.03515236144959779,11.368044137954712,0.33734214558709474,152.5523631482081,152.215021002621
189,99.68874645233154,9.40604829788208,0.6633152961730957,0.40818652510643005,0.6932498812675476,0.5432651042938232,0.5717939734458923,0.41273000836372375,0.36157047748565674,0.4045082628726959,0.279654860496521,0.4927063286304474,0.3500905930995941,0.38250359892845154,30.44123246669652,10.30042373334742,32.85958260692809,43.66222397269713,168.15931671066588,-26.310870960130885,11.787727994939436,0.0295758976072836,0.13213540620294276,0.016467743383738527,0.2766711203507069,0.0007746895271616497,0.013015397095355673,11.368044137954712,0.33734214558709474,152.5523631482081,152.215021002621
190,99.73678970336914,9.454091548919678,0.6554251909255981,0.40819451212882996,0.6934875845909119,0.5424365401268005,0.571861982345581,0.41243305802345276,0.3609200119972229,0.4045513868331909,0.2798174023628235,0.43678268790245056,0.34480130672454834,0.3777724504470825,27.26314551936532,20.56823469531423,34.86738823672586,69.23772309690703,169.2740719257433,-66.1505389142815,213.72015299154992,0.006340925238594271,0.1477106593078661,0.01794189403400144,1.1640319031993946,0.0008619869191655069,0.055923876941181096,11.368044137954712,0.33734214558709474,152.5523631482081,152.215021002621
191,99.78683614730835,9.504137992858887,0.6547487378120422,0.4043175280094147,0.6982886791229248,0.5409308671951294,0.5710583925247192,0.41107475757598877,0.3554278612136841,0.4033850133419037,0.2797233760356903,0.44880416989326477,0.34124791622161865,0.37940308451652527,26.737250114155252,17.481001159814834,36.36296301492985,60.83885383120381,169.49013003242084,-10.508147309104906,-61.68737062016704,0.03153484396646364,0.07812091705193526,0.10053972597233665,0.2402138644345619,0.00503165575953798,0.01202184969984505,11.368044137954712,0.33734214558709474,152.5523631482081,152.215021002621
192,99.85389804840088,9.571199893951416,0.6543648838996887,0.40436437726020813,0.7077321410179138,0.5401751399040222,0.5711064338684082,0.4109666049480438,0.3553959131240845,0.4029593765735626,0.2788361608982086,0.4482509195804596,0.3468013107776642,0.38043108582496643,25.145725227464144,14.330792228303086,40.113970910658374,61.226153133015174,169.3543845657689,-23.732176701868116,-46.974644025751935,0.001764676494562022,0.08421683330319436,0.14126728573096273,0.015591260304023264,0.009473652743299898,0.0010455795564162863,11.368044137954712,0.33734214558709474,152.5523631482081,152.215021002621
193,99.91495132446289,9.632253170013428,0.6575635075569153,0.4025397002696991,0.7155237793922424,0.5400857329368591,0.5721208453178406,0.41096580028533936,0.358856737613678,0.4018081724643707,0.2870689034461975,0.5120432376861572,0.3303670287132263,0.40260079503059387,25.150160837362236,11.488210748988141,42.030609541589904,34.40662702841595,168.81919001844736,0.07265146416691472,-46.559032744250096,0.01661518978185094,0.45201126473265696,0.12762871741808016,1.0535284656315385,0.0077921513179665305,0.06432136425138994,11.368044137954712,0.33734214558709474,152.5523631482081,152.215021002621
194,99.97709250450134,9.69439435005188,0.6588009595870972,0.40271997451782227,0.7177661657333374,0.5394277572631836,0.5735490918159485,0.41087791323661804,0.3640332520008087,0.4010084867477417,0.2919478118419647,0.50279301404953,0.3254433870315552,0.4014723002910614,24.955706207330632,17.0133909445627,42.75503117995774,35.95520957399281,168.40419870017985,-3.129239417585539,88.91334525922505,0.02302737096401574,0.08128766606330919,0.037606739129275604,0.16829467444856136,0.0023369271468914187,0.010458029664420745,11.368044137954712,0.33734214558709474,152.5523631482081,152.215021002621
195,100.02513265609741,9.74243450164795,0.6605557203292847,0.40027931332588196,0.7203294634819031,0.5393906235694885,0.574016809463501,0.41140836477279663,0.36876416206359863,0.40036651492118835,0.2947688698768616,0.5185040235519409,0.31439685821533203,0.4009269177913666,25.57087214708707,22.583523030140228,42.7691172469464,32.48853428002674,167.39566491082252,12.805245598075308,115.9474294005616,0.01472111925455682,0.23022374828155148,0.053363002017980776,0.33226943230817724,0.0025635667065651503,0.015962273898824732,11.368044137954712,0.33734214558709474,152.5523631482081,152.215021002621
196,100.07248759269714,9.78978943824768,0.661135196685791,0.3987252414226532,0.7230968475341797,0.5392010807991028,0.5749412775039673,0.41168949007987976,0.3696945011615753,0.40041980147361755,0.2953251898288727,0.5356134176254272,0.31302410364151,0.40832704305648804,25.481223864077034,20.89886023051979,43.044751392107095,29.429301798922676,166.4884374747232,-1.8931137796211042,-35.57523081194434,0.020404786104354054,0.15893536706095296,0.05857610014191464,0.36149211497414835,0.0027738675084798877,0.017118436185903627,11.368044137954712,0.33734214558709474,152.5523631482081,152.215021002621
197,100.12053203582764,9.837833881378174,0.6599186062812805,0.3963106572628021,0.7249395847320557,0.5389258861541748,0.575230062007904,0.4130541980266571,0.36941590905189514,0.4002983868122101,0.2991431951522827,0.5326971411705017,0.32551997900009155,0.4072386622428894,25.43465264283298,16.08470741396104,43.14371714896043,29.54803965702036,166.4760661167028,-0.9693362688701078,-100.20207339032038,0.029034118431049277,0.26107461213140143,0.03878019118698446,0.0999981541274108,0.001863172690072727,0.004804355629128679,11.368044137954712,0.33734214558709474,152.5523631482081,152.215021002621
198,100.16957592964172,9.88687777519226,0.6602522134780884,0.39348334074020386,0.7259016036987305,0.5387206673622131,0.5751383900642395,0.4167753756046295,0.37047794461250305,0.4002382159233093,0.29981622099876404,0.5384063720703125,0.3249204456806183,0.4089239239692688,26.70856662918585,16.113586640525696,42.48666669209505,29.29493675985853,166.81696301801776,25.97497644012439,0.5888444884520958,0.07589745216845398,0.03647197849604686,0.02005681271645482,0.11721670135798222,0.0009836641931148383,0.005748763454638418,11.368044137954712,0.33734214558709474,152.5523631482081,152.215021002621
199,100.21762561798096,9.934927463531494,0.6577946543693542,0.3919109106063843,0.7266088724136353,0.5369213819503784,0.5747314095497131,0.4201730489730835,0.3703649640083313,0.39996132254600525,0.304685115814209,0.5249363780021667,0.3476436138153076,0.40816593170166016,27.06397225138967,7.525900631210972,42.994316925271846,30.567800139577507,167.5670527390683,7.39662700192016,-178.72511365079404,0.07121713319453307,0.47317283085311795,0.040235476474373096,0.29808620626803906,0.0019333021047741848,0.014322949309403718,11.368044137954712,0.33734214558709474,152.5523631482081,152.215021002621
200,100.27988910675049,9.997190952301025,0.6563798785209656,0.392077773809433,0.7268397808074951,0.5349940061569214,0.574755847454071,0.4217143654823303,0.3676074147224426,0.3998350501060486,0.3087427318096161,0.5218913555145264,0.36353743076324463,0.40730783343315125,27.075428495711183,0.1893666971979548,43.11583109014815,29.463772597454476,168.18462987413594,0.18399618376536445,-117.83043448094035,0.024757851859061833,0.25563881063017946,0.031176512757430157,0.08147803144229729,0.0019411584519454003,0.005073106495670991,11.368044137954712,0.33734214558709474,152.5523631482081,152.215021002621
201,100.32660293579102,10.043904781341553,0.6554670333862305,0.3908482789993286,0.7275707125663757,0.534481406211853,0.5748849511146545,0.4236307740211487,0.36397409439086914,0.3973913788795471,0.3017745316028595,0.47657549381256104,0.39109447598457336,0.39815250039100647,27.363558242784514,10.567005857311123,42.97373982659307,42.62984929800496,168.3539321877892,6.167975372418287,222.15346875354362,0.04111742392206128,0.6216166375115848,0.019111251437812553,0.9814755316287457,0.000892759732416508,0.04584848019196591,11.368044137954712,0.33734214558709474,152.5523631482081,152.215021002621
202,100.37364530563354,10.090947151184082,0.653965175151825,0.38999420404434204,0.7284516096115112,0.5327866673469543,0.5751362442970276,0.4239363670349121,0.3582417368888855,0.39697808027267456,0.3026856780052185,0.47309669852256775,0.39952605962753296,0.3976238965988159,27.07774310668746,15.944567123894519,43.24978091944928,41.792500124460105,168.08676489200636,-6.075695953537146,114.3131454598135,0.008410407279338823,0.17958570920303565,0.04060180410317459,0.07644464862048428,0.0019100050848954626,0.0035961374328870185,11.368044137954712,0.33734214558709474,152.5523631482081,152.215021002621
203,100.42186284065247,10.139164686203003,0.653424084186554,0.38995447754859924,0.7284573316574097,0.532579243183136,0.5775165557861328,0.4263699948787689,0.34678587317466736,0.3996816575527191,0.30614396929740906,0.5225222110748291,0.39603134989738464,0.41640761494636536,27.1195816413806,21.960371822123737,42.89339312784008,26.390379994114575,168.6910792984731,0.8677037238987911,124.76383738547759,0.07060041356908268,0.3962468843653163,0.0043034774278329045,1.0275588065490153,0.00020750307357966872,0.04954635273877771,11.368044137954712,0.33734214558709474,152.5523631482081,152.215021002621
204,100.46956825256348,10.186870098114014,0.6535523533821106,0.3918377757072449,0.7261917591094971,0.5347146987915039,0.5779433250427246,0.4302707314491272,0.34726712107658386,0.4092003107070923,0.3090255856513977,0.5348988175392151,0.35262438654899597,0.4273739457130432,27.885511996376795,5.1499438421863015,42.14698430815649,25.378399288608254,168.50630713202054,16.05541854297279,-352.3798937381667,0.08225509041707775,0.9384847978289338,0.06526212696821965,0.26637731319655283,0.003113356649207601,0.01270763944978987,11.368044137954712,0.33734214558709474,152.5523631482081,152.215021002621
205,100.51760935783386,10.2349112033844,0.6535758376121521,0.39233723282814026,0.7260575890541077,0.5351603627204895,0.5795783400535583,0.43425092101097107,0.3465211093425751,0.41074705123901367,0.308962881565094,0.5351094603538513,0.3385995328426361,0.4340958893299103,28.529594900440607,0.45333847509005337,41.95801652403487,25.71833883697211,168.77298067025362,13.406912693593817,-97.76222550798397,0.08956761588130258,0.3237337140687132,0.009688002038882391,0.004574782545612993,0.00046542232580966067,0.00021977760986291705,11.368044137954712,0.33734214558709474,152.5523631482081,152.215021002621
206,100.56326866149902,10.28057050704956,0.652865469455719,0.4001297354698181,0.7260189056396484,0.5351611971855164,0.581206202507019,0.4405575394630432,0.34706911444664,0.41171255707740784,0.308733195066452,0.5037239193916321,0.37681958079338074,0.4338974058628082,28.397436160123505,21.658378858690696,43.77826611883994,31.610757558180055,168.55372913294045,-2.894453697460607,464.4188299301741,0.14265050422189862,0.8370816078893278,0.0008474157663325272,0.6874038559600162,3.869241380562209e-05,0.031386381399881064,11.368044137954712,0.33734214558709474,152.5523631482081,152.215021002621
207,100.61048340797424,10.32778525352478,0.6528464555740356,0.3998606503009796,0.727651059627533,0.5341843366622925,0.5814528465270996,0.4429863691329956,0.3465447723865509,0.4113619029521942,0.3050631880760193,0.49981963634490967,0.3146935701370239,0.4311177134513855,28.93086983789556,17.14435560496824,44.59290066026362,34.27394862311508,168.3242851087287,11.298031178712867,-95.60621608106283,0.05170674202948951,1.3171343665875088,0.040287248713270975,0.11348982203881583,0.0019021522341812112,0.005358393175080494,11.368044137954712,0.33734214558709474,152.5523631482081,152.215021002621
208,100.65853071212769,10.375832557678223,0.651465654373169,0.3973871171474457,0.7271512746810913,0.5335544347763062,0.5812450647354126,0.4526008665561676,0.34669095277786255,0.40514931082725525,0.2789577543735504,0.4613156020641327,0.2796122431755066,0.43737104535102844,31.910509509246197,48.767808521468076,44.379606490114206,59.24500351806991,168.49795970310814,62.01471079074387,658.1733038654605,0.2001515495587571,0.7416504460424161,0.01673539064674836,0.9681999461703079,0.0008040904045309933,0.04651939729499133,11.368044137954712,0.33734214558709474,152.5523631482081,152.215021002621
209,100.70571899414062,10.423020839691162,0.6514843106269836,0.39655840396881104,0.7279736995697021,0.5328782796859741,0.5823065638542175,0.4633682668209076,0.34635716676712036,0.4052143692970276,0.2810715436935425,0.48803913593292236,0.27285099029541016,0.4592549502849579,35.19339363119742,54.18547460858284,44.593552221612185,46.98444274570268,168.46017097273202,69.56990129564419,114.80956406993558,0.22928568241957376,0.4853870522401111,0.02256262887164223,0.5680859965849525,0.0010646916941483434,0.0268070022144525,11.368044137954712,0.33734214558709474,152.5523631482081,152.215021002621
210,100.75376200675964,10.47106385231018,0.6501567363739014,0.39682862162590027,0.7290194630622864,0.5296360850334167,0.5741139650344849,0.4633338749408722,0.3465888798236847,0.40507736802101135,0.28001970052719116,0.4901677668094635,0.28149959444999695,0.4676690101623535,36.125876228606614,34.27400258913999,45.605854232043775,46.723390358376854,169.09324906574057,19.409328153581704,-414.4509458085189,0.1705278366195486,0.25115546688535056,0.07090889406046917,0.04942092465017708,0.00340667689214777,0.0023743301066120226,11.368044137954712,0.33734214558709474,152.5523631482081,152.215021002621
211,100.80102062225342,10.518322467803955,0.6507307291030884,0.3970676064491272,0.7289829850196838,0.5294987559318542,0.5819457173347473,0.47776737809181213,0.3536849617958069,0.40742775797843933,0.28409111499786377,0.5043053030967712,0.291570246219635,0.4858935475349426,40.03843580448881,13.584576524355047,45.66235222738345,42.92957759581442,168.9599768702738,82.79039779313081,-437.7916248416218,0.34747948494454334,0.4405949320268151,0.0030066744664744138,0.3113107638888038,0.00014209127252606365,0.014712115689694171,11.368044137954712,0.33734214558709474,152.5523631482081,152.215021002621
212,100.84906244277954,10.566364288330078,0.656883180141449,0.39758267998695374,0.7320258021354675,0.5284954905509949,0.6091095805168152,0.491645485162735,0.35648083686828613,0.4082471430301666,0.27734386920928955,0.5136691331863403,0.2721767723560333,0.48221009969711304,43.45600249160217,46.22186288825012,46.19777766974621,43.570790288115745,167.81970325217242,71.13732680581981,679.3515734098448,0.6349410987505084,0.41089570514214746,0.06669079414781032,0.24023898256486595,0.0032039471631937206,0.011541518083759694,11.368044137954712,0.33734214558709474,152.5523631482081,152.215021002621
213,100.896324634552,10.613626480102539,0.6604751348495483,0.39779579639434814,0.7389371991157532,0.5285833477973938,0.6198827624320984,0.5013046860694885,0.36380815505981445,0.41038647294044495,0.27654382586479187,0.5337761640548706,0.26124316453933716,0.49804165959358215,46.134331089008334,58.44837469503918,48.20020817163545,40.52624771213703,166.6995737501245,56.66958084171609,258.6954042599709,0.30615028452941156,0.4070931839408175,0.14624703418151797,0.42577249117803184,0.0069119553756405525,0.020122941129494573,11.368044137954712,0.33734214558709474,152.5523631482081,152.215021002621
214,100.94394183158875,10.661243677139282,0.6641607284545898,0.3976958692073822,0.7486101984977722,0.527262270450592,0.633050262928009,0.5092090368270874,0.3681054413318634,0.4119164049625397,0.277344286441803,0.5413511991500854,0.24696983397006989,0.514879584312439,48.02508002227905,83.96612665692373,51.01717932490747,39.49098717988643,166.00629936491146,39.70727071170828,535.8936172197227,0.32252620375411256,0.46356354728859284,0.20502665869379147,0.15996763448011897,0.00976279480480736,0.007617210370541535,11.368044137954712,0.33734214558709474,152.5523631482081,152.215021002621
215,100.99267649650574,10.709978342056274,0.6693004965782166,0.3957615792751312,0.7533447742462158,0.5235236287117004,0.6433620452880859,0.5214663147926331,0.37293925881385803,0.411962628364563,0.2801200747489929,0.5382989645004272,0.23831674456596375,0.5199127793312073,55.5906915520254,102.56355472935599,52.08939870719387,40.07176824912187,165.08401769512434,155.24086484707658,381.60574416810925,0.32867608095317163,0.20540707479592787,0.1237869379448495,0.0846557185565599,0.006032714941842746,0.0041256680771611445,11.368044137954712,0.33734214558709474,152.5523631482081,152.215021002621
216,101.03924179077148,10.756543636322021,0.6708637475967407,0.3940335214138031,0.7556741833686829,0.5217303037643433,0.6409047245979309,0.5410512089729309,0.37502461671829224,0.4126383662223816,0.2867460250854492,0.5425254702568054,0.23628726601600647,0.5323972702026367,65.96556186560855,112.85251298087618,52.521919796553576,37.597725150803456,164.83586772664717,222.80263610864358,220.95765556213067,0.4238876347477302,0.27162657207186824,0.06313189569239498,0.16877743653398145,0.0029397553004708223,0.007859170997623297,11.368044137954712,0.33734214558709474,152.5523631482081,152.215021002621
217,101.08691811561584,10.804219961166382,0.6719985008239746,0.39331838488578796,0.7561036348342896,0.5199917554855347,0.63237065076828,0.5514008402824402,0.37919819355010986,0.4134693741798401,0.2971609830856323,0.5462633967399597,0.23404330015182495,0.5456216931343079,70.66115366315319,121.12436172854511,52.67878866628741,34.33367677940408,164.74342134072748,98.48896308332122,173.5001339694791,0.2813633102545251,0.281344124406092,0.03756170228336815,0.23209458020225981,0.001790803919769012,0.011065416600338386,11.368044137954712,0.33734214558709474,152.5523631482081,152.215021002621
218,101.1346423625946,10.851944208145142,0.6722903251647949,0.3931456506252289,0.7558766603469849,0.5194136500358582,0.6102542877197266,0.559246838092804,0.3836785852909088,0.4142748713493347,0.30221351981163025,0.5430951714515686,0.22850382328033447,0.5491880178451538,71.79473428558293,127.03430569348617,52.60635515576473,33.95031884266941,164.57827026796429,23.75271888384662,123.83524809875688,0.4917176199147447,0.1380473817175341,0.013013642395322092,0.12496174386929237,0.0006210662837676103,0.005963705127314628,11.368044137954712,0.33734214558709474,152.5523631482081,152.215021002621
219,101.1826844215393,10.899986267089844,0.6721070408821106,0.39314213395118713,0.7548487782478333,0.5194201469421387,0.6095523238182068,0.5766003727912903,0.38839516043663025,0.4145260751247406,0.3077012598514557,0.5408742427825928,0.22860869765281677,0.5551607012748718,78.24750234980661,132.8037771521681,52.289127184248755,33.948448256878365,164.55874416095597,134.31497745862652,120.09209399877626,0.36151086711129116,0.12434113430482256,0.021395890474607614,0.12322784723019901,0.0010279026313554903,0.005920119500261972,11.368044137954712,0.33734214558709474,152.5523631482081,152.215021002621
220,101.24526023864746,10.962562084197998,0.6733245253562927,0.39246809482574463,0.7545074224472046,0.5186404585838318,0.6136971116065979,0.5955647230148315,0.38993898034095764,0.41444942355155945,0.3089451491832733,0.5372841954231262,0.22667919099330902,0.5546836256980896,85.88926728028235,135.34193512591753,51.94620461631335,35.074530397107125,164.45737090183113,122.12009820451775,40.56132370373292,0.31021572716167495,0.03176324310432138,0.013601725245297588,0.06071729364181007,0.000851139071305107,0.0037994342622320065,11.368044137954712,0.33734214558709474,152.5523631482081,152.215021002621
221,101.29330062866211,11.010602474212646,0.6732524633407593,0.3919939398765564,0.7541653513908386,0.5158830881118774,0.6244572401046753,0.6060898900032043,0.3891153335571289,0.41283079981803894,0.30835267901420593,0.5254626274108887,0.22360408306121826,0.5677283406257629,91.66822788347088,152.14870867784236,52.25538667367438,37.75148841585499,164.4084382778046,120.29379031740598,349.8467341085309,0.3133174760719791,0.27897923619225284,0.05783690779908189,0.24638445540910026,0.002778507607909156,0.011836405331399933,11.368044137954712,0.33734214558709474,152.5523631482081,152.215021002621
222,101.34034967422485,11.05765151977539,0.6698058247566223,0.39074787497520447,0.751089870929718,0.515815258026123,0.632000744342804,0.6159347891807556,0.38898760080337524,0.41128310561180115,0.30788546800613403,0.5262858271598816,0.2196824550628662,0.588884174823761,97.03340669174264,160.55583852801894,52.00429031821358,37.77348486555127,164.04837754358775,114.0337438113769,178.68863756151885,0.2636117449870059,0.4573150738618614,0.06538343836039985,0.02011822233976298,0.003076228370467326,0.0009465431595049255,11.368044137954712,0.33734214558709474,152.5523631482081,152.215021002621
223,101.38779830932617,11.105100154876709,0.6698392629623413,0.3906477689743042,0.7507835030555725,0.5166824460029602,0.6376698017120361,0.6320638060569763,0.38943561911582947,0.4105633795261383,0.3082396388053894,0.5306184887886047,0.21930348873138428,0.5963414311408997,102.85849091611863,160.53541416936042,51.95969656634976,36.5395060970045,163.07671864412646,122.76610722178887,-0.43045197432768617,0.3603116868629884,0.15736763209791746,0.019383388236340327,0.09161724581389845,0.000919715315453299,0.004347113265611454,11.368044137954712,0.33734214558709474,152.5523631482081,152.215021002621
224,101.43484020233154,11.15214204788208,0.6682215332984924,0.38840770721435547,0.7478898763656616,0.5167524814605713,0.6483688950538635,0.6360788345336914,0.3899226784706116,0.41016897559165955,0.3091140389442444,0.5321382880210876,0.21922530233860016,0.5858369469642639,108.34169747738787,154.37945437233807,50.77899091952109,36.07608165697752,163.1592564905635,116.5600746688316,-130.86122610583465,0.24292483724300865,0.22330681181798928,0.06152971165119185,0.03727287953857326,0.0028944741121467023,0.0017533868112556488,11.368044137954712,0.33734214558709474,152.5523631482081,152.215021002621
225,101.48199963569641,11.199301481246948,0.6677544116973877,0.3853438198566437,0.7442905306816101,0.516910970211029,0.6558858156204224,0.6434326171875,0.3911364674568176,0.4082326889038086,0.3088533580303192,0.5338953137397766,0.21465589106082916,0.5900485515594482,114.86906531810652,154.01665576140755,48.88722767109884,35.749928564756424,163.07396432874253,138.4106503192482,-7.693023114242833,0.22298418514514917,0.13177148308598147,0.07639687497479199,0.037664964917622654,0.0036028333346578667,0.0017762584032227225,11.368044137954712,0.33734214558709474,152.5523631482081,152.215021002621
226,101.52971506118774,11.247016906738281,0.6678877472877502,0.38447079062461853,0.7370603084564209,0.5170295238494873,0.6742113828659058,0.6509114503860474,0.39090704917907715,0.4073251485824585,0.30761003494262695,0.5352261662483215,0.21352282166481018,0.6026644110679626,127.29626123291126,158.7062093749957,45.93991658144986,35.57883114334421,163.79207388351193,260.4439924162891,98.28171006124533,0.4148115977383393,0.2654621522458483,0.15154835244213682,0.03816939620466853,0.007231194119287055,0.0018212689806530304,11.368044137954712,0.33734214558709474,152.5523631482081,152.215021002621
227,101.59019231796265,11.307494163513184,0.6679791808128357,0.38405731320381165,0.7258340120315552,0.5188117623329163,0.6925210356712341,0.6600996851921082,0.38638922572135925,0.4061695635318756,0.305233359336853,0.5353718996047974,0.21484482288360596,0.6168173551559448,143.49751041009876,164.15489893182402,41.12733501579965,35.32761269085048,164.9328079795209,267.88994807566905,90.09485296445352,0.33873521611817475,0.23503964362946816,0.18795307462988853,0.03937247803262077,0.011366886356024153,0.0023811394638430083,11.368044137954712,0.33734214558709474,152.5523631482081,152.215021002621
228,101.65174341201782,11.36904525756836,0.668053150177002,0.38395464420318604,0.7179808616638184,0.521181046962738,0.6989036202430725,0.6669816970825195,0.38139602541923523,0.40487271547317505,0.30243781208992004,0.5371390581130981,0.2157462239265442,0.6350653767585754,152.5523631482081,169.3180512758654,37.4826316434318,34.52817732277687,165.74268391060835,147.11115825158785,83.88400601641642,0.1524933410262594,0.2968309769163988,0.13326769977912495,0.05373185876879158,0.008202772723621849,0.003307254692837312,11.368044137954712,0.33734214558709474,152.5523631482081,152.215021002621
